id,day,word,meaning,source
d01-001,1,abandon,"방종, 자유방임; 버리다

ad(~에게)+bandon(통제)",https://quizlet.com/kr/1206326833/%EA%B1%B0%EB%A7%8C%EC%96%B4-100-day-01-flash-cards
d01-002,1,abase,"(품위, 지위) 강등시키다

ad(~까지) + baissier(낮추다)",https://quizlet.com/kr/1206326833/%EA%B1%B0%EB%A7%8C%EC%96%B4-100-day-01-flash-cards
d01-003,1,abash,"당황하게 하다, 무안하게 하다

es(완전히) + bair(놀라게하다)",https://quizlet.com/kr/1206326833/%EA%B1%B0%EB%A7%8C%EC%96%B4-100-day-01-flash-cards
d01-004,1,abate,"(불쾌한 것, 심한 것) 약해지다, ; (정도, 세기, 수량) 감소시키다

ad(~까지) + batter(때리다)",https://quizlet.com/kr/1206326833/%EA%B1%B0%EB%A7%8C%EC%96%B4-100-day-01-flash-cards
d01-005,1,abbreviate,"(단어, 문장, 글) 줄이다

brevis(짧은)",https://quizlet.com/kr/1206326833/%EA%B1%B0%EB%A7%8C%EC%96%B4-100-day-01-flash-cards
d01-006,1,abdicate,"(왕권, 권리, 의무) 버리다, 포기하다

ab(~로부터 멀리) + dicare(발표하다)",https://quizlet.com/kr/1206326833/%EA%B1%B0%EB%A7%8C%EC%96%B4-100-day-01-flash-cards
d01-007,1,aberrant,"정도를 벗어난, 일탈적인

ab(~로부터 멀리) + errare(헤매다)",https://quizlet.com/kr/1206326833/%EA%B1%B0%EB%A7%8C%EC%96%B4-100-day-01-flash-cards
d01-008,1,abet,"(범죄, 나쁜 짓) 부추기다, 자극하다

ad(~에게) + beter(강요하다)",https://quizlet.com/kr/1206326833/%EA%B1%B0%EB%A7%8C%EC%96%B4-100-day-01-flash-cards
d01-009,1,abeyance,"(일시적) 중단, 중지, 소강상태

a(~를 향해) + beer(벌리다)",https://quizlet.com/kr/1206326833/%EA%B1%B0%EB%A7%8C%EC%96%B4-100-day-01-flash-cards
d01-010,1,abhor,"혐오하다, 몹시 싫어하다

ab(~로부터 멀리) + horrere(부들부들 떨다)",https://quizlet.com/kr/1206326833/%EA%B1%B0%EB%A7%8C%EC%96%B4-100-day-01-flash-cards
d01-011,1,abject,"비굴한, 비참한, 절망적인

ab(멀리) + jacere(던지다)",https://quizlet.com/kr/1206326833/%EA%B1%B0%EB%A7%8C%EC%96%B4-100-day-01-flash-cards
d01-012,1,abjure,"(신념, 주장) 버리다, 포기하다

ab(멀리) + jurare(맹세하다)",https://quizlet.com/kr/1206326833/%EA%B1%B0%EB%A7%8C%EC%96%B4-100-day-01-flash-cards
d01-013,1,abnegate,"(권리 등) 포기하다; (쾌락 등) 자제하다

ab(멀리) + negare(부인하다)",https://quizlet.com/kr/1206326833/%EA%B1%B0%EB%A7%8C%EC%96%B4-100-day-01-flash-cards
d01-014,1,abominate,"증오하다, 혐오하다

ab(~로부터 멀리) + omen(불길한 징조)",https://quizlet.com/kr/1206326833/%EA%B1%B0%EB%A7%8C%EC%96%B4-100-day-01-flash-cards
d01-015,1,abrade,"마모시키다

ab(~로부터 멀리) + radere(문지르다)",https://quizlet.com/kr/1206326833/%EA%B1%B0%EB%A7%8C%EC%96%B4-100-day-01-flash-cards
d01-016,1,abreast of,"~와 나란히 하는, 뒤떨어지지 않는, (최신 정보 등) 알고 있는

a(~를 향해) + breast(가슴)",https://quizlet.com/kr/1206326833/%EA%B1%B0%EB%A7%8C%EC%96%B4-100-day-01-flash-cards
d01-017,1,abridge,"요약하다, 축약하다; 감소하다, 제한하다

brevis(짧은)",https://quizlet.com/kr/1206326833/%EA%B1%B0%EB%A7%8C%EC%96%B4-100-day-01-flash-cards
d01-018,1,abrogate,"(법령, 관습) 공식적으로 폐지하다, 철폐하다

ab(~로부터 멀리) + rogare(입법제안)",https://quizlet.com/kr/1206326833/%EA%B1%B0%EB%A7%8C%EC%96%B4-100-day-01-flash-cards
d01-019,1,absolve,"면죄하다, (책임, 의무) 면제하다

ab(~로부터 멀리) + solvere(풀어주다)",https://quizlet.com/kr/1206326833/%EA%B1%B0%EB%A7%8C%EC%96%B4-100-day-01-flash-cards
d01-020,1,abstain,"삼가다, 절제하다; 기권하다

ab(~로부터 멀리) + tenere(붙들다)",https://quizlet.com/kr/1206326833/%EA%B1%B0%EB%A7%8C%EC%96%B4-100-day-01-flash-cards
d01-021,1,abstemious,"(음식, 음주) 절제하는

ab(~로부터 멀리) + tementum(술)",https://quizlet.com/kr/1206326833/%EA%B1%B0%EB%A7%8C%EC%96%B4-100-day-01-flash-cards
d01-022,1,abstract,"분리시켜 생각하다, 괴리시키다

ab(~로부터 멀리) + trahere(당기다)",https://quizlet.com/kr/1206326833/%EA%B1%B0%EB%A7%8C%EC%96%B4-100-day-01-flash-cards
d01-023,1,abstruse,"난해한, 심오한

ab(~로부터 멀리) + turdere(밀다)",https://quizlet.com/kr/1206326833/%EA%B1%B0%EB%A7%8C%EC%96%B4-100-day-01-flash-cards
d01-024,1,abysmal,"심연의, 매우 깊은; 끔찍한, 매우 나쁜

abyssus(끝없는 심연)",https://quizlet.com/kr/1206326833/%EA%B1%B0%EB%A7%8C%EC%96%B4-100-day-01-flash-cards
d01-025,1,accessible,"(서비스, 장소 등) 접근성 있는, 이용하기 쉬운; 이해하기 쉬운

ad(~까지) + cedere(양보하다, 가다)",https://quizlet.com/kr/1206326833/%EA%B1%B0%EB%A7%8C%EC%96%B4-100-day-01-flash-cards
d01-026,1,accession,"동의, 합의; (지위, 권력의) 획득

ad(~까지) + cedere(양보하다, 가다)",https://quizlet.com/kr/1206326833/%EA%B1%B0%EB%A7%8C%EC%96%B4-100-day-01-flash-cards
d01-027,1,acclaim,"칭송하다, 갈채/환호를 보내다; 칭송, 환호, 갈채

ad(~에게) + clamere(고함지르다)",https://quizlet.com/kr/1206326833/%EA%B1%B0%EB%A7%8C%EC%96%B4-100-day-01-flash-cards
d01-028,1,acclimate,"적응하다

ad(~에게) + climat(기후)",https://quizlet.com/kr/1206326833/%EA%B1%B0%EB%A7%8C%EC%96%B4-100-day-01-flash-cards
d01-029,1,accolade,"영광, 영예, 찬양, 포상

ad(~에) + collum(목) = 기사작위 주면서 목 을 끌어 안아 주는 행위",https://quizlet.com/kr/1206326833/%EA%B1%B0%EB%A7%8C%EC%96%B4-100-day-01-flash-cards
d01-030,1,accord,"주다, 부여하다; 조화를 이루다; 동의, 조화, 합의

ad(~에게) + cord(심장)",https://quizlet.com/kr/1206326833/%EA%B1%B0%EB%A7%8C%EC%96%B4-100-day-01-flash-cards
d01-031,1,accountable,"책임 있는, 설명될 수 있는",https://quizlet.com/kr/1206326833/%EA%B1%B0%EB%A7%8C%EC%96%B4-100-day-01-flash-cards
d01-032,1,accrete,"점진적으로 증가하다

ad(~까지) + crescere(커지다)",https://quizlet.com/kr/1206326833/%EA%B1%B0%EB%A7%8C%EC%96%B4-100-day-01-flash-cards
d01-033,1,accrue,"(이자, 이익, 혜택 등) 쌓이다

ad(~까지) + crescere(커지다)",https://quizlet.com/kr/1206326833/%EA%B1%B0%EB%A7%8C%EC%96%B4-100-day-01-flash-cards
d01-034,1,acerbic,"(맛) 신, 쓴; (태도) 신랄한",https://quizlet.com/kr/1206326833/%EA%B1%B0%EB%A7%8C%EC%96%B4-100-day-01-flash-cards
d01-035,1,acknowledge,인정하다; 감사하다,https://quizlet.com/kr/1206326833/%EA%B1%B0%EB%A7%8C%EC%96%B4-100-day-01-flash-cards
d01-036,1,acme,"최정상, 정점",https://quizlet.com/kr/1206326833/%EA%B1%B0%EB%A7%8C%EC%96%B4-100-day-01-flash-cards
d01-037,1,acolyte,"시종, 조수; 시제, 복사; 맹목적 추종자",https://quizlet.com/kr/1206326833/%EA%B1%B0%EB%A7%8C%EC%96%B4-100-day-01-flash-cards
d01-038,1,acquiesce,"(마지못해) 순응하다, 따르다

ad(~에게) + quiescere(쉬다, 침묵하다)",https://quizlet.com/kr/1206326833/%EA%B1%B0%EB%A7%8C%EC%96%B4-100-day-01-flash-cards
d01-039,1,acquisitive,"탐욕스런, 소유욕이 강한

ad(~까지) + quaerere(찾아 다니다)",https://quizlet.com/kr/1206326833/%EA%B1%B0%EB%A7%8C%EC%96%B4-100-day-01-flash-cards
d01-040,1,acquit,"무죄를 선고하다

ad(~로) + quitare(풀어주다)",https://quizlet.com/kr/1206326833/%EA%B1%B0%EB%A7%8C%EC%96%B4-100-day-01-flash-cards
d01-041,1,acrid,"(냄새) 콕 쏘는 듯한, (맛) 매운; (말/어조) 신랄한

acer, acri(예리한, 신랄한)",https://quizlet.com/kr/1206326833/%EA%B1%B0%EB%A7%8C%EC%96%B4-100-day-01-flash-cards
d01-042,1,acrimonious,"(말, 논쟁, 싸움) 험악한, 신랄한

acer, acri(예리한, 신랄한)",https://quizlet.com/kr/1206326833/%EA%B1%B0%EB%A7%8C%EC%96%B4-100-day-01-flash-cards
d01-043,1,acumen,"명민함, 통찰력, 혜안

acuere(날카롭게 만들다)",https://quizlet.com/kr/1206326833/%EA%B1%B0%EB%A7%8C%EC%96%B4-100-day-01-flash-cards
d01-044,1,acute,"(상태) 심각한; (사람) 예리한, 예민한; (병) 극성인

acuere(날카롭게 만들다)",https://quizlet.com/kr/1206326833/%EA%B1%B0%EB%A7%8C%EC%96%B4-100-day-01-flash-cards
d01-045,1,ad hoc,"임시로 특별히 만들어진; 임시로, 특별히",https://quizlet.com/kr/1206326833/%EA%B1%B0%EB%A7%8C%EC%96%B4-100-day-01-flash-cards
d01-046,1,adage,"격언, 속담, 금언",https://quizlet.com/kr/1206326833/%EA%B1%B0%EB%A7%8C%EC%96%B4-100-day-01-flash-cards
d01-047,1,adamant,"확고한, 단호한

a(부정어) + daman(길들이다)",https://quizlet.com/kr/1206326833/%EA%B1%B0%EB%A7%8C%EC%96%B4-100-day-01-flash-cards
d01-048,1,adapt,"적응시키다; (새로운 용도/목적에) 맞추다, 조정하다

ad(~에) + aptare(알맞다)",https://quizlet.com/kr/1206326833/%EA%B1%B0%EB%A7%8C%EC%96%B4-100-day-01-flash-cards
d01-049,1,adaptable,"적응성 있는; 융통성 있는

ad(~에) + aptare(알맞다)",https://quizlet.com/kr/1206326833/%EA%B1%B0%EB%A7%8C%EC%96%B4-100-day-01-flash-cards
d01-050,1,address,"(문제 등에 대해) 고심하여 다루다

ad(향해서) + directus(똑바로 둔)",https://quizlet.com/kr/1206326833/%EA%B1%B0%EB%A7%8C%EC%96%B4-100-day-01-flash-cards
d01-051,1,adduce,"(증거, 이유 등을) 제시하다, 인용하다

ad(~를 향해) + ducere(이끌다)",https://quizlet.com/kr/1206326833/%EA%B1%B0%EB%A7%8C%EC%96%B4-100-day-01-flash-cards
d01-052,1,adept,"능숙한

ad(~에) + aptare(알맞다)",https://quizlet.com/kr/1206326833/%EA%B1%B0%EB%A7%8C%EC%96%B4-100-day-01-flash-cards
d01-053,1,adequate,"충분한, 적절한

ad(~에) + aequus(동등한)",https://quizlet.com/kr/1206326833/%EA%B1%B0%EB%A7%8C%EC%96%B4-100-day-01-flash-cards
d01-054,1,adherent,"지지자, 추종자

ad(~에) + haerere(붙어있다)",https://quizlet.com/kr/1206326833/%EA%B1%B0%EB%A7%8C%EC%96%B4-100-day-01-flash-cards
d01-055,1,admonish,"권고하다, 훈계하다, 충고하다",https://quizlet.com/kr/1206326833/%EA%B1%B0%EB%A7%8C%EC%96%B4-100-day-01-flash-cards
d01-056,1,adorn,"장식하다

ad(~에) + ornare(장식하다)",https://quizlet.com/kr/1206326833/%EA%B1%B0%EB%A7%8C%EC%96%B4-100-day-01-flash-cards
d01-057,1,adroit,"솜씨 좋은, 능숙한",https://quizlet.com/kr/1206326833/%EA%B1%B0%EB%A7%8C%EC%96%B4-100-day-01-flash-cards
d01-058,1,adulation,"과찬, 지나친 칭찬",https://quizlet.com/kr/1206326833/%EA%B1%B0%EB%A7%8C%EC%96%B4-100-day-01-flash-cards
d01-059,1,adulterate,(불순물을 섞어) 순도/품질을 떨어뜨리다,https://quizlet.com/kr/1206326833/%EA%B1%B0%EB%A7%8C%EC%96%B4-100-day-01-flash-cards
d01-060,1,adumbrate,"어렴풋이, 대략적으로 보여주다; 전조하다, 예시하다

ad(~에) + umbrare(그림자 드리우다)",https://quizlet.com/kr/1206326833/%EA%B1%B0%EB%A7%8C%EC%96%B4-100-day-01-flash-cards
d01-061,1,advent,"출현, 도래

ad(~에) + venire(오다)",https://quizlet.com/kr/1206326833/%EA%B1%B0%EB%A7%8C%EC%96%B4-100-day-01-flash-cards
d01-062,1,adversary,"적, 원수

ad(~향해) + vertere(돌리다)",https://quizlet.com/kr/1206326833/%EA%B1%B0%EB%A7%8C%EC%96%B4-100-day-01-flash-cards
d01-063,1,adversity,"역경, 고난

ad(~향해) + vertere(돌리다)",https://quizlet.com/kr/1206326833/%EA%B1%B0%EB%A7%8C%EC%96%B4-100-day-01-flash-cards
d01-064,1,advocate,"지지하다, 옹호하다; 옹호자

ad(~에) + vocare(부르다)",https://quizlet.com/kr/1206326833/%EA%B1%B0%EB%A7%8C%EC%96%B4-100-day-01-flash-cards
d01-065,1,aesthetic,"심미적인, 미학적인",https://quizlet.com/kr/1206326833/%EA%B1%B0%EB%A7%8C%EC%96%B4-100-day-01-flash-cards
d01-066,1,affable,"사귀기 쉬운, 붙임성이 있는, 상냥한

ad(~에게) + fari(말하다)",https://quizlet.com/kr/1206326833/%EA%B1%B0%EB%A7%8C%EC%96%B4-100-day-01-flash-cards
d01-067,1,affect,"영향을 미치다; 가장하다, 꾸미다

ad(~에게) + facere(하다, 만들다)",https://quizlet.com/kr/1206326833/%EA%B1%B0%EB%A7%8C%EC%96%B4-100-day-01-flash-cards
d01-068,1,affiliate,"가입하다, 제휴하다, 가맹하다; 친분관계를 맺다, 교제하다

ad(향해서) + filius(아들) 입양하다",https://quizlet.com/kr/1206326833/%EA%B1%B0%EB%A7%8C%EC%96%B4-100-day-01-flash-cards
d01-069,1,affinity,"좋아함; 유사성, 관련성

ad(~에) + finis(경계)",https://quizlet.com/kr/1206326833/%EA%B1%B0%EB%A7%8C%EC%96%B4-100-day-01-flash-cards
d01-070,1,affirm,"단언하다, 확언하다

ad(~에) + firmus(강한)",https://quizlet.com/kr/1206326833/%EA%B1%B0%EB%A7%8C%EC%96%B4-100-day-01-flash-cards
d01-071,1,afflict,"괴롭히다, 고통스럽게 하다

ad(~에) + fligere(때리다, 치다)",https://quizlet.com/kr/1206326833/%EA%B1%B0%EB%A7%8C%EC%96%B4-100-day-01-flash-cards
d01-072,1,affluent,"부유한, 풍성한

ad(~로) + fluere(흐르다)",https://quizlet.com/kr/1206326833/%EA%B1%B0%EB%A7%8C%EC%96%B4-100-day-01-flash-cards
d01-073,1,affront,"모욕; 모욕하다

(to the face 면전에)",https://quizlet.com/kr/1206326833/%EA%B1%B0%EB%A7%8C%EC%96%B4-100-day-01-flash-cards
d01-074,1,aggrandize,"(권력, 힘, 지위, 명성 등) 증대시키다; 강화하다, 증대하다, 과장하다

grandis(큰, 거대한)",https://quizlet.com/kr/1206326833/%EA%B1%B0%EB%A7%8C%EC%96%B4-100-day-01-flash-cards
d01-075,1,aggravate,"악화시키다; 화나게 하다, 짜증나게 하다

ad(증가) + gravis(무거운)",https://quizlet.com/kr/1206326833/%EA%B1%B0%EB%A7%8C%EC%96%B4-100-day-01-flash-cards
d01-076,1,aggregate,"모으다, 종합하다; 총계의; 합계, 총합

ad(향하여) + greg, grex(무리)",https://quizlet.com/kr/1206326833/%EA%B1%B0%EB%A7%8C%EC%96%B4-100-day-01-flash-cards
d01-077,1,aggrieved,"(부당한 대우에) 분개한, 억울해 하는

ad(증가) + gravis(무거운)",https://quizlet.com/kr/1206326833/%EA%B1%B0%EB%A7%8C%EC%96%B4-100-day-01-flash-cards
d01-078,1,agile,"민첩한, 빠른; 영리한

agere(하다)",https://quizlet.com/kr/1206326833/%EA%B1%B0%EB%A7%8C%EC%96%B4-100-day-01-flash-cards
d01-079,1,agitate,"어지럽히다, 괴롭히다; 선동하다

agere(하다)",https://quizlet.com/kr/1206326833/%EA%B1%B0%EB%A7%8C%EC%96%B4-100-day-01-flash-cards
d01-080,1,agog,"몹시 흥분한, 들떠있는

en(안에) + gogue(재미)",https://quizlet.com/kr/1206326833/%EA%B1%B0%EB%A7%8C%EC%96%B4-100-day-01-flash-cards
d01-081,1,agony,큰 고통,https://quizlet.com/kr/1206326833/%EA%B1%B0%EB%A7%8C%EC%96%B4-100-day-01-flash-cards
d01-082,1,ailing,"아픈, 병약한; (경제, 기관 등) 병든, 비틀거리는",https://quizlet.com/kr/1206326833/%EA%B1%B0%EB%A7%8C%EC%96%B4-100-day-01-flash-cards
d01-083,1,airtight,"논박할 수 없는, 빈틈없는",https://quizlet.com/kr/1206326833/%EA%B1%B0%EB%A7%8C%EC%96%B4-100-day-01-flash-cards
d01-084,1,alacrity,"민활, 민첩",https://quizlet.com/kr/1206326833/%EA%B1%B0%EB%A7%8C%EC%96%B4-100-day-01-flash-cards
d01-085,1,albeit,"~이긴 하지만

(although it be ~)",https://quizlet.com/kr/1206326833/%EA%B1%B0%EB%A7%8C%EC%96%B4-100-day-01-flash-cards
d01-086,1,alienate,"소원하게 하다, 멀어지게 하다; 양도하다",https://quizlet.com/kr/1206326833/%EA%B1%B0%EB%A7%8C%EC%96%B4-100-day-01-flash-cards
d01-087,1,align,"제휴하다, 연합하다; 정렬하다

(into line 대열에 맞춰서)",https://quizlet.com/kr/1206326833/%EA%B1%B0%EB%A7%8C%EC%96%B4-100-day-01-flash-cards
d01-088,1,allay,"(두려움, 의심, 염려) 가라앉히다; (고통) 완화시키다

(아래 내려 놓다)",https://quizlet.com/kr/1206326833/%EA%B1%B0%EB%A7%8C%EC%96%B4-100-day-01-flash-cards
d01-089,1,allegorical,"우화적인, 상징적인

allos(다른) + agoria(말하는)",https://quizlet.com/kr/1206326833/%EA%B1%B0%EB%A7%8C%EC%96%B4-100-day-01-flash-cards
d01-090,1,alleviate,"경감하다, 완화하다

ad(~까지) + levare(들어올리다)",https://quizlet.com/kr/1206326833/%EA%B1%B0%EB%A7%8C%EC%96%B4-100-day-01-flash-cards
d01-091,1,allocate,"할당하다, 분배하다

ad(~에) + locare(두다)",https://quizlet.com/kr/1206326833/%EA%B1%B0%EB%A7%8C%EC%96%B4-100-day-01-flash-cards
d01-092,1,alloy,"합금하다; 불순하게 하다; 합금, 혼합",https://quizlet.com/kr/1206326833/%EA%B1%B0%EB%A7%8C%EC%96%B4-100-day-01-flash-cards
d01-093,1,allude,"넌지시 말하다, 암시하다

ad(향해서) + ludere(놀다)",https://quizlet.com/kr/1206326833/%EA%B1%B0%EB%A7%8C%EC%96%B4-100-day-01-flash-cards
d01-094,1,allusive,"암시적인, 비유적인

ad(향해서) + ludere(놀다)",https://quizlet.com/kr/1206326833/%EA%B1%B0%EB%A7%8C%EC%96%B4-100-day-01-flash-cards
d01-095,1,aloof,"쌀쌀맞은, 무관심한, 냉담한

a(~를 향해) + luff(뱃머리를 바람쪽으로)",https://quizlet.com/kr/1206326833/%EA%B1%B0%EB%A7%8C%EC%96%B4-100-day-01-flash-cards
d01-096,1,altruistic,이타적인,https://quizlet.com/kr/1206326833/%EA%B1%B0%EB%A7%8C%EC%96%B4-100-day-01-flash-cards
d01-097,1,amalgamate,"합병시키다, 합하다",https://quizlet.com/kr/1206326833/%EA%B1%B0%EB%A7%8C%EC%96%B4-100-day-01-flash-cards
d01-098,1,amass,모으다,https://quizlet.com/kr/1206326833/%EA%B1%B0%EB%A7%8C%EC%96%B4-100-day-01-flash-cards
d01-099,1,ambient,"주변의, 분위기의",https://quizlet.com/kr/1206326833/%EA%B1%B0%EB%A7%8C%EC%96%B4-100-day-01-flash-cards
d01-100,1,ambiguous,모호한,https://quizlet.com/kr/1206326833/%EA%B1%B0%EB%A7%8C%EC%96%B4-100-day-01-flash-cards
d02-001,2,ambivalent,"상반된 감정이 있는, 양면적인

[ambi(both) + val(vigor, 정력, 힘) + ent : ""두 가지 힘이 함께 있는"" → 양면가치의, 애증을 함께 느끼는",https://quizlet.com/kr/1206326950/%EA%B1%B0%EB%A7%8C%EC%96%B4-100-day-02-flash-cards
d02-002,2,ameliorate,"개선하다.
 Ameli (Imli) improves the taste of food.",https://quizlet.com/kr/1206326950/%EA%B1%B0%EB%A7%8C%EC%96%B4-100-day-02-flash-cards
d02-003,2,amenable,"잘따르는, 순종적인; (특정한 방식으로) ~하기 쉬운

[a < ad(to) + men(lead) + able : ""~쪽으로 이끌 수 있는"" → 순종하는, 따르는 → 다루기 쉬운",https://quizlet.com/kr/1206326950/%EA%B1%B0%EB%A7%8C%EC%96%B4-100-day-02-flash-cards
d02-004,2,amend,"(법 등을) 개정하다, 수정하다.

[a < ab(away) + mend < mendum(fault) : ""잘못을
없애다"" → 잘못을 정정하다 ]",https://quizlet.com/kr/1206326950/%EA%B1%B0%EB%A7%8C%EC%96%B4-100-day-02-flash-cards
d02-005,2,amenity,"편의시설, 쾌적함, 예의",https://quizlet.com/kr/1206326950/%EA%B1%B0%EB%A7%8C%EC%96%B4-100-day-02-flash-cards
d02-006,2,amiable,"친근한

[ami(friend) + able : ""친구 할 수 있는"" → 상냥한, 붙임성 있는, 호감 주는, 친절한]",https://quizlet.com/kr/1206326950/%EA%B1%B0%EB%A7%8C%EC%96%B4-100-day-02-flash-cards
d02-007,2,amicable,"우호적인, 원만한

(amicus 친구)",https://quizlet.com/kr/1206326950/%EA%B1%B0%EB%A7%8C%EC%96%B4-100-day-02-flash-cards
d02-008,2,amity,"우정, 친목

(amicus 친구)",https://quizlet.com/kr/1206326950/%EA%B1%B0%EB%A7%8C%EC%96%B4-100-day-02-flash-cards
d02-009,2,amorphous,"(형태, 정의가) 불명확한

[a(not) + morph(form) + ous : ""형태가 없는"" → 무정형의, 불규칙한 모양의 → 특색[개성]이 뚜렷하지 않은",https://quizlet.com/kr/1206326950/%EA%B1%B0%EB%A7%8C%EC%96%B4-100-day-02-flash-cards
d02-010,2,anachronistic,"시대착오적인; 구시대적인

(an 없는 + arch 원시)",https://quizlet.com/kr/1206326950/%EA%B1%B0%EB%A7%8C%EC%96%B4-100-day-02-flash-cards
d02-011,2,analogous,"유사한

[ana(to) + log(word) + ous : ""단어에 따라 → 단어와 단어가 대응하는"" → 유사한, 닮은]",https://quizlet.com/kr/1206326950/%EA%B1%B0%EB%A7%8C%EC%96%B4-100-day-02-flash-cards
d02-012,2,anathema,저주; 혐오스러운 것,https://quizlet.com/kr/1206326950/%EA%B1%B0%EB%A7%8C%EC%96%B4-100-day-02-flash-cards
d02-013,2,ancillary,"부속의, 보조의",https://quizlet.com/kr/1206326950/%EA%B1%B0%EB%A7%8C%EC%96%B4-100-day-02-flash-cards
d02-014,2,anecdotal,"일화성의, 입증되지 않은

an(not) + ec < ex(out) + dote(give) : ""밖으로 주어지지 않은 것"" → 출판되지 않은 일 → 세상에 알려지지 않은 이야기, 일화 → 숨은 사실, 비화, 비사]",https://quizlet.com/kr/1206326950/%EA%B1%B0%EB%A7%8C%EC%96%B4-100-day-02-flash-cards
d02-015,2,animadversion,"호된 비난
animy + adversion",https://quizlet.com/kr/1206326950/%EA%B1%B0%EB%A7%8C%EC%96%B4-100-day-02-flash-cards
d02-016,2,animated,"활력있는, 활발한",https://quizlet.com/kr/1206326950/%EA%B1%B0%EB%A7%8C%EC%96%B4-100-day-02-flash-cards
d02-017,2,animosity,"적대감, 혐오감

(an 없는 + mosity)",https://quizlet.com/kr/1206326950/%EA%B1%B0%EB%A7%8C%EC%96%B4-100-day-02-flash-cards
d02-018,2,anneal,"강화시키다, 담금질하다",https://quizlet.com/kr/1206326950/%EA%B1%B0%EB%A7%8C%EC%96%B4-100-day-02-flash-cards
d02-019,2,annihilate,"완전히 파괴하다, 전멸시키다.

[an<ad(to) + nihil(nothing) + ate : ""없는 것으로 하다"" →전멸시키다 → 무효로 하다]",https://quizlet.com/kr/1206326950/%EA%B1%B0%EB%A7%8C%EC%96%B4-100-day-02-flash-cards
d02-020,2,annotate,주석(주해)을 달다,https://quizlet.com/kr/1206326950/%EA%B1%B0%EB%A7%8C%EC%96%B4-100-day-02-flash-cards
d02-021,2,annul,"무효로 하다, 취소하다, 폐지하다

(an 없는 nul)",https://quizlet.com/kr/1206326950/%EA%B1%B0%EB%A7%8C%EC%96%B4-100-day-02-flash-cards
d02-022,2,anodyne,"(태도, 입장) 온건한, 자극적이지 않은, 평범한; 진통제

 anodyne ~ a + no + dyne (dying);",https://quizlet.com/kr/1206326950/%EA%B1%B0%EB%A7%8C%EC%96%B4-100-day-02-flash-cards
d02-023,2,anomalous,"변칙적인, 비정상의, 특이한
 anomalous ~ a (not) + nomal",https://quizlet.com/kr/1206326950/%EA%B1%B0%EB%A7%8C%EC%96%B4-100-day-02-flash-cards
d02-024,2,anonymous,"무명의, 익명의

[an(not) + onym(name) + ous : ""이름 없는"" → 익명의, 작자 불명의]",https://quizlet.com/kr/1206326950/%EA%B1%B0%EB%A7%8C%EC%96%B4-100-day-02-flash-cards
d02-025,2,antecede,"선행하다, 앞서다.",https://quizlet.com/kr/1206326950/%EA%B1%B0%EB%A7%8C%EC%96%B4-100-day-02-flash-cards
d02-026,2,antedate,"선행하다, 앞서다.",https://quizlet.com/kr/1206326950/%EA%B1%B0%EB%A7%8C%EC%96%B4-100-day-02-flash-cards
d02-027,2,antediluvian,"태고적인, 노아의 홍수 이전의; 구식의, 너무 오래된

((ante(before) +
diluvian : 노아의 대홍수 이전의, 태고의),",https://quizlet.com/kr/1206326950/%EA%B1%B0%EB%A7%8C%EC%96%B4-100-day-02-flash-cards
d02-028,2,anthropogenic,"(특히 환경오염과 오염물질) 인류의 활동에 의해서 발생한

[anthrop(mankind, 인류) +",https://quizlet.com/kr/1206326950/%EA%B1%B0%EB%A7%8C%EC%96%B4-100-day-02-flash-cards
d02-029,2,anthropomorphism,"신인 동형론, 의인관, 의인화",https://quizlet.com/kr/1206326950/%EA%B1%B0%EB%A7%8C%EC%96%B4-100-day-02-flash-cards
d02-030,2,anticipate,"~보다 앞서다, 예견하다, ~의 선행 모델이 되다.",https://quizlet.com/kr/1206326950/%EA%B1%B0%EB%A7%8C%EC%96%B4-100-day-02-flash-cards
d02-031,2,antidote,"해독제; 해결책

안티 + 독",https://quizlet.com/kr/1206326950/%EA%B1%B0%EB%A7%8C%EC%96%B4-100-day-02-flash-cards
d02-032,2,antipathy,"반감, 혐오감

[anti(against) + pathy(feeling) : ""반대의 감정"" → 반감]",https://quizlet.com/kr/1206326950/%EA%B1%B0%EB%A7%8C%EC%96%B4-100-day-02-flash-cards
d02-033,2,antiquated,"오래된, 고풍스런

(ante 이전에 + quated)",https://quizlet.com/kr/1206326950/%EA%B1%B0%EB%A7%8C%EC%96%B4-100-day-02-flash-cards
d02-034,2,antithesis,"대조, 정반대, 대조법
anti + thesis

[anti(against) + thesis(set) : ""반대로 둠"" → 대조, 정반대]",https://quizlet.com/kr/1206326950/%EA%B1%B0%EB%A7%8C%EC%96%B4-100-day-02-flash-cards
d02-035,2,antithetical,정반대의,https://quizlet.com/kr/1206326950/%EA%B1%B0%EB%A7%8C%EC%96%B4-100-day-02-flash-cards
d02-036,2,apathetic,"무감각한, 무정한, 무관심한

[a(not) + path(feeling) + ethic : ""감정이 없는"" ]",https://quizlet.com/kr/1206326950/%EA%B1%B0%EB%A7%8C%EC%96%B4-100-day-02-flash-cards
d02-037,2,apathy,"무관심, 냉담한",https://quizlet.com/kr/1206326950/%EA%B1%B0%EB%A7%8C%EC%96%B4-100-day-02-flash-cards
d02-038,2,apex,최고점,https://quizlet.com/kr/1206326950/%EA%B1%B0%EB%A7%8C%EC%96%B4-100-day-02-flash-cards
d02-039,2,aphorism,"금언, 격언
 aphorism---> a + phrase..

[ap(떨어져) + hori < horizon(한계, 범위) ]",https://quizlet.com/kr/1206326950/%EA%B1%B0%EB%A7%8C%EC%96%B4-100-day-02-flash-cards
d02-040,2,apocalyptic,"종말론적인, 계시적인, 중요한
 a + po(prophecy) + calyptic(calamity) . So a prophecy of a calamity.
prophecy: 예언
calamity: 재난, 재앙",https://quizlet.com/kr/1206326950/%EA%B1%B0%EB%A7%8C%EC%96%B4-100-day-02-flash-cards
d02-041,2,apocryphal,"출처가 의심스러운, 가짜의

[apo 멀리 + cryph < crypt(숨겨진, 비밀의)]",https://quizlet.com/kr/1206326950/%EA%B1%B0%EB%A7%8C%EC%96%B4-100-day-02-flash-cards
d02-042,2,apologist,"변론자, 옹호자",https://quizlet.com/kr/1206326950/%EA%B1%B0%EB%A7%8C%EC%96%B4-100-day-02-flash-cards
d02-043,2,apostate,"변절자 ,배교자

(apo 멀리, 분리)",https://quizlet.com/kr/1206326950/%EA%B1%B0%EB%A7%8C%EC%96%B4-100-day-02-flash-cards
d02-044,2,appall,"오싹하게, 질겁하게 하다

[ap(to) + pall < pale(창백한)]",https://quizlet.com/kr/1206326950/%EA%B1%B0%EB%A7%8C%EC%96%B4-100-day-02-flash-cards
d02-045,2,apparition,"유령, 갑작스런 유령의 출현

[appar < appear(나타나다) + ition : ""나타난 것"" → 나타내기, 출현 → 갑자기 나타나는 것, 허깨비, 유령]",https://quizlet.com/kr/1206326950/%EA%B1%B0%EB%A7%8C%EC%96%B4-100-day-02-flash-cards
d02-046,2,appease,"(적대감 등을) 달래다, 진정시키다.

(ap(to) + pease < peace(평화))",https://quizlet.com/kr/1206326950/%EA%B1%B0%EB%A7%8C%EC%96%B4-100-day-02-flash-cards
d02-047,2,apposite,"아주 적절한

[ap < ad(to) + posit(put) + e : ""~쪽으로 놓인"" → 가까이 놓인 → 적합한, 적절한, 딱 맞는]",https://quizlet.com/kr/1206326950/%EA%B1%B0%EB%A7%8C%EC%96%B4-100-day-02-flash-cards
d02-048,2,appraise,"감정하다, 가치를 평가하다.

[ap < ad(to) + praise(가치를 두다) : ""~쪽에 가치를 두다"" → 가치를 평가하다, 가격을 매기다 → <사람, 능력을> 평가하다, 감정하다]",https://quizlet.com/kr/1206326950/%EA%B1%B0%EB%A7%8C%EC%96%B4-100-day-02-flash-cards
d02-049,2,appreciable,"상당한, 쉽게 알아볼 수 있는

[ap < ad(to) + prec(value) + iable : ""-에 가치를 매길 수 있는"" → 평가할 수 있는 → 감지할 수 있는 → 쉽게 알아볼 수 있는, 분명한 → 상당한]",https://quizlet.com/kr/1206326950/%EA%B1%B0%EB%A7%8C%EC%96%B4-100-day-02-flash-cards
d02-050,2,appreciate,"감사하다; 높이 평가하다; 이해하다; 가치가 오르다.
n. appreciation 평가, 이해",https://quizlet.com/kr/1206326950/%EA%B1%B0%EB%A7%8C%EC%96%B4-100-day-02-flash-cards
d02-051,2,apprehension,"불안, 이해, 체포",https://quizlet.com/kr/1206326950/%EA%B1%B0%EB%A7%8C%EC%96%B4-100-day-02-flash-cards
d02-052,2,apprehensive,"걱정되는, 불안한, 겁내는

(ap 향해 prehndere 잡다)",https://quizlet.com/kr/1206326950/%EA%B1%B0%EB%A7%8C%EC%96%B4-100-day-02-flash-cards
d02-053,2,apprise,"알려주다, 알리다

[ap < ad(to) + prise(take) : ""~쪽으로 잡다"" → 알리다, 통지하다]",https://quizlet.com/kr/1206326950/%EA%B1%B0%EB%A7%8C%EC%96%B4-100-day-02-flash-cards
d02-054,2,approbation,"공식적인 승인, 찬양

 Ap+PROBATION
[ap < ad(to) + prob < prove(증명하다) + ation : ""~쪽으로 증명함"" → 시인, 승인 → 인가, 재가 → 찬성 → 칭찬, 찬양]",https://quizlet.com/kr/1206326950/%EA%B1%B0%EB%A7%8C%EC%96%B4-100-day-02-flash-cards
d02-055,2,appropriate,"전용하다, 도용하다 ; (비용) 책정하다;

[ap < ad(to) + propri<proper(own) + ate : ""-으로 자기 것으로 만드는""]",https://quizlet.com/kr/1206326950/%EA%B1%B0%EB%A7%8C%EC%96%B4-100-day-02-flash-cards
d02-056,2,approve,"찬성하다, 동의하다; 승인하다.",https://quizlet.com/kr/1206326950/%EA%B1%B0%EB%A7%8C%EC%96%B4-100-day-02-flash-cards
d02-057,2,approximate,"대략의

ad-(~에) + proximus (매우 가까운)",https://quizlet.com/kr/1206326950/%EA%B1%B0%EB%A7%8C%EC%96%B4-100-day-02-flash-cards
d02-058,2,apropos,"~와 관련있는; 시기 적절한;

(ap 멀리 ro + pos 위치)",https://quizlet.com/kr/1206326950/%EA%B1%B0%EB%A7%8C%EC%96%B4-100-day-02-flash-cards
d02-059,2,arbiter,중재자; 권위자,https://quizlet.com/kr/1206326950/%EA%B1%B0%EB%A7%8C%EC%96%B4-100-day-02-flash-cards
d02-060,2,arbitrary,임의적인; 독재적인,https://quizlet.com/kr/1206326950/%EA%B1%B0%EB%A7%8C%EC%96%B4-100-day-02-flash-cards
d02-061,2,arbitrate,중재하다,https://quizlet.com/kr/1206326950/%EA%B1%B0%EB%A7%8C%EC%96%B4-100-day-02-flash-cards
d02-062,2,arcane,"불가사의한, 신비한
 Arcane=ar+cane(Kane)....",https://quizlet.com/kr/1206326950/%EA%B1%B0%EB%A7%8C%EC%96%B4-100-day-02-flash-cards
d02-063,2,archaic,"고대의, 고풍스러운, 구식의
Archealogy - study of old things.. Archaic - The old things on which we study..",https://quizlet.com/kr/1206326950/%EA%B1%B0%EB%A7%8C%EC%96%B4-100-day-02-flash-cards
d02-064,2,archetype,"원형; 전형
 arch + type - so a model for architecture

[그리스어 arche 는 ""아르케, 원형, 본질"". arche (original) + type : ""원래의 형태"" → 원형적인 상태, 본질적인 형태 → 원형, 기초 → 전형, 모법]",https://quizlet.com/kr/1206326950/%EA%B1%B0%EB%A7%8C%EC%96%B4-100-day-02-flash-cards
d02-065,2,ardent,"열렬한

[ard(burn) + ent : ""불태우는"" → 열렬한, 열심인(eager)]",https://quizlet.com/kr/1206326950/%EA%B1%B0%EB%A7%8C%EC%96%B4-100-day-02-flash-cards
d02-066,2,arduous,"힘든, 고된",https://quizlet.com/kr/1206326950/%EA%B1%B0%EB%A7%8C%EC%96%B4-100-day-02-flash-cards
d02-067,2,arid,"매우 건조한; 무미건조한, 재미없는",https://quizlet.com/kr/1206326950/%EA%B1%B0%EB%A7%8C%EC%96%B4-100-day-02-flash-cards
d02-068,2,arraign,"죄를 묻다. 소환하다 ; 비난하다.

 arraign= err+ again.",https://quizlet.com/kr/1206326950/%EA%B1%B0%EB%A7%8C%EC%96%B4-100-day-02-flash-cards
d02-069,2,arrest,"(진행, 성장 등) 막다, 저지하다; 이목을 끌다.

[ar < ad(to) + rog(ask) + ant : ""~쪽으로 요구하는"" → 당치않은, 터무니 없는, 무례한 → 거만한, 오만한 → 거드름 피우는]",https://quizlet.com/kr/1206326950/%EA%B1%B0%EB%A7%8C%EC%96%B4-100-day-02-flash-cards
d02-070,2,articulate,"말이 유창한 ; 유창하고 조리있게 말하다

[arti(joint) + cul(small) + ate : ""작은 마디로 나누다"" → 음절로 나누다 → (각 음절을) 또렷하게 발음하다 → 명확하게 말하다]",https://quizlet.com/kr/1206326950/%EA%B1%B0%EB%A7%8C%EC%96%B4-100-day-02-flash-cards
d02-071,2,artless,"솔직한; 꾸밈없는; 솜씨없는
 without the art of deception",https://quizlet.com/kr/1206326950/%EA%B1%B0%EB%A7%8C%EC%96%B4-100-day-02-flash-cards
d02-072,2,ascendancy,"영향력, 우세함


(ascend + ancy)",https://quizlet.com/kr/1206326950/%EA%B1%B0%EB%A7%8C%EC%96%B4-100-day-02-flash-cards
d02-073,2,ascertain,"확인하다, 규명하다, 명백히 알다.

ascertain(-쪽으로 확실하게 하다→ 확인하다),",https://quizlet.com/kr/1206326950/%EA%B1%B0%EB%A7%8C%EC%96%B4-100-day-02-flash-cards
d02-074,2,ascetic,"금욕적인; 금욕주의자

(a(not) + sce < sense(느낌, 감각) + tic)",https://quizlet.com/kr/1206326950/%EA%B1%B0%EB%A7%8C%EC%96%B4-100-day-02-flash-cards
d02-075,2,ascribe (to),탓이나 덕으로 돌리다.,https://quizlet.com/kr/1206326950/%EA%B1%B0%EB%A7%8C%EC%96%B4-100-day-02-flash-cards
d02-076,2,askance,의심(불신)의 눈으로,https://quizlet.com/kr/1206326950/%EA%B1%B0%EB%A7%8C%EC%96%B4-100-day-02-flash-cards
d02-077,2,asperity,"(말, 태도)신랄함",https://quizlet.com/kr/1206326950/%EA%B1%B0%EB%A7%8C%EC%96%B4-100-day-02-flash-cards
d02-078,2,aspersion,"비방, 비난, 증상

[a < ad(to) + spers(scatter, 흩뿌리다) + ion :비난 흩뿌림]",https://quizlet.com/kr/1206326950/%EA%B1%B0%EB%A7%8C%EC%96%B4-100-day-02-flash-cards
d02-079,2,aspiration,"열망 ,염원",https://quizlet.com/kr/1206326950/%EA%B1%B0%EB%A7%8C%EC%96%B4-100-day-02-flash-cards
d02-080,2,assail,"맹렬히 공격하다.; 강하게 비난하다.

(as < ad(~으로) + salire(jump))",https://quizlet.com/kr/1206326950/%EA%B1%B0%EB%A7%8C%EC%96%B4-100-day-02-flash-cards
d02-081,2,assent,"찬성하다, 동의하다.

{assent(-로 느끼다→가까이 느끼다→찬성하다),",https://quizlet.com/kr/1206326950/%EA%B1%B0%EB%A7%8C%EC%96%B4-100-day-02-flash-cards
d02-082,2,assert,(사실임을) 주장하다; (권리 등) 주장하다.,https://quizlet.com/kr/1206326950/%EA%B1%B0%EB%A7%8C%EC%96%B4-100-day-02-flash-cards
d02-083,2,assertive,"(주장이) 단호한, 확신에 찬, 적극적인",https://quizlet.com/kr/1206326950/%EA%B1%B0%EB%A7%8C%EC%96%B4-100-day-02-flash-cards
d02-084,2,assiduous,"근면 성실한, 면밀한, 철저한

assiduous(-로 앉아 있는→근면한, 끈기있는)",https://quizlet.com/kr/1206326950/%EA%B1%B0%EB%A7%8C%EC%96%B4-100-day-02-flash-cards
d02-085,2,assimilate,"(지식, 정보) 완전히 이해하다, 흡수하다; 동화되다.

[as < ad(to) + simil(like, ~같은) + ate(make) : ""~쪽으로 같게 만들다"" → 같게 하다, 닮게 하다, 맞게 하다 → 일치시키다, 동화시키다 → 자기 것으로 흡수하다 → <다른 나라를> 병합하다]",https://quizlet.com/kr/1206326950/%EA%B1%B0%EB%A7%8C%EC%96%B4-100-day-02-flash-cards
d02-086,2,assorted,"다양한, 여러가지의

[as < ad(to) + sort(kind, 종류) + ed : ""같은 종류 쪽으로 맞춘"" → (같은 종류 끼리) 짜맞춘 → 분류된, 구분된 → 어울리는, 조화된 → 여러 물품을 고루 갖춘, 갖가지의, 잡다한]",https://quizlet.com/kr/1206326950/%EA%B1%B0%EB%A7%8C%EC%96%B4-100-day-02-flash-cards
d02-087,2,assuage,"달래다, 완화시키다.

[as < ad(to) + suage < sugar(sweet, 달콤한, 기분 좋은) : ""~쪽으로 달콤하게 하다""]",https://quizlet.com/kr/1206326950/%EA%B1%B0%EB%A7%8C%EC%96%B4-100-day-02-flash-cards
d02-088,2,assume,"가정하다; 가장하다; (임무, 자리 등) 맡다.

[as < ad(to) + sume(take) : ""-쪽으로 (태도를) 취하다"" → (증거는 없으나) 사실이라고 생각하다, 가정하다, 추정하다(presume) → (역할, 임무를) 맡다, (책임을) 지다 → 꾸미다, 가장하다]",https://quizlet.com/kr/1206326950/%EA%B1%B0%EB%A7%8C%EC%96%B4-100-day-02-flash-cards
d02-089,2,astringent,"신랄한, (맛, 냄새) 신, 떫은

[a < ad(to) + string(draw tight, 팽팽하게 당기다) + ent ]",https://quizlet.com/kr/1206326950/%EA%B1%B0%EB%A7%8C%EC%96%B4-100-day-02-flash-cards
d02-090,2,astute,"명민한, 기민한, 영리한

[astu < astus(cunning, 교활한, 빈틈없는) + te : ""교활한"" → 교묘한(ingenious) → 약삭 빠른, 기민한 → 통찰력 있는. 참고 : shrewd 는 이 모든 의미들을 갖고 있으므로 astute 와 shrewd 는 완벽한 동의어]",https://quizlet.com/kr/1206326950/%EA%B1%B0%EB%A7%8C%EC%96%B4-100-day-02-flash-cards
d02-091,2,asylum,"피난처, (정치적) 망명; 정신병원",https://quizlet.com/kr/1206326950/%EA%B1%B0%EB%A7%8C%EC%96%B4-100-day-02-flash-cards
d02-092,2,atone,"속죄하다

[at + one : ""하나로 하다"" → 온전하게 하다 → 완전하게 해서 원상태로 복구하다 → 벌충하다,
보상하다 → 죄의 보상을 하다 = 속죄하다]",https://quizlet.com/kr/1206326950/%EA%B1%B0%EB%A7%8C%EC%96%B4-100-day-02-flash-cards
d02-093,2,atomize,세분화하다,https://quizlet.com/kr/1206326950/%EA%B1%B0%EB%A7%8C%EC%96%B4-100-day-02-flash-cards
d02-094,2,atrocious,"극악무도한,아주 나쁜,매우 잔인한",https://quizlet.com/kr/1206326950/%EA%B1%B0%EB%A7%8C%EC%96%B4-100-day-02-flash-cards
d02-095,2,atrophy,"(신체) 퇴화(하다); 약화(되다), 감소(하다)",https://quizlet.com/kr/1206326950/%EA%B1%B0%EB%A7%8C%EC%96%B4-100-day-02-flash-cards
d02-096,2,anatomize,해부하다,https://quizlet.com/kr/1206326950/%EA%B1%B0%EB%A7%8C%EC%96%B4-100-day-02-flash-cards
d02-097,2,ape,흉내내다,https://quizlet.com/kr/1206326950/%EA%B1%B0%EB%A7%8C%EC%96%B4-100-day-02-flash-cards
d02-098,2,aplomb,"침착, 평정",https://quizlet.com/kr/1206326950/%EA%B1%B0%EB%A7%8C%EC%96%B4-100-day-02-flash-cards
d02-099,2,appurtenance,부속물,https://quizlet.com/kr/1206326950/%EA%B1%B0%EB%A7%8C%EC%96%B4-100-day-02-flash-cards
d02-100,2,at a premium,많이 부족한,https://quizlet.com/kr/1206326950/%EA%B1%B0%EB%A7%8C%EC%96%B4-100-day-02-flash-cards
d03-001,3,attenuate,"가늘게 하다; 약화시키다.

(ad(~로) + tenurare(가늘고 묽게 만들다))",https://quizlet.com/kr/1206327010/%EA%B1%B0%EB%A7%8C%EC%96%B4-100-day-03-flash-cards
d03-002,3,attest (to),"증명하다, 입증하다.

(ad(~에) + testari(목격하다))",https://quizlet.com/kr/1206327010/%EA%B1%B0%EB%A7%8C%EC%96%B4-100-day-03-flash-cards
d03-003,3,attribute,"탓이나, 덕으로 돌리다

(ad(~에) + tribuere(지정하다))",https://quizlet.com/kr/1206327010/%EA%B1%B0%EB%A7%8C%EC%96%B4-100-day-03-flash-cards
d03-004,3,attrition,"마모, 마멸",https://quizlet.com/kr/1206327010/%EA%B1%B0%EB%A7%8C%EC%96%B4-100-day-03-flash-cards
d03-005,3,attune,"조화를 이루다, (악기, 관계 등을) 조율하다.

(ad(~에) + tonos 긴장, 뻗음)",https://quizlet.com/kr/1206327010/%EA%B1%B0%EB%A7%8C%EC%96%B4-100-day-03-flash-cards
d03-006,3,audacious,"겁 없는, 대단한

(audere(감히 ~해보다, 엄두를 내다))",https://quizlet.com/kr/1206327010/%EA%B1%B0%EB%A7%8C%EC%96%B4-100-day-03-flash-cards
d03-007,3,augment,증가/증대시키다.,https://quizlet.com/kr/1206327010/%EA%B1%B0%EB%A7%8C%EC%96%B4-100-day-03-flash-cards
d03-008,3,augur,"전조가 되다.

(augur(점쟁이, 예언자))",https://quizlet.com/kr/1206327010/%EA%B1%B0%EB%A7%8C%EC%96%B4-100-day-03-flash-cards
d03-009,3,august,"위엄있는, 존엄한, 당당한",https://quizlet.com/kr/1206327010/%EA%B1%B0%EB%A7%8C%EC%96%B4-100-day-03-flash-cards
d03-010,3,auspicious,"길조의, 상서로운, 행운의

(avis(새) + specere(보다))",https://quizlet.com/kr/1206327010/%EA%B1%B0%EB%A7%8C%EC%96%B4-100-day-03-flash-cards
d03-011,3,austere,엄격한; 금욕적인; 꾸밈없는;,https://quizlet.com/kr/1206327010/%EA%B1%B0%EB%A7%8C%EC%96%B4-100-day-03-flash-cards
d03-012,3,authenticate,(진짜임을) 입증하다.,https://quizlet.com/kr/1206327010/%EA%B1%B0%EB%A7%8C%EC%96%B4-100-day-03-flash-cards
d03-013,3,authoritarian,"독재적인

(augere(증가하다, 장려하다, 생겨나다))",https://quizlet.com/kr/1206327010/%EA%B1%B0%EB%A7%8C%EC%96%B4-100-day-03-flash-cards
d03-014,3,authoritative,"권위있는, 믿을만한; 권위적인

(augere(증가하다, 장려하다, 생겨나다))",https://quizlet.com/kr/1206327010/%EA%B1%B0%EB%A7%8C%EC%96%B4-100-day-03-flash-cards
d03-015,3,autocratic,"독재의, 전재적인

(autos(자신의) + kratos(권력))",https://quizlet.com/kr/1206327010/%EA%B1%B0%EB%A7%8C%EC%96%B4-100-day-03-flash-cards
d03-016,3,autonomy,"자율, 자치, 자립, 독립

(autos(자신의) + nomos(법))",https://quizlet.com/kr/1206327010/%EA%B1%B0%EB%A7%8C%EC%96%B4-100-day-03-flash-cards
d03-017,3,avant-garde,"아방가르드, 전위예술

(avant(미리, 앞서) + garde(지키다))",https://quizlet.com/kr/1206327010/%EA%B1%B0%EB%A7%8C%EC%96%B4-100-day-03-flash-cards
d03-018,3,avarice,탐욕,https://quizlet.com/kr/1206327010/%EA%B1%B0%EB%A7%8C%EC%96%B4-100-day-03-flash-cards
d03-019,3,aver,"단언하다, 주장하다, 우기다.

(ad(~에게) + verus(진짜의, 진실한))",https://quizlet.com/kr/1206327010/%EA%B1%B0%EB%A7%8C%EC%96%B4-100-day-03-flash-cards
d03-020,3,aversion,"혐오감

(ab(~로부터) + vertere(돌리다))",https://quizlet.com/kr/1206327010/%EA%B1%B0%EB%A7%8C%EC%96%B4-100-day-03-flash-cards
d03-021,3,avert,"방지하다, 막다, 피하다; (시선을) 돌리다

(ab(~로부터) + vertere(돌리다))",https://quizlet.com/kr/1206327010/%EA%B1%B0%EB%A7%8C%EC%96%B4-100-day-03-flash-cards
d03-022,3,avid,"열심인, 열정적인, 욕심을 내는

(avere(갈망하다))",https://quizlet.com/kr/1206327010/%EA%B1%B0%EB%A7%8C%EC%96%B4-100-day-03-flash-cards
d03-023,3,avow,"공개적으로 주장하다, 고백하다

(ad(~에) + vocre(부르다))",https://quizlet.com/kr/1206327010/%EA%B1%B0%EB%A7%8C%EC%96%B4-100-day-03-flash-cards
d03-024,3,awe,"경외심, 외경",https://quizlet.com/kr/1206327010/%EA%B1%B0%EB%A7%8C%EC%96%B4-100-day-03-flash-cards
d03-025,3,awkward,"(크고 무서워서) 들거나 다루기 힘든; (외모,태도, 솜씨) 서툴고 어색한",https://quizlet.com/kr/1206327010/%EA%B1%B0%EB%A7%8C%EC%96%B4-100-day-03-flash-cards
d03-026,3,awry,"(계획 등) 빗나간, 잘못된; 구부러진, 비뚤어진, 헝클어진

 (a + wrongly)",https://quizlet.com/kr/1206327010/%EA%B1%B0%EB%A7%8C%EC%96%B4-100-day-03-flash-cards
d03-027,3,axiomatic,자명한,https://quizlet.com/kr/1206327010/%EA%B1%B0%EB%A7%8C%EC%96%B4-100-day-03-flash-cards
d03-028,3,backfire,"역효과를 낳다.

(뒤로 불이 붙다.)",https://quizlet.com/kr/1206327010/%EA%B1%B0%EB%A7%8C%EC%96%B4-100-day-03-flash-cards
d03-029,3,backwater,"침체상태; 벽지, 후미진곳, (강의) 잔잔한 후미",https://quizlet.com/kr/1206327010/%EA%B1%B0%EB%A7%8C%EC%96%B4-100-day-03-flash-cards
d03-030,3,badger,"(계속해서) 괴롭히다, 졸라대다",https://quizlet.com/kr/1206327010/%EA%B1%B0%EB%A7%8C%EC%96%B4-100-day-03-flash-cards
d03-031,3,badinage,"가벼운 농담, 가벼운 놀림


(Bad-in-age.)",https://quizlet.com/kr/1206327010/%EA%B1%B0%EB%A7%8C%EC%96%B4-100-day-03-flash-cards
d03-032,3,baffle,당황하게 하다; (계획) 좌절시키다.,https://quizlet.com/kr/1206327010/%EA%B1%B0%EB%A7%8C%EC%96%B4-100-day-03-flash-cards
d03-033,3,bale,"재앙, 불운, 고통, 불행",https://quizlet.com/kr/1206327010/%EA%B1%B0%EB%A7%8C%EC%96%B4-100-day-03-flash-cards
d03-034,3,balk,(말) 갑자기 멈추다; 주저하다; 방해하다;,https://quizlet.com/kr/1206327010/%EA%B1%B0%EB%A7%8C%EC%96%B4-100-day-03-flash-cards
d03-035,3,balkanize,"(서로 적대적인 작은 지역으로) 분열시키다

(발칸. 세계 2차대전의 원흉.)",https://quizlet.com/kr/1206327010/%EA%B1%B0%EB%A7%8C%EC%96%B4-100-day-03-flash-cards
d03-036,3,balky,"(사람, 기계 등) 말을 안 듣는",https://quizlet.com/kr/1206327010/%EA%B1%B0%EB%A7%8C%EC%96%B4-100-day-03-flash-cards
d03-037,3,ballyhoo,"야단법석, 괜한 소란, 지나친 광고",https://quizlet.com/kr/1206327010/%EA%B1%B0%EB%A7%8C%EC%96%B4-100-day-03-flash-cards
d03-038,3,banal,"진부한, 평범한",https://quizlet.com/kr/1206327010/%EA%B1%B0%EB%A7%8C%EC%96%B4-100-day-03-flash-cards
d03-039,3,bane,"맹독, 고통의 원인, 골칫거리",https://quizlet.com/kr/1206327010/%EA%B1%B0%EB%A7%8C%EC%96%B4-100-day-03-flash-cards
d03-040,3,banter,"가벼운 대화, (정감어린) 농담",https://quizlet.com/kr/1206327010/%EA%B1%B0%EB%A7%8C%EC%96%B4-100-day-03-flash-cards
d03-041,3,barb,"(화살촉, 낚시 바늘의) 비늘; 가시 돋친 말",https://quizlet.com/kr/1206327010/%EA%B1%B0%EB%A7%8C%EC%96%B4-100-day-03-flash-cards
d03-042,3,barefaced,"뻔뻔스런, 숨김없는",https://quizlet.com/kr/1206327010/%EA%B1%B0%EB%A7%8C%EC%96%B4-100-day-03-flash-cards
d03-043,3,baroque,"매우 장식적인, 화려한",https://quizlet.com/kr/1206327010/%EA%B1%B0%EB%A7%8C%EC%96%B4-100-day-03-flash-cards
d03-044,3,barrel,"쏜살같이 움직이다, 질주하다.",https://quizlet.com/kr/1206327010/%EA%B1%B0%EB%A7%8C%EC%96%B4-100-day-03-flash-cards
d03-045,3,barring,"~을 제외하면, ~만 아니라면

(bar(막다, 금지하다, 배제하다) + ing)",https://quizlet.com/kr/1206327010/%EA%B1%B0%EB%A7%8C%EC%96%B4-100-day-03-flash-cards
d03-046,3,base,"(도덕적으로) 상스러운, 천한, 비열한


(밑바닥 인생)",https://quizlet.com/kr/1206327010/%EA%B1%B0%EB%A7%8C%EC%96%B4-100-day-03-flash-cards
d03-047,3,bask (in),"(햇볕을 기분 좋게) 쪼이다, 누리다.",https://quizlet.com/kr/1206327010/%EA%B1%B0%EB%A7%8C%EC%96%B4-100-day-03-flash-cards
d03-048,3,bawdy,"(노래, 연극 등) 야한, 외설적인

(bawd(포주) + y)",https://quizlet.com/kr/1206327010/%EA%B1%B0%EB%A7%8C%EC%96%B4-100-day-03-flash-cards
d03-049,3,beatific,"기쁨이 넘치는, 더없이 행복해 하는

(beatus(축복받은) + facere(만들다, 하다))",https://quizlet.com/kr/1206327010/%EA%B1%B0%EB%A7%8C%EC%96%B4-100-day-03-flash-cards
d03-050,3,bedeck,"장식하다, 꾸미다

(be 강조 deck 갑판)",https://quizlet.com/kr/1206327010/%EA%B1%B0%EB%A7%8C%EC%96%B4-100-day-03-flash-cards
d03-051,3,bedizen,"야하게 치장하다

(be(강조) + dizen(장식하다))",https://quizlet.com/kr/1206327010/%EA%B1%B0%EB%A7%8C%EC%96%B4-100-day-03-flash-cards
d03-052,3,bedlam,"대소동, 혼란, 난리법석, 아수라장",https://quizlet.com/kr/1206327010/%EA%B1%B0%EB%A7%8C%EC%96%B4-100-day-03-flash-cards
d03-053,3,befitting,"적당한, 어울리는, 알맞은",https://quizlet.com/kr/1206327010/%EA%B1%B0%EB%A7%8C%EC%96%B4-100-day-03-flash-cards
d03-054,3,befuddle,"혼란, 혼동시키다, 어리둥절하게 하다",https://quizlet.com/kr/1206327010/%EA%B1%B0%EB%A7%8C%EC%96%B4-100-day-03-flash-cards
d03-055,3,beget,"낳다, 일으키다, 발생하다",https://quizlet.com/kr/1206327010/%EA%B1%B0%EB%A7%8C%EC%96%B4-100-day-03-flash-cards
d03-056,3,begrudge,"시기하다; (돈, 시간 등을) 아까워하다

(be 강조 grouchier(불평하다))",https://quizlet.com/kr/1206327010/%EA%B1%B0%EB%A7%8C%EC%96%B4-100-day-03-flash-cards
d03-057,3,beguile,"속이다; 매료시키다.

(be(완전히, 철저히) + guile(속임수))",https://quizlet.com/kr/1206327010/%EA%B1%B0%EB%A7%8C%EC%96%B4-100-day-03-flash-cards
d03-058,3,beholden,"(격식) ~에게 신세를 지고 있는

(be(완전히, 철저히) + hold(붙들다) 보다)",https://quizlet.com/kr/1206327010/%EA%B1%B0%EB%A7%8C%EC%96%B4-100-day-03-flash-cards
d03-059,3,beleaguer,"포위공격하다.; 괴롭히다.

(be(사방에, 온통) + leger(적의 캠프))",https://quizlet.com/kr/1206327010/%EA%B1%B0%EB%A7%8C%EC%96%B4-100-day-03-flash-cards
d03-060,3,belie,"오해하게 하다, 잘못 드러내다; 잘못임을 드러내다; 상반되다",https://quizlet.com/kr/1206327010/%EA%B1%B0%EB%A7%8C%EC%96%B4-100-day-03-flash-cards
d03-061,3,belittle,"하찮게 만들다, 경시하다.

(be(되어라) + little)",https://quizlet.com/kr/1206327010/%EA%B1%B0%EB%A7%8C%EC%96%B4-100-day-03-flash-cards
d03-062,3,bellicose,"호전적인, 싸우기 좋아하는

(bellum(전쟁) + cosus(비슷한)",https://quizlet.com/kr/1206327010/%EA%B1%B0%EB%A7%8C%EC%96%B4-100-day-03-flash-cards
d03-063,3,belligerent,"호전적인; 전쟁중인

(bellum(전쟁) + gerare(일으키다))",https://quizlet.com/kr/1206327010/%EA%B1%B0%EB%A7%8C%EC%96%B4-100-day-03-flash-cards
d03-064,3,bemoan,"슬퍼하다, 한탄하다; 유감스러워 하다.",https://quizlet.com/kr/1206327010/%EA%B1%B0%EB%A7%8C%EC%96%B4-100-day-03-flash-cards
d03-065,3,bemuse,멍하게 하다,https://quizlet.com/kr/1206327010/%EA%B1%B0%EB%A7%8C%EC%96%B4-100-day-03-flash-cards
d03-066,3,benediction,"축복, 축도

(bene(좋은, 잘) + dicere(말하다))",https://quizlet.com/kr/1206327010/%EA%B1%B0%EB%A7%8C%EC%96%B4-100-day-03-flash-cards
d03-067,3,beneficent,"자비로운, 자선을 베푸는, 인정많은, 이익이 되는

(bene(좋은, 잘) + facere(만들다, 하다))",https://quizlet.com/kr/1206327010/%EA%B1%B0%EB%A7%8C%EC%96%B4-100-day-03-flash-cards
d03-068,3,benevolent,"(권위 있는 사람이) 자비심 많은,자애로운, 자선을 행하는

(bene(좋은, 잘) + velle(바라다))",https://quizlet.com/kr/1206327010/%EA%B1%B0%EB%A7%8C%EC%96%B4-100-day-03-flash-cards
d03-069,3,benighted,"무지몽매한


(be(완전히) + night(라틴어 nox))",https://quizlet.com/kr/1206327010/%EA%B1%B0%EB%A7%8C%EC%96%B4-100-day-03-flash-cards
d03-070,3,benign,"친절한, 상냥한; 좋은; 무해한

(bene(좋은, 잘) + genus(태어난))",https://quizlet.com/kr/1206327010/%EA%B1%B0%EB%A7%8C%EC%96%B4-100-day-03-flash-cards
d03-071,3,benignant,"친절한, 다정한, 유익한

(bene(좋은, 잘) + genus(태어난))",https://quizlet.com/kr/1206327010/%EA%B1%B0%EB%A7%8C%EC%96%B4-100-day-03-flash-cards
d03-072,3,bent,"경향, 성향, 소질, 재능",https://quizlet.com/kr/1206327010/%EA%B1%B0%EB%A7%8C%EC%96%B4-100-day-03-flash-cards
d03-073,3,bequeath,"물려주다


(be-(대하여, 관하여) + cwethan(말 하다))",https://quizlet.com/kr/1206327010/%EA%B1%B0%EB%A7%8C%EC%96%B4-100-day-03-flash-cards
d03-074,3,berate,호되게 꾸짖다.,https://quizlet.com/kr/1206327010/%EA%B1%B0%EB%A7%8C%EC%96%B4-100-day-03-flash-cards
d03-075,3,bereave,"(가족을) 잃다, 여의다, 사별하다

(be(강조) + reave(약탈하다, 독일어 rauben))",https://quizlet.com/kr/1206327010/%EA%B1%B0%EB%A7%8C%EC%96%B4-100-day-03-flash-cards
d03-076,3,bereft of,"~가 없는, 빼앗긴;

(be(강조) + reave(약탈하다, 독일어 rauben))",https://quizlet.com/kr/1206327010/%EA%B1%B0%EB%A7%8C%EC%96%B4-100-day-03-flash-cards
d03-077,3,beset,"에워싸다, 둘러싸다; 괴롭히다.


(be-(강조) + settan(두다))",https://quizlet.com/kr/1206327010/%EA%B1%B0%EB%A7%8C%EC%96%B4-100-day-03-flash-cards
d03-078,3,besmirch,"더럽히다, (명성) 훼손하다

(be(온통) + smirch(의태어))",https://quizlet.com/kr/1206327010/%EA%B1%B0%EB%A7%8C%EC%96%B4-100-day-03-flash-cards
d03-079,3,bespeak,"나타내다, 보여주다",https://quizlet.com/kr/1206327010/%EA%B1%B0%EB%A7%8C%EC%96%B4-100-day-03-flash-cards
d03-080,3,bestow,"주다, 부여하다;",https://quizlet.com/kr/1206327010/%EA%B1%B0%EB%A7%8C%EC%96%B4-100-day-03-flash-cards
d03-081,3,betoken,"전조가 되다, 징조가 되다

(be(강조) + tācnian(표시하다))",https://quizlet.com/kr/1206327010/%EA%B1%B0%EB%A7%8C%EC%96%B4-100-day-03-flash-cards
d03-082,3,betray,"배신, 배반하다; (원칙, 신뢰 등을) 저버리다; 은연중에 드러내다.

(e(완전) + tray(배신하다))",https://quizlet.com/kr/1206327010/%EA%B1%B0%EB%A7%8C%EC%96%B4-100-day-03-flash-cards
d03-083,3,bewail,"슬퍼하다, 한탄하다; 유감으로 생각하다, 개탄하다.

(be(강조) + wail)",https://quizlet.com/kr/1206327010/%EA%B1%B0%EB%A7%8C%EC%96%B4-100-day-03-flash-cards
d03-084,3,bewilder,"당황하게 하다, 어리둥절하게 하다;

(be(완전히) + wilder(헤매다))",https://quizlet.com/kr/1206327010/%EA%B1%B0%EB%A7%8C%EC%96%B4-100-day-03-flash-cards
d03-085,3,bifurcate,"두 갈래로 나뉘다.

(bi(두 개의) + furca(포크))",https://quizlet.com/kr/1206327010/%EA%B1%B0%EB%A7%8C%EC%96%B4-100-day-03-flash-cards
d03-086,3,bigot,"편협한 사람 (나와 생각, 종교, 사상 등이 다른 사람을 배척하는 사람)",https://quizlet.com/kr/1206327010/%EA%B1%B0%EB%A7%8C%EC%96%B4-100-day-03-flash-cards
d03-087,3,bilious,"성질 나쁜, 화 잘 내는

(bile 분노, 증오, 담즙)",https://quizlet.com/kr/1206327010/%EA%B1%B0%EB%A7%8C%EC%96%B4-100-day-03-flash-cards
d03-088,3,bilk,"(돈) 사취하다, 속이다.

(balk 파생)",https://quizlet.com/kr/1206327010/%EA%B1%B0%EB%A7%8C%EC%96%B4-100-day-03-flash-cards
d03-089,3,biting,"신랄한, 통렬한",https://quizlet.com/kr/1206327010/%EA%B1%B0%EB%A7%8C%EC%96%B4-100-day-03-flash-cards
d03-090,3,bizarre,"이상한, 별난",https://quizlet.com/kr/1206327010/%EA%B1%B0%EB%A7%8C%EC%96%B4-100-day-03-flash-cards
d03-091,3,bland,"특징 없는, 단조로운

(blandus(부드러운))",https://quizlet.com/kr/1206327010/%EA%B1%B0%EB%A7%8C%EC%96%B4-100-day-03-flash-cards
d03-092,3,blandish,"감언으로 설득하다

(blandus(부드러운))",https://quizlet.com/kr/1206327010/%EA%B1%B0%EB%A7%8C%EC%96%B4-100-day-03-flash-cards
d03-093,3,blare,요란하게 울리다,https://quizlet.com/kr/1206327010/%EA%B1%B0%EB%A7%8C%EC%96%B4-100-day-03-flash-cards
d03-094,3,blasphemy,신성모독,https://quizlet.com/kr/1206327010/%EA%B1%B0%EB%A7%8C%EC%96%B4-100-day-03-flash-cards
d03-095,3,blatant,"뻔한, 명백한; 떠들썩한",https://quizlet.com/kr/1206327010/%EA%B1%B0%EB%A7%8C%EC%96%B4-100-day-03-flash-cards
d03-096,3,blazon,"과시하다, 자랑하다",https://quizlet.com/kr/1206327010/%EA%B1%B0%EB%A7%8C%EC%96%B4-100-day-03-flash-cards
d03-097,3,bleak,"암울한, 황량한",https://quizlet.com/kr/1206327010/%EA%B1%B0%EB%A7%8C%EC%96%B4-100-day-03-flash-cards
d03-098,3,blemish,"흠, 결점",https://quizlet.com/kr/1206327010/%EA%B1%B0%EB%A7%8C%EC%96%B4-100-day-03-flash-cards
d03-099,3,blight,"고사시키다; 해를 가하다, 파괴하다, 망치다",https://quizlet.com/kr/1206327010/%EA%B1%B0%EB%A7%8C%EC%96%B4-100-day-03-flash-cards
d03-100,3,ballon,급증하다,https://quizlet.com/kr/1206327010/%EA%B1%B0%EB%A7%8C%EC%96%B4-100-day-03-flash-cards
d04-001,4,blithe,"명랑한, 쾌활한; 무관심한, 태평스러운;

(blīths 축복)",https://quizlet.com/kr/1206327053/%EA%B1%B0%EB%A7%8C%EC%96%B4-100-day-04-flash-cards
d04-002,4,bludgeon,"위협하다, 강요하다",https://quizlet.com/kr/1206327053/%EA%B1%B0%EB%A7%8C%EC%96%B4-100-day-04-flash-cards
d04-003,4,blunder,"실수하다, (일을) 그르치다",https://quizlet.com/kr/1206327053/%EA%B1%B0%EB%A7%8C%EC%96%B4-100-day-04-flash-cards
d04-004,4,blunt,"(칼날 등이) 무딘, (퉁명)직설적인",https://quizlet.com/kr/1206327053/%EA%B1%B0%EB%A7%8C%EC%96%B4-100-day-04-flash-cards
d04-005,4,blurt,(말을) 불쑥 내뱉다. 무심코 말하다,https://quizlet.com/kr/1206327053/%EA%B1%B0%EB%A7%8C%EC%96%B4-100-day-04-flash-cards
d04-006,4,bluster,"(바람, 파도) 몰아치다
허세부리며 큰 소리로 말하다",https://quizlet.com/kr/1206327053/%EA%B1%B0%EB%A7%8C%EC%96%B4-100-day-04-flash-cards
d04-007,4,boast,"자랑하다, 허풍 떨다
자랑할만할 ~를 가지고 있다",https://quizlet.com/kr/1206327053/%EA%B1%B0%EB%A7%8C%EC%96%B4-100-day-04-flash-cards
d04-008,4,bode,"전조하다, 징조가 되다",https://quizlet.com/kr/1206327053/%EA%B1%B0%EB%A7%8C%EC%96%B4-100-day-04-flash-cards
d04-009,4,bogus,가짜의,https://quizlet.com/kr/1206327053/%EA%B1%B0%EB%A7%8C%EC%96%B4-100-day-04-flash-cards
d04-010,4,boisterous,"시끄러운, 요란한, 거친, 사나운, 난폭한",https://quizlet.com/kr/1206327053/%EA%B1%B0%EB%A7%8C%EC%96%B4-100-day-04-flash-cards
d04-011,4,bolster,"지지하다, 강화하다, 지탱하다",https://quizlet.com/kr/1206327053/%EA%B1%B0%EB%A7%8C%EC%96%B4-100-day-04-flash-cards
d04-012,4,bombastic,"허풍떠는, 허세부리는",https://quizlet.com/kr/1206327053/%EA%B1%B0%EB%A7%8C%EC%96%B4-100-day-04-flash-cards
d04-013,4,boon,"은혜, 행운, 혜택",https://quizlet.com/kr/1206327053/%EA%B1%B0%EB%A7%8C%EC%96%B4-100-day-04-flash-cards
d04-014,4,boorish,"촌뜨기같은, 무례한 (coarse, uncouth)",https://quizlet.com/kr/1206327053/%EA%B1%B0%EB%A7%8C%EC%96%B4-100-day-04-flash-cards
d04-015,4,bootless,"소용없는, 쓸모없는
(*boo=profit
fruitless, futile)",https://quizlet.com/kr/1206327053/%EA%B1%B0%EB%A7%8C%EC%96%B4-100-day-04-flash-cards
d04-016,4,border (on),~에 가깝다,https://quizlet.com/kr/1206327053/%EA%B1%B0%EB%A7%8C%EC%96%B4-100-day-04-flash-cards
d04-017,4,brackish,"소금기 있는, 불쾌한",https://quizlet.com/kr/1206327053/%EA%B1%B0%EB%A7%8C%EC%96%B4-100-day-04-flash-cards
d04-018,4,braggart,자랑쟁이,https://quizlet.com/kr/1206327053/%EA%B1%B0%EB%A7%8C%EC%96%B4-100-day-04-flash-cards
d04-019,4,brandish,"(무기) 휘두르다, 과시하다",https://quizlet.com/kr/1206327053/%EA%B1%B0%EB%A7%8C%EC%96%B4-100-day-04-flash-cards
d04-020,4,brash,"뻔뻔한, 무례한, 건방진
무모한, 성급한",https://quizlet.com/kr/1206327053/%EA%B1%B0%EB%A7%8C%EC%96%B4-100-day-04-flash-cards
d04-021,4,bravado,허세,https://quizlet.com/kr/1206327053/%EA%B1%B0%EB%A7%8C%EC%96%B4-100-day-04-flash-cards
d04-022,4,brazen,철면피의,https://quizlet.com/kr/1206327053/%EA%B1%B0%EB%A7%8C%EC%96%B4-100-day-04-flash-cards
d04-023,4,breach,"(법, 약속) 위반하다
(*breach=break)",https://quizlet.com/kr/1206327053/%EA%B1%B0%EB%A7%8C%EC%96%B4-100-day-04-flash-cards
d04-024,4,breakthrough,"돌파구, (과학 등) 큰 발전",https://quizlet.com/kr/1206327053/%EA%B1%B0%EB%A7%8C%EC%96%B4-100-day-04-flash-cards
d04-025,4,brevity,간결함,https://quizlet.com/kr/1206327053/%EA%B1%B0%EB%A7%8C%EC%96%B4-100-day-04-flash-cards
d04-026,4,bridle,"억제하다, 굴레를 씌우다",https://quizlet.com/kr/1206327053/%EA%B1%B0%EB%A7%8C%EC%96%B4-100-day-04-flash-cards
d04-027,4,bristle,발끈하다,https://quizlet.com/kr/1206327053/%EA%B1%B0%EB%A7%8C%EC%96%B4-100-day-04-flash-cards
d04-028,4,broach,"(이야기를) 꺼내다, 발의하다",https://quizlet.com/kr/1206327053/%EA%B1%B0%EB%A7%8C%EC%96%B4-100-day-04-flash-cards
d04-029,4,bromide,상투적인 말,https://quizlet.com/kr/1206327053/%EA%B1%B0%EB%A7%8C%EC%96%B4-100-day-04-flash-cards
d04-030,4,brook,"참다

(brūcan사용하다, 소유하다)",https://quizlet.com/kr/1206327053/%EA%B1%B0%EB%A7%8C%EC%96%B4-100-day-04-flash-cards
d04-031,4,buccaneer,"해적

(boucan (고기를 요리하고 저장하는 틀) -> 프 랑스어 boucanier 사냥꾼)",https://quizlet.com/kr/1206327053/%EA%B1%B0%EB%A7%8C%EC%96%B4-100-day-04-flash-cards
d04-032,4,bucolic,"전원적인

(*bu=cow)",https://quizlet.com/kr/1206327053/%EA%B1%B0%EB%A7%8C%EC%96%B4-100-day-04-flash-cards
d04-033,4,buffoonery,"익살꾼, 익살 짓

(buffo(광대))",https://quizlet.com/kr/1206327053/%EA%B1%B0%EB%A7%8C%EC%96%B4-100-day-04-flash-cards
d04-034,4,bumbling,"실수를 잘하는, 무능력한

(boom('험, 부움' 의성어) + le(반복동작 동사))",https://quizlet.com/kr/1206327053/%EA%B1%B0%EB%A7%8C%EC%96%B4-100-day-04-flash-cards
d04-035,4,bumptious,"자기주장이 (지나치게)강한,
건방진, 잘난 체하는

(bump + fractious)",https://quizlet.com/kr/1206327053/%EA%B1%B0%EB%A7%8C%EC%96%B4-100-day-04-flash-cards
d04-036,4,bungle,어설픈짓하다,https://quizlet.com/kr/1206327053/%EA%B1%B0%EB%A7%8C%EC%96%B4-100-day-04-flash-cards
d04-037,4,buoy,"기분을 들뜨게 하다

(스페인어 boyar 떠 있다)",https://quizlet.com/kr/1206327053/%EA%B1%B0%EB%A7%8C%EC%96%B4-100-day-04-flash-cards
d04-038,4,buoyant,"부력이 있는, 명랑한

(스페인어 boyar 떠 있다)",https://quizlet.com/kr/1206327053/%EA%B1%B0%EB%A7%8C%EC%96%B4-100-day-04-flash-cards
d04-039,4,burgeon,"급성장하다, 번영하다, 발전하다

(burra(털실))",https://quizlet.com/kr/1206327053/%EA%B1%B0%EB%A7%8C%EC%96%B4-100-day-04-flash-cards
d04-040,4,burnish,"(닦아서) 광내다, (기술 등을) 연마하다

(brun 갈색 brown)",https://quizlet.com/kr/1206327053/%EA%B1%B0%EB%A7%8C%EC%96%B4-100-day-04-flash-cards
d04-041,4,bustle,"부산하게 움직이다, 활기찬

(busk 준비하다)",https://quizlet.com/kr/1206327053/%EA%B1%B0%EB%A7%8C%EC%96%B4-100-day-04-flash-cards
d04-042,4,buttress,"(벽의) 지지대 (=부벽), 지지하다

(boter 때리다, 찌르다)",https://quizlet.com/kr/1206327053/%EA%B1%B0%EB%A7%8C%EC%96%B4-100-day-04-flash-cards
d04-043,4,byzantine,복잡한,https://quizlet.com/kr/1206327053/%EA%B1%B0%EB%A7%8C%EC%96%B4-100-day-04-flash-cards
d04-044,4,cabal,도당,https://quizlet.com/kr/1206327053/%EA%B1%B0%EB%A7%8C%EC%96%B4-100-day-04-flash-cards
d04-045,4,cache,"(귀중품, 무기 등) 은닉처

(cacher숨기다)",https://quizlet.com/kr/1206327053/%EA%B1%B0%EB%A7%8C%EC%96%B4-100-day-04-flash-cards
d04-046,4,cacophony,"불협화음

(kakos(나쁜) + phōnē(소리))",https://quizlet.com/kr/1206327053/%EA%B1%B0%EB%A7%8C%EC%96%B4-100-day-04-flash-cards
d04-047,4,cagey,"터놓지않는, 조심하는",https://quizlet.com/kr/1206327053/%EA%B1%B0%EB%A7%8C%EC%96%B4-100-day-04-flash-cards
d04-048,4,cajole,감언으로 꼬셔서 ~하게 하다,https://quizlet.com/kr/1206327053/%EA%B1%B0%EB%A7%8C%EC%96%B4-100-day-04-flash-cards
d04-049,4,calamity,"재앙, 재난",https://quizlet.com/kr/1206327053/%EA%B1%B0%EB%A7%8C%EC%96%B4-100-day-04-flash-cards
d04-050,4,calculated,"계획된, 의도된",https://quizlet.com/kr/1206327053/%EA%B1%B0%EB%A7%8C%EC%96%B4-100-day-04-flash-cards
d04-051,4,caliber,"능력, 역량, 우수성
(총, 포의) 구경

(qālib틀)",https://quizlet.com/kr/1206327053/%EA%B1%B0%EB%A7%8C%EC%96%B4-100-day-04-flash-cards
d04-052,4,calibrate,"(총의)구경을 재다
(온도계, 자 등) 눈금을 정하다; 조정하다

(qālib틀)",https://quizlet.com/kr/1206327053/%EA%B1%B0%EB%A7%8C%EC%96%B4-100-day-04-flash-cards
d04-053,4,callous,"냉담한, 무감각한
indifferent, apathetic",https://quizlet.com/kr/1206327053/%EA%B1%B0%EB%A7%8C%EC%96%B4-100-day-04-flash-cards
d04-054,4,callow,"미성숙한, 경험이 없는",https://quizlet.com/kr/1206327053/%EA%B1%B0%EB%A7%8C%EC%96%B4-100-day-04-flash-cards
d04-055,4,calumny,"중상, 비방
aspersion, slur",https://quizlet.com/kr/1206327053/%EA%B1%B0%EB%A7%8C%EC%96%B4-100-day-04-flash-cards
d04-056,4,camaraderie,"동지애, 우정
comradeship",https://quizlet.com/kr/1206327053/%EA%B1%B0%EB%A7%8C%EC%96%B4-100-day-04-flash-cards
d04-057,4,camouflage,위장하다,https://quizlet.com/kr/1206327053/%EA%B1%B0%EB%A7%8C%EC%96%B4-100-day-04-flash-cards
d04-058,4,canard,"헛소문, 유언비어",https://quizlet.com/kr/1206327053/%EA%B1%B0%EB%A7%8C%EC%96%B4-100-day-04-flash-cards
d04-059,4,candid,"솔직한, 공정한

(candor 흰색)",https://quizlet.com/kr/1206327053/%EA%B1%B0%EB%A7%8C%EC%96%B4-100-day-04-flash-cards
d04-060,4,canned,"(효과음)녹음된 소리, 바꿀 수 없는, *진부한(formulaic)",https://quizlet.com/kr/1206327053/%EA%B1%B0%EB%A7%8C%EC%96%B4-100-day-04-flash-cards
d04-061,4,canny,약삭빠른,https://quizlet.com/kr/1206327053/%EA%B1%B0%EB%A7%8C%EC%96%B4-100-day-04-flash-cards
d04-062,4,canon,"규범, 기준; 일반적인 규칙, 근본원리;
(작품 질에대한) 권위를 인정받은 문헌 목록, 주요 문헌 문록;
성서의 정경; 진짜 작품(목록), 정본목록;

(*canonize 칭송하다)",https://quizlet.com/kr/1206327053/%EA%B1%B0%EB%A7%8C%EC%96%B4-100-day-04-flash-cards
d04-063,4,cant,"위선적인 말, 은어, 전문어

(cantare 노래하다)",https://quizlet.com/kr/1206327053/%EA%B1%B0%EB%A7%8C%EC%96%B4-100-day-04-flash-cards
d04-064,4,canvass,"(선거구) 유세하다, 여론조사하다, (면밀히 살피다)

(멍석(canvas)에 던져 넣고(멍석말이) 벌주다 - > 의견을 묻다 -> 지지를 호소하다)",https://quizlet.com/kr/1206327053/%EA%B1%B0%EB%A7%8C%EC%96%B4-100-day-04-flash-cards
d04-065,4,caparison,(horse)호화로운 장식,https://quizlet.com/kr/1206327053/%EA%B1%B0%EB%A7%8C%EC%96%B4-100-day-04-flash-cards
d04-066,4,capitulate,"항복하다, 굴복하다
(*cap=머리)",https://quizlet.com/kr/1206327053/%EA%B1%B0%EB%A7%8C%EC%96%B4-100-day-04-flash-cards
d04-067,4,capricious,"변덕스러운, 갑작스러운

(cap(머리, 대가리) + riccio(고슴도치))",https://quizlet.com/kr/1206327053/%EA%B1%B0%EB%A7%8C%EC%96%B4-100-day-04-flash-cards
d04-068,4,captious,"트집잡는

(capere(잡다 붙들다))",https://quizlet.com/kr/1206327053/%EA%B1%B0%EB%A7%8C%EC%96%B4-100-day-04-flash-cards
d04-069,4,captivate,"매료시키다

(capere(잡다 붙들다))",https://quizlet.com/kr/1206327053/%EA%B1%B0%EB%A7%8C%EC%96%B4-100-day-04-flash-cards
d04-070,4,caricature,"희화하다

(caricare 과장하다)",https://quizlet.com/kr/1206327053/%EA%B1%B0%EB%A7%8C%EC%96%B4-100-day-04-flash-cards
d04-071,4,carnal,"육체의, 세속적인

(carn 살)",https://quizlet.com/kr/1206327053/%EA%B1%B0%EB%A7%8C%EC%96%B4-100-day-04-flash-cards
d04-072,4,carping,"트집잡는

carpere 중상모략하다)",https://quizlet.com/kr/1206327053/%EA%B1%B0%EB%A7%8C%EC%96%B4-100-day-04-flash-cards
d04-073,4,castigate,"책망하다, 혹평하다

(castigare 꾸짖다)",https://quizlet.com/kr/1206327053/%EA%B1%B0%EB%A7%8C%EC%96%B4-100-day-04-flash-cards
d04-074,4,casual,"대충하는, 건성의; 우연한; 비형식적인

(casus 떨어지다)",https://quizlet.com/kr/1206327053/%EA%B1%B0%EB%A7%8C%EC%96%B4-100-day-04-flash-cards
d04-075,4,casualty,"(사건, 사고) 사상자",https://quizlet.com/kr/1206327053/%EA%B1%B0%EB%A7%8C%EC%96%B4-100-day-04-flash-cards
d04-076,4,catalyze,"촉진시키다, 촉매작용하다

(kata(아래로) + luein(느슨하게 만들다))",https://quizlet.com/kr/1206327053/%EA%B1%B0%EB%A7%8C%EC%96%B4-100-day-04-flash-cards
d04-077,4,categorical,"절대적인

(katēgoria 선언문)",https://quizlet.com/kr/1206327053/%EA%B1%B0%EB%A7%8C%EC%96%B4-100-day-04-flash-cards
d04-078,4,cater (to),"(요구, 필요를)만족시키려 애쓰다 ,
(음식, 서비스를) 공급하다",https://quizlet.com/kr/1206327053/%EA%B1%B0%EB%A7%8C%EC%96%B4-100-day-04-flash-cards
d04-079,4,caterwauling,"(싸우는 고양이처럼) 불쾌하게꽥꽥 소리치는
shrieking

(cat + waul(의성어))",https://quizlet.com/kr/1206327053/%EA%B1%B0%EB%A7%8C%EC%96%B4-100-day-04-flash-cards
d04-080,4,catholic,"(취향이) 폭넓은, 보편적인

(kata(존경하여) + holos(전체))",https://quizlet.com/kr/1206327053/%EA%B1%B0%EB%A7%8C%EC%96%B4-100-day-04-flash-cards
d04-081,4,caustic,"(타물질 녹임) 부식성의, 신랄한",https://quizlet.com/kr/1206327053/%EA%B1%B0%EB%A7%8C%EC%96%B4-100-day-04-flash-cards
d04-082,4,cavalier,"무신경한, 거만한

(caballus 말)",https://quizlet.com/kr/1206327053/%EA%B1%B0%EB%A7%8C%EC%96%B4-100-day-04-flash-cards
d04-083,4,cavil,트집을 잡다,https://quizlet.com/kr/1206327053/%EA%B1%B0%EB%A7%8C%EC%96%B4-100-day-04-flash-cards
d04-084,4,cede,"양도하다, 포기하다",https://quizlet.com/kr/1206327053/%EA%B1%B0%EB%A7%8C%EC%96%B4-100-day-04-flash-cards
d04-085,4,celerity,신속함,https://quizlet.com/kr/1206327053/%EA%B1%B0%EB%A7%8C%EC%96%B4-100-day-04-flash-cards
d04-086,4,celebrate,축하하다,https://quizlet.com/kr/1206327053/%EA%B1%B0%EB%A7%8C%EC%96%B4-100-day-04-flash-cards
d04-087,4,censorious,매우 비난(비판)적인,https://quizlet.com/kr/1206327053/%EA%B1%B0%EB%A7%8C%EC%96%B4-100-day-04-flash-cards
d04-088,4,censorship,검열,https://quizlet.com/kr/1206327053/%EA%B1%B0%EB%A7%8C%EC%96%B4-100-day-04-flash-cards
d04-089,4,censure,비난하다,https://quizlet.com/kr/1206327053/%EA%B1%B0%EB%A7%8C%EC%96%B4-100-day-04-flash-cards
d04-090,4,centrifugal,원심력의,https://quizlet.com/kr/1206327053/%EA%B1%B0%EB%A7%8C%EC%96%B4-100-day-04-flash-cards
d04-091,4,cerebral,뇌의,https://quizlet.com/kr/1206327053/%EA%B1%B0%EB%A7%8C%EC%96%B4-100-day-04-flash-cards
d04-092,4,ceremonious,"의식의, 지나치게 격식을 갖춘",https://quizlet.com/kr/1206327053/%EA%B1%B0%EB%A7%8C%EC%96%B4-100-day-04-flash-cards
d04-093,4,certitude,확신,https://quizlet.com/kr/1206327053/%EA%B1%B0%EB%A7%8C%EC%96%B4-100-day-04-flash-cards
d04-094,4,cessation,중단,https://quizlet.com/kr/1206327053/%EA%B1%B0%EB%A7%8C%EC%96%B4-100-day-04-flash-cards
d04-095,4,bray,시끄러운 울음소리,https://quizlet.com/kr/1206327053/%EA%B1%B0%EB%A7%8C%EC%96%B4-100-day-04-flash-cards
d04-096,4,bulwark,보호막,https://quizlet.com/kr/1206327053/%EA%B1%B0%EB%A7%8C%EC%96%B4-100-day-04-flash-cards
d04-097,4,cachet,"높은 지위, 명성",https://quizlet.com/kr/1206327053/%EA%B1%B0%EB%A7%8C%EC%96%B4-100-day-04-flash-cards
d04-098,4,catchall,"포괄적인, 다목적의",https://quizlet.com/kr/1206327053/%EA%B1%B0%EB%A7%8C%EC%96%B4-100-day-04-flash-cards
d04-099,4,causal,인과관계의,https://quizlet.com/kr/1206327053/%EA%B1%B0%EB%A7%8C%EC%96%B4-100-day-04-flash-cards
d04-100,4,burlesque,풍자극,https://quizlet.com/kr/1206327053/%EA%B1%B0%EB%A7%8C%EC%96%B4-100-day-04-flash-cards
d05-001,5,chagrin,"화, 분함, 창피함",https://quizlet.com/kr/1206327118/%EA%B1%B0%EB%A7%8C%EC%96%B4-100-day-05-flash-cards
d05-002,5,challenge,"이의를 제기하다, 도전하다",https://quizlet.com/kr/1206327118/%EA%B1%B0%EB%A7%8C%EC%96%B4-100-day-05-flash-cards
d05-003,5,champion,"옹호하다, 지지하다

(campus(평지) -> campio(싸움꾼, 선수))",https://quizlet.com/kr/1206327118/%EA%B1%B0%EB%A7%8C%EC%96%B4-100-day-05-flash-cards
d05-004,5,charlatan,"돌팔이, 사기꾼",https://quizlet.com/kr/1206327118/%EA%B1%B0%EB%A7%8C%EC%96%B4-100-day-05-flash-cards
d05-005,5,chary,"조심하는, 신중한; 절약하는;

chara(슬픔, 한탄)",https://quizlet.com/kr/1206327118/%EA%B1%B0%EB%A7%8C%EC%96%B4-100-day-05-flash-cards
d05-006,5,chasten,"잘못을 깨닫게 하다, 훈계하다.

(castus(도덕적으로 깨끗한, 순결한))",https://quizlet.com/kr/1206327118/%EA%B1%B0%EB%A7%8C%EC%96%B4-100-day-05-flash-cards
d05-007,5,chastise,"체벌하다, 몹시 비난하다.

(castus(도덕적으로 깨끗한, 순결한))",https://quizlet.com/kr/1206327118/%EA%B1%B0%EB%A7%8C%EC%96%B4-100-day-05-flash-cards
d05-008,5,chauvinism,"맹목적인 애국심, 맹목적 열의;",https://quizlet.com/kr/1206327118/%EA%B1%B0%EB%A7%8C%EC%96%B4-100-day-05-flash-cards
d05-009,5,check,"제지 , 억제하다.",https://quizlet.com/kr/1206327118/%EA%B1%B0%EB%A7%8C%EC%96%B4-100-day-05-flash-cards
d05-010,5,chic,"세련된, 우아한",https://quizlet.com/kr/1206327118/%EA%B1%B0%EB%A7%8C%EC%96%B4-100-day-05-flash-cards
d05-011,5,chicanery,속임수,https://quizlet.com/kr/1206327118/%EA%B1%B0%EB%A7%8C%EC%96%B4-100-day-05-flash-cards
d05-012,5,chide,"꾸짖다

(cīdan(꾸짖다))",https://quizlet.com/kr/1206327118/%EA%B1%B0%EB%A7%8C%EC%96%B4-100-day-05-flash-cards
d05-013,5,chimera,"불가능한 생각, 불가능한 희망",https://quizlet.com/kr/1206327118/%EA%B1%B0%EB%A7%8C%EC%96%B4-100-day-05-flash-cards
d05-014,5,chivalrous,"기사도적인, 용감한, 예의바른

(caballarius(마부))",https://quizlet.com/kr/1206327118/%EA%B1%B0%EB%A7%8C%EC%96%B4-100-day-05-flash-cards
d05-015,5,choleric,"담즙질의, 화를 잘 내는


(kholē(담즙), cholera(설사))",https://quizlet.com/kr/1206327118/%EA%B1%B0%EB%A7%8C%EC%96%B4-100-day-05-flash-cards
d05-016,5,churlish,무례한,https://quizlet.com/kr/1206327118/%EA%B1%B0%EB%A7%8C%EC%96%B4-100-day-05-flash-cards
d05-017,5,cipher,암호,https://quizlet.com/kr/1206327118/%EA%B1%B0%EB%A7%8C%EC%96%B4-100-day-05-flash-cards
d05-018,5,circuitous,"빙돌아가는, 우회하는

(circum(주변) + ire(가다))",https://quizlet.com/kr/1206327118/%EA%B1%B0%EB%A7%8C%EC%96%B4-100-day-05-flash-cards
d05-019,5,circumlocution,"에둘러 말하기, 장황

(circum(주변) + loqui(말하다)",https://quizlet.com/kr/1206327118/%EA%B1%B0%EB%A7%8C%EC%96%B4-100-day-05-flash-cards
d05-020,5,circumscribe,"제한하다


(circum(주변) + scribere(쓰다))",https://quizlet.com/kr/1206327118/%EA%B1%B0%EB%A7%8C%EC%96%B4-100-day-05-flash-cards
d05-021,5,circumspect,"신중한, 주의깊은, 조심하는

(circum(주변) + specere(보다))",https://quizlet.com/kr/1206327118/%EA%B1%B0%EB%A7%8C%EC%96%B4-100-day-05-flash-cards
d05-022,5,circumvent,"(법, 제한 등을) 피하다.

(circum(주변) + venire(오다))",https://quizlet.com/kr/1206327118/%EA%B1%B0%EB%A7%8C%EC%96%B4-100-day-05-flash-cards
d05-023,5,civil,"민간의; 정중한, 예의 바른; 시민의",https://quizlet.com/kr/1206327118/%EA%B1%B0%EB%A7%8C%EC%96%B4-100-day-05-flash-cards
d05-024,5,clairvoyant,"천리안이 있는, 통찰력이 있는; 심령술사, 영매

(clair(명확한) + voyant(보는))",https://quizlet.com/kr/1206327118/%EA%B1%B0%EB%A7%8C%EC%96%B4-100-day-05-flash-cards
d05-025,5,clamor,"아우성, 소란;
(~할 것을) 강력히 요구(반대)하다.

* 클레모아 폭발할때 소리는 엄청 큰",https://quizlet.com/kr/1206327118/%EA%B1%B0%EB%A7%8C%EC%96%B4-100-day-05-flash-cards
d05-026,5,clandestine,"비밀의, 은밀한

(clam(비밀스럽게))",https://quizlet.com/kr/1206327118/%EA%B1%B0%EB%A7%8C%EC%96%B4-100-day-05-flash-cards
d05-027,5,clannish,"씨족의, 당파적인

[clan(씨족, 한 패, 도당) + nish : ""씨족의"" → 당파적인, 배타적인]",https://quizlet.com/kr/1206327118/%EA%B1%B0%EB%A7%8C%EC%96%B4-100-day-05-flash-cards
d05-028,5,cleave,쪼개다; 지키다,https://quizlet.com/kr/1206327118/%EA%B1%B0%EB%A7%8C%EC%96%B4-100-day-05-flash-cards
d05-029,5,clemency,"자비, 관대함

(clementia(자비로운))",https://quizlet.com/kr/1206327118/%EA%B1%B0%EB%A7%8C%EC%96%B4-100-day-05-flash-cards
d05-030,5,cliché,"진부한 표현

(clicher(정형화하다))",https://quizlet.com/kr/1206327118/%EA%B1%B0%EB%A7%8C%EC%96%B4-100-day-05-flash-cards
d05-031,5,clinch,"(논쟁) 결론을 내다, (거래) 성사키다.

(klingen(붙어 있다, 고수하 다))",https://quizlet.com/kr/1206327118/%EA%B1%B0%EB%A7%8C%EC%96%B4-100-day-05-flash-cards
d05-032,5,clout,"영향력, 힘

[원래 의미 : ""(손바닥, 주먹으로) 때림"" → <야구> 장타 → (특히 정치적인) 권력, 영향력]",https://quizlet.com/kr/1206327118/%EA%B1%B0%EB%A7%8C%EC%96%B4-100-day-05-flash-cards
d05-033,5,coagulate,"(혈액 등) 응고하다

(coagulum(치즈 제조용 응고제) -> coagulare 응고시키다)",https://quizlet.com/kr/1206327118/%EA%B1%B0%EB%A7%8C%EC%96%B4-100-day-05-flash-cards
d05-034,5,coalesce,"합쳐지다, 하나가 되다

(co(함께) + alescere(성장하다))",https://quizlet.com/kr/1206327118/%EA%B1%B0%EB%A7%8C%EC%96%B4-100-day-05-flash-cards
d05-035,5,coarse,거친 (입자) 굵은; 세련되지 않은,https://quizlet.com/kr/1206327118/%EA%B1%B0%EB%A7%8C%EC%96%B4-100-day-05-flash-cards
d05-036,5,coax,감언으로 꼬셔서 ~ 하게 하다.,https://quizlet.com/kr/1206327118/%EA%B1%B0%EB%A7%8C%EC%96%B4-100-day-05-flash-cards
d05-037,5,coddle,"관대하게/너그럽게 대하다, 버릇없이 기르다.",https://quizlet.com/kr/1206327118/%EA%B1%B0%EB%A7%8C%EC%96%B4-100-day-05-flash-cards
d05-038,5,codify,"성문화하다, 체계화하다.

(codex(나무 블록) -> 글씨를 쓸 수 있는 나무 판)",https://quizlet.com/kr/1206327118/%EA%B1%B0%EB%A7%8C%EC%96%B4-100-day-05-flash-cards
d05-039,5,coerce,"강요하다, 강제하다.

(co(함께) + arcere(억제하다))",https://quizlet.com/kr/1206327118/%EA%B1%B0%EB%A7%8C%EC%96%B4-100-day-05-flash-cards
d05-040,5,cogent,"설득력있는

(co(함께) + agere(몰고가다))",https://quizlet.com/kr/1206327118/%EA%B1%B0%EB%A7%8C%EC%96%B4-100-day-05-flash-cards
d05-041,5,cognizant,"알고 있는, 지각하고 있는

(cognoscere(알다))",https://quizlet.com/kr/1206327118/%EA%B1%B0%EB%A7%8C%EC%96%B4-100-day-05-flash-cards
d05-042,5,coherent,"(글) 일관성 있는; (사람) 조리 있는

(co(함께) + haerere(붙이다))",https://quizlet.com/kr/1206327118/%EA%B1%B0%EB%A7%8C%EC%96%B4-100-day-05-flash-cards
d05-043,5,coincide,"동시에 발생하다; 일치하다.

(co(함께) + incidere(떨어지다, 해당하다))",https://quizlet.com/kr/1206327118/%EA%B1%B0%EB%A7%8C%EC%96%B4-100-day-05-flash-cards
d05-044,5,collegiality,"(동료간의) 협조, 협력

(col(함께) + legare(임명하다))",https://quizlet.com/kr/1206327118/%EA%B1%B0%EB%A7%8C%EC%96%B4-100-day-05-flash-cards
d05-045,5,collude,"결탁, 공모하다.


(col(함께) + ludere(놀다))",https://quizlet.com/kr/1206327118/%EA%B1%B0%EB%A7%8C%EC%96%B4-100-day-05-flash-cards
d05-046,5,color,"(부정적인) 영향을 끼치다, 왜곡시키다; (감정이 목소리 등에) 가득하다.",https://quizlet.com/kr/1206327118/%EA%B1%B0%EB%A7%8C%EC%96%B4-100-day-05-flash-cards
d05-047,5,comity,"우호적인 관계; 상호간의 예절

(comis(예의 바른))",https://quizlet.com/kr/1206327118/%EA%B1%B0%EB%A7%8C%EC%96%B4-100-day-05-flash-cards
d05-048,5,commend,"칭찬하다; 추천하다; 위탁하다

(com(강조) + mandare(맡기다, 명령하다))",https://quizlet.com/kr/1206327118/%EA%B1%B0%EB%A7%8C%EC%96%B4-100-day-05-flash-cards
d05-049,5,commensurate,"동등한; 비례하는

(com(함께) + mensurare(측정하다))",https://quizlet.com/kr/1206327118/%EA%B1%B0%EB%A7%8C%EC%96%B4-100-day-05-flash-cards
d05-050,5,commiserate,"위로, 동정을 표하다.

(com(함께) + miserari(슬퍼하다))",https://quizlet.com/kr/1206327118/%EA%B1%B0%EB%A7%8C%EC%96%B4-100-day-05-flash-cards
d05-051,5,commitment,"약속; 책임; 헌신

(com(함께) + mittere(보내다))",https://quizlet.com/kr/1206327118/%EA%B1%B0%EB%A7%8C%EC%96%B4-100-day-05-flash-cards
d05-052,5,commodious,"넓은, 널찍한

(commodus(넓고 편리한))",https://quizlet.com/kr/1206327118/%EA%B1%B0%EB%A7%8C%EC%96%B4-100-day-05-flash-cards
d05-053,5,commonplace,진부한; 진부한 문구; 아주흔한,https://quizlet.com/kr/1206327118/%EA%B1%B0%EB%A7%8C%EC%96%B4-100-day-05-flash-cards
d05-054,5,compatible,"양립하는, 조화를 이루는

(compati(함께 고통을 겪다))",https://quizlet.com/kr/1206327118/%EA%B1%B0%EB%A7%8C%EC%96%B4-100-day-05-flash-cards
d05-055,5,compelling,"주목하지 않을 수 없는; 설득력 있는

(com(함께) + pellere(몰고가다))",https://quizlet.com/kr/1206327118/%EA%B1%B0%EB%A7%8C%EC%96%B4-100-day-05-flash-cards
d05-056,5,compendious,"포괄적이면서도 간결한


(com(함께) + pendere(무게달다)",https://quizlet.com/kr/1206327118/%EA%B1%B0%EB%A7%8C%EC%96%B4-100-day-05-flash-cards
d05-057,5,compensate,"보상하다; 상쇄하다.

(com(함께) + pendere(무게달다))",https://quizlet.com/kr/1206327118/%EA%B1%B0%EB%A7%8C%EC%96%B4-100-day-05-flash-cards
d05-058,5,complacent,"자기만족에 빠진, 자기도취에 빠진

(com(강조) + placere(달래다, 즐거움을 주다)",https://quizlet.com/kr/1206327118/%EA%B1%B0%EB%A7%8C%EC%96%B4-100-day-05-flash-cards
d05-059,5,complaisant,"공손한, 정중한, 유순한

(com(강조) + placere(달래다, 즐거움을 주다)",https://quizlet.com/kr/1206327118/%EA%B1%B0%EB%A7%8C%EC%96%B4-100-day-05-flash-cards
d05-060,5,complement,"보완하다, 보충하다, 완전하게 하다.

(com(강조) + plere(채우다))",https://quizlet.com/kr/1206327118/%EA%B1%B0%EB%A7%8C%EC%96%B4-100-day-05-flash-cards
d05-061,5,complexion,"특징, 양상; 안색

(complectere(껴안다, 구성하다))",https://quizlet.com/kr/1206327118/%EA%B1%B0%EB%A7%8C%EC%96%B4-100-day-05-flash-cards
d05-062,5,compliant,"순응하는

(com(강조) + plere(채우다))",https://quizlet.com/kr/1206327118/%EA%B1%B0%EB%A7%8C%EC%96%B4-100-day-05-flash-cards
d05-063,5,composure,"평상심

(com(함께) + ponere(두다))",https://quizlet.com/kr/1206327118/%EA%B1%B0%EB%A7%8C%EC%96%B4-100-day-05-flash-cards
d05-064,5,compound,"악화시키다; 구성하다.

*섞으니까 더 악화되는 느낌.
(com(함께) + ponere(두다))",https://quizlet.com/kr/1206327118/%EA%B1%B0%EB%A7%8C%EC%96%B4-100-day-05-flash-cards
d05-065,5,compromise,"(명예, 원칙) 약화시키다, 훼손하다.
타협하다. 굴복하다.

(com(함께) + pro(앞으로) + mittere(보내다))",https://quizlet.com/kr/1206327118/%EA%B1%B0%EB%A7%8C%EC%96%B4-100-day-05-flash-cards
d05-066,5,compunction,"양심의 가책, 뉘우침, 죄책감, 거리낌

(com(강조) + pungere(찌르다))",https://quizlet.com/kr/1206327118/%EA%B1%B0%EB%A7%8C%EC%96%B4-100-day-05-flash-cards
d05-067,5,comradeship,"동료애, 우정

(camera(방) -> camarada(룸메이트))",https://quizlet.com/kr/1206327118/%EA%B1%B0%EB%A7%8C%EC%96%B4-100-day-05-flash-cards
d05-068,5,concede,"(옳음을, 맞음을) 인정하다; 양보하다.

(con(완전) + cedere(양보하다))",https://quizlet.com/kr/1206327118/%EA%B1%B0%EB%A7%8C%EC%96%B4-100-day-05-flash-cards
d05-069,5,concerted,협동/협의에 의한,https://quizlet.com/kr/1206327118/%EA%B1%B0%EB%A7%8C%EC%96%B4-100-day-05-flash-cards
d05-070,5,conciliatory,"달래는, 회유적인

[con(together) + ciliate(bring) : ""함께 불러 모으다"" → <남을> 달래다, ~을 회유하다 → 조정하다, 화해시키다]",https://quizlet.com/kr/1206327118/%EA%B1%B0%EB%A7%8C%EC%96%B4-100-day-05-flash-cards
d05-071,5,concoct,만들어내다,https://quizlet.com/kr/1206327118/%EA%B1%B0%EB%A7%8C%EC%96%B4-100-day-05-flash-cards
d05-072,5,concomitant,"동시에 일어나는, 수반되는

con(함께) + comitari(오다)",https://quizlet.com/kr/1206327118/%EA%B1%B0%EB%A7%8C%EC%96%B4-100-day-05-flash-cards
d05-073,5,concord,"일치, 조화, 화합

[con(together) + cord(hear) : ""함께 하는 마음""]",https://quizlet.com/kr/1206327118/%EA%B1%B0%EB%A7%8C%EC%96%B4-100-day-05-flash-cards
d05-074,5,concur,"동의하다; 동시에 발생하다

(con(함께) + currere(달리다))",https://quizlet.com/kr/1206327118/%EA%B1%B0%EB%A7%8C%EC%96%B4-100-day-05-flash-cards
d05-075,5,condensed,"약된, 간결한

(con(함께) + densus(밀도 높은))",https://quizlet.com/kr/1206327118/%EA%B1%B0%EB%A7%8C%EC%96%B4-100-day-05-flash-cards
d05-076,5,condescend,"(우월함을 드러내며) 생색내다, 거들먹 거리다; 자신을 낮추다

(con(함께) + de(아래로) + scandere(오르다))",https://quizlet.com/kr/1206327118/%EA%B1%B0%EB%A7%8C%EC%96%B4-100-day-05-flash-cards
d05-077,5,condole,"위로, 조의를 표하다.

(con(함께) + dolere(슬퍼하다, 고통을 겪다))",https://quizlet.com/kr/1206327118/%EA%B1%B0%EB%A7%8C%EC%96%B4-100-day-05-flash-cards
d05-078,5,condone,"묵과하다, 용서하다

(con(함께) + donare(주다))",https://quizlet.com/kr/1206327118/%EA%B1%B0%EB%A7%8C%EC%96%B4-100-day-05-flash-cards
d05-079,5,conducive,"도움이되는

(con(함께) + ducere(데려오다, 이끌다))",https://quizlet.com/kr/1206327118/%EA%B1%B0%EB%A7%8C%EC%96%B4-100-day-05-flash-cards
d05-080,5,confer,"부여하다, 수여하다.

(con(함께) + ferre(데려오다))",https://quizlet.com/kr/1206327118/%EA%B1%B0%EB%A7%8C%EC%96%B4-100-day-05-flash-cards
d05-081,5,confidential,"기밀의

(con(강조) + fidere(신뢰하다))",https://quizlet.com/kr/1206327118/%EA%B1%B0%EB%A7%8C%EC%96%B4-100-day-05-flash-cards
d05-082,5,configuration,"형상, 외형, 배열

(con(함께) + figurare(모양을 만들다))",https://quizlet.com/kr/1206327118/%EA%B1%B0%EB%A7%8C%EC%96%B4-100-day-05-flash-cards
d05-083,5,conflate,"융합하다, 합체하다

(con(함께) + flare(불다 blow))",https://quizlet.com/kr/1206327118/%EA%B1%B0%EB%A7%8C%EC%96%B4-100-day-05-flash-cards
d05-084,5,confluence,"두 강의 합류 지점; 합일, 융합

(con(함께) + fluere(흐르다))",https://quizlet.com/kr/1206327118/%EA%B1%B0%EB%A7%8C%EC%96%B4-100-day-05-flash-cards
d05-085,5,conform,"순응하다, 따르다

(con(함께) + formare(형성하다))",https://quizlet.com/kr/1206327118/%EA%B1%B0%EB%A7%8C%EC%96%B4-100-day-05-flash-cards
d05-086,5,confound,"혼돈시키다, 당황하게 하다

(con(함께) + fundere(섞다, 붓다))",https://quizlet.com/kr/1206327118/%EA%B1%B0%EB%A7%8C%EC%96%B4-100-day-05-flash-cards
d05-087,5,congeal,"응결시키다

(con(함께) + gelare(얼다))",https://quizlet.com/kr/1206327118/%EA%B1%B0%EB%A7%8C%EC%96%B4-100-day-05-flash-cards
d05-088,5,congenial,"마음에 드는, 친근한

(con(함께) + gignere(낳다))",https://quizlet.com/kr/1206327118/%EA%B1%B0%EB%A7%8C%EC%96%B4-100-day-05-flash-cards
d05-089,5,congenital,"타고난, 선천적인

(con(함께) + gignere(낳다))",https://quizlet.com/kr/1206327118/%EA%B1%B0%EB%A7%8C%EC%96%B4-100-day-05-flash-cards
d05-090,5,congregate,"모이다, 집합하다

(con(함께) + gregare(모으다))",https://quizlet.com/kr/1206327118/%EA%B1%B0%EB%A7%8C%EC%96%B4-100-day-05-flash-cards
d05-091,5,congruent,일치하는,https://quizlet.com/kr/1206327118/%EA%B1%B0%EB%A7%8C%EC%96%B4-100-day-05-flash-cards
d05-092,5,circumstantial,"부수적인, 상황에 따른",https://quizlet.com/kr/1206327118/%EA%B1%B0%EB%A7%8C%EC%96%B4-100-day-05-flash-cards
d05-093,5,cliquish,파벌적인; 배타적인,https://quizlet.com/kr/1206327118/%EA%B1%B0%EB%A7%8C%EC%96%B4-100-day-05-flash-cards
d05-094,5,cloak,"은폐하다, 망토",https://quizlet.com/kr/1206327118/%EA%B1%B0%EB%A7%8C%EC%96%B4-100-day-05-flash-cards
d05-095,5,clot,응고시키다,https://quizlet.com/kr/1206327118/%EA%B1%B0%EB%A7%8C%EC%96%B4-100-day-05-flash-cards
d05-096,5,clustering,"군집, 무리",https://quizlet.com/kr/1206327118/%EA%B1%B0%EB%A7%8C%EC%96%B4-100-day-05-flash-cards
d05-097,5,colossal,거대한,https://quizlet.com/kr/1206327118/%EA%B1%B0%EB%A7%8C%EC%96%B4-100-day-05-flash-cards
d05-098,5,compartmentalize,구분하다,https://quizlet.com/kr/1206327118/%EA%B1%B0%EB%A7%8C%EC%96%B4-100-day-05-flash-cards
d05-099,5,condign,적절한,https://quizlet.com/kr/1206327118/%EA%B1%B0%EB%A7%8C%EC%96%B4-100-day-05-flash-cards
d05-100,5,comestible,먹을 수 있는,https://quizlet.com/kr/1206327118/%EA%B1%B0%EB%A7%8C%EC%96%B4-100-day-05-flash-cards
d06-001,6,congruous,"일치하는, 합동의

(con(함께) + ruere(떨어지다, 몰려가다))",https://quizlet.com/kr/1206327199/%EA%B1%B0%EB%A7%8C%EC%96%B4-100-day-06-flash-cards
d06-002,6,conjecture,"추정, 추측

con(함께) + jacere(던지다)",https://quizlet.com/kr/1206327199/%EA%B1%B0%EB%A7%8C%EC%96%B4-100-day-06-flash-cards
d06-003,6,conjure,"마법을 걸다; 상기시키다, 불러내다

con(함께) + jurare(맹세하다)",https://quizlet.com/kr/1206327199/%EA%B1%B0%EB%A7%8C%EC%96%B4-100-day-06-flash-cards
d06-004,6,connive,"공모하다

con(함께) + nictare(윙크하다)",https://quizlet.com/kr/1206327199/%EA%B1%B0%EB%A7%8C%EC%96%B4-100-day-06-flash-cards
d06-005,6,conjunction,"결합, 동시발생",https://quizlet.com/kr/1206327199/%EA%B1%B0%EB%A7%8C%EC%96%B4-100-day-06-flash-cards
d06-006,6,connoisseur,"전문가, 권위자
(*connois: 안목이있음)",https://quizlet.com/kr/1206327199/%EA%B1%B0%EB%A7%8C%EC%96%B4-100-day-06-flash-cards
d06-007,6,connote,"암시하다

(con(함께) + notare(표시하다))",https://quizlet.com/kr/1206327199/%EA%B1%B0%EB%A7%8C%EC%96%B4-100-day-06-flash-cards
d06-008,6,conscientious,"양심적인; 근면 성실한

(con(함께) + scire(알다))",https://quizlet.com/kr/1206327199/%EA%B1%B0%EB%A7%8C%EC%96%B4-100-day-06-flash-cards
d06-009,6,consensus,"의견 일치, 합의

(con(함께) + sentire(느끼다))",https://quizlet.com/kr/1206327199/%EA%B1%B0%EB%A7%8C%EC%96%B4-100-day-06-flash-cards
d06-010,6,consign,"위임하다, 위탁하다

(con(함께) + signare(서명하다) )",https://quizlet.com/kr/1206327199/%EA%B1%B0%EB%A7%8C%EC%96%B4-100-day-06-flash-cards
d06-011,6,console,"위로하다

con(함께) + solari(위로하다)",https://quizlet.com/kr/1206327199/%EA%B1%B0%EB%A7%8C%EC%96%B4-100-day-06-flash-cards
d06-012,6,consolidate,"통합하다; 굳히다

con(함께) + solidare(강하게 만들다)",https://quizlet.com/kr/1206327199/%EA%B1%B0%EB%A7%8C%EC%96%B4-100-day-06-flash-cards
d06-013,6,consonance,"일치, 조화, 화음

(con(함께) + sonare(소리나다, 울리다))",https://quizlet.com/kr/1206327199/%EA%B1%B0%EB%A7%8C%EC%96%B4-100-day-06-flash-cards
d06-014,6,conspicuous,"명확히 보이는; 눈길을 끈, 대단한

(con(강화) + spicere(보다))",https://quizlet.com/kr/1206327199/%EA%B1%B0%EB%A7%8C%EC%96%B4-100-day-06-flash-cards
d06-015,6,conspire,"공모하다

con(함께) + spirare(호흡하다)",https://quizlet.com/kr/1206327199/%EA%B1%B0%EB%A7%8C%EC%96%B4-100-day-06-flash-cards
d06-016,6,constrain,"강제하다; 억제하다

con(함께) + stringere(묶다)",https://quizlet.com/kr/1206327199/%EA%B1%B0%EB%A7%8C%EC%96%B4-100-day-06-flash-cards
d06-017,6,construe,"해석하다

(con(함께) + struere(쌓다, 짓다) -> 문장의 구조를 분석하다)",https://quizlet.com/kr/1206327199/%EA%B1%B0%EB%A7%8C%EC%96%B4-100-day-06-flash-cards
d06-018,6,consummate,"완전한, 완전히 하다

(con(다합쳐서) + summa(총합))",https://quizlet.com/kr/1206327199/%EA%B1%B0%EB%A7%8C%EC%96%B4-100-day-06-flash-cards
d06-019,6,contemplate,"심사숙고하다

con(완전) + templum(관찰해야할 장소)",https://quizlet.com/kr/1206327199/%EA%B1%B0%EB%A7%8C%EC%96%B4-100-day-06-flash-cards
d06-020,6,contend,"싸우다, 다투다; 주장하다

con(함께) + tendere(뻗다, 애쓰다)",https://quizlet.com/kr/1206327199/%EA%B1%B0%EB%A7%8C%EC%96%B4-100-day-06-flash-cards
d06-021,6,contention,"논쟁, 주장

con(함께) + tendere(뻗다, 애쓰다)",https://quizlet.com/kr/1206327199/%EA%B1%B0%EB%A7%8C%EC%96%B4-100-day-06-flash-cards
d06-022,6,contentious,"논쟁적인

con(함께) + tendere(뻗다, 애쓰다)",https://quizlet.com/kr/1206327199/%EA%B1%B0%EB%A7%8C%EC%96%B4-100-day-06-flash-cards
d06-023,6,contest,"다투다; 이의를 제기하다*

con(함께) + testare(목격하다)",https://quizlet.com/kr/1206327199/%EA%B1%B0%EB%A7%8C%EC%96%B4-100-day-06-flash-cards
d06-024,6,contiguous,"인접하는

con(함께) + tangere(만지다) -> contiguus(붙어 있는)",https://quizlet.com/kr/1206327199/%EA%B1%B0%EB%A7%8C%EC%96%B4-100-day-06-flash-cards
d06-025,6,contingent,"우발적인; 부수적인,

con(함께) + tangere(만지다)",https://quizlet.com/kr/1206327199/%EA%B1%B0%EB%A7%8C%EC%96%B4-100-day-06-flash-cards
d06-026,6,contort,"뒤틀다, 일그러지다

(con(함께) + torquere(비틀다))",https://quizlet.com/kr/1206327199/%EA%B1%B0%EB%A7%8C%EC%96%B4-100-day-06-flash-cards
d06-027,6,contradict,"모순되다, 상반되다, 부인하다

(con(함께) + torquere(비틀다))",https://quizlet.com/kr/1206327199/%EA%B1%B0%EB%A7%8C%EC%96%B4-100-day-06-flash-cards
d06-028,6,contravene,"위반하다; 부인(부정)하다

(contra(반대하여) + venire(오다))",https://quizlet.com/kr/1206327199/%EA%B1%B0%EB%A7%8C%EC%96%B4-100-day-06-flash-cards
d06-029,6,contrite,"뉘우치는

con(함께) + terere(문지르다)",https://quizlet.com/kr/1206327199/%EA%B1%B0%EB%A7%8C%EC%96%B4-100-day-06-flash-cards
d06-030,6,contrive,"고안하다; 꾀하다

(contropare(준비하다) -> 고안하다, 발명하다)",https://quizlet.com/kr/1206327199/%EA%B1%B0%EB%A7%8C%EC%96%B4-100-day-06-flash-cards
d06-031,6,controvert,"반박하다, 부인하다

(contro(반대하여) + vertere(돌리다))",https://quizlet.com/kr/1206327199/%EA%B1%B0%EB%A7%8C%EC%96%B4-100-day-06-flash-cards
d06-032,6,contumacious,"고집 센

con(함께) + tumere(부풀어 오르다)",https://quizlet.com/kr/1206327199/%EA%B1%B0%EB%A7%8C%EC%96%B4-100-day-06-flash-cards
d06-033,6,conundrum,"난제, 수수께끼",https://quizlet.com/kr/1206327199/%EA%B1%B0%EB%A7%8C%EC%96%B4-100-day-06-flash-cards
d06-034,6,convene,"소집하다

con(함께) + venire(오다)",https://quizlet.com/kr/1206327199/%EA%B1%B0%EB%A7%8C%EC%96%B4-100-day-06-flash-cards
d06-035,6,conventional,"진부한, 전통적인

con(함께) + venire(오다)",https://quizlet.com/kr/1206327199/%EA%B1%B0%EB%A7%8C%EC%96%B4-100-day-06-flash-cards
d06-036,6,convergence,"집합, 집중

con(함께) + vergere(기울다)",https://quizlet.com/kr/1206327199/%EA%B1%B0%EB%A7%8C%EC%96%B4-100-day-06-flash-cards
d06-037,6,conversant,"친숙한, 정통한;

con(함께) + vertere(돌다)",https://quizlet.com/kr/1206327199/%EA%B1%B0%EB%A7%8C%EC%96%B4-100-day-06-flash-cards
d06-038,6,conversely,"반대로, 역으로

(con(함께) + vertere(돌다))",https://quizlet.com/kr/1206327199/%EA%B1%B0%EB%A7%8C%EC%96%B4-100-day-06-flash-cards
d06-039,6,convict,"유죄를 선고하다, 기결수

con(함께) + vincere(정복하다)",https://quizlet.com/kr/1206327199/%EA%B1%B0%EB%A7%8C%EC%96%B4-100-day-06-flash-cards
d06-040,6,conviction,"유죄판결; 강한 신념, 확신

(con(함께) + vincere(정복하다))",https://quizlet.com/kr/1206327199/%EA%B1%B0%EB%A7%8C%EC%96%B4-100-day-06-flash-cards
d06-041,6,convivial,"(분위기, 성격) 명랑한, 유쾌한, 술마시기 좋은

(con(함께) + viviere(살다))",https://quizlet.com/kr/1206327199/%EA%B1%B0%EB%A7%8C%EC%96%B4-100-day-06-flash-cards
d06-042,6,convoke,"소집하다

(con(함께) + vocare(부르다))",https://quizlet.com/kr/1206327199/%EA%B1%B0%EB%A7%8C%EC%96%B4-100-day-06-flash-cards
d06-043,6,convoluted,"난해한

(con(함께) + volvere(돌리다))",https://quizlet.com/kr/1206327199/%EA%B1%B0%EB%A7%8C%EC%96%B4-100-day-06-flash-cards
d06-044,6,convulsion,"경련; 격변

con(함께) + vellere(당기다)",https://quizlet.com/kr/1206327199/%EA%B1%B0%EB%A7%8C%EC%96%B4-100-day-06-flash-cards
d06-045,6,copious,"풍부한, 많은",https://quizlet.com/kr/1206327199/%EA%B1%B0%EB%A7%8C%EC%96%B4-100-day-06-flash-cards
d06-046,6,cordial,"다정한, 상냥한

cord(심장)",https://quizlet.com/kr/1206327199/%EA%B1%B0%EB%A7%8C%EC%96%B4-100-day-06-flash-cards
d06-047,6,cornucopia,"풍요의 뿔; 풍요의 상징

cornu(뿔) + copia(풍요)",https://quizlet.com/kr/1206327199/%EA%B1%B0%EB%A7%8C%EC%96%B4-100-day-06-flash-cards
d06-048,6,corporeal,"육신의, 물질적인; 유형의* tangible

(corpus(육체, 몸))",https://quizlet.com/kr/1206327199/%EA%B1%B0%EB%A7%8C%EC%96%B4-100-day-06-flash-cards
d06-049,6,corpulent,"살찐, 뚱뚱한

(corpus(육체, 몸))",https://quizlet.com/kr/1206327199/%EA%B1%B0%EB%A7%8C%EC%96%B4-100-day-06-flash-cards
d06-050,6,correlate,"상관관계에 있다

cor(함께) + reletivus(관련 있는)",https://quizlet.com/kr/1206327199/%EA%B1%B0%EB%A7%8C%EC%96%B4-100-day-06-flash-cards
d06-051,6,correspond,"부합하다, 상응하다; 서신을 교환하다

cor(함께) + re(다시) + spondere(약속하다)",https://quizlet.com/kr/1206327199/%EA%B1%B0%EB%A7%8C%EC%96%B4-100-day-06-flash-cards
d06-052,6,corroborate,"확증하다

cor(함께) + roborare(힘을 내다)",https://quizlet.com/kr/1206327199/%EA%B1%B0%EB%A7%8C%EC%96%B4-100-day-06-flash-cards
d06-053,6,coruscate,빛이 반짝이다,https://quizlet.com/kr/1206327199/%EA%B1%B0%EB%A7%8C%EC%96%B4-100-day-06-flash-cards
d06-054,6,cosset,응석을 받아주다,https://quizlet.com/kr/1206327199/%EA%B1%B0%EB%A7%8C%EC%96%B4-100-day-06-flash-cards
d06-055,6,countenance,"지지하다, 참다, 승인하다",https://quizlet.com/kr/1206327199/%EA%B1%B0%EB%A7%8C%EC%96%B4-100-day-06-flash-cards
d06-056,6,counter,"반박하다; 무효로하다.

(contra(반대하여))",https://quizlet.com/kr/1206327199/%EA%B1%B0%EB%A7%8C%EC%96%B4-100-day-06-flash-cards
d06-057,6,counterpart,"대응물 (동일한 것)

counter(반대의) + part",https://quizlet.com/kr/1206327199/%EA%B1%B0%EB%A7%8C%EC%96%B4-100-day-06-flash-cards
d06-058,6,counterpoint,"대조

contra(반대하여) + pungere(찌르다)",https://quizlet.com/kr/1206327199/%EA%B1%B0%EB%A7%8C%EC%96%B4-100-day-06-flash-cards
d06-059,6,counterproductive,"비생산적인, 역효과의

contra(반대하여) + productive",https://quizlet.com/kr/1206327199/%EA%B1%B0%EB%A7%8C%EC%96%B4-100-day-06-flash-cards
d06-060,6,court,"(애정, 환심, 명성 등) 얻으려 하다; (재난 등) 초래하다

(cohort, cohors 마당, 수행원단)",https://quizlet.com/kr/1206327199/%EA%B1%B0%EB%A7%8C%EC%96%B4-100-day-06-flash-cards
d06-061,6,courteous,"공손한, 예의바른

(cohort, cohors 마당, 수행원단)",https://quizlet.com/kr/1206327199/%EA%B1%B0%EB%A7%8C%EC%96%B4-100-day-06-flash-cards
d06-062,6,covert,"숨겨진, 비밀의

co(강조) + operate(닫다, 덮다)",https://quizlet.com/kr/1206327199/%EA%B1%B0%EB%A7%8C%EC%96%B4-100-day-06-flash-cards
d06-063,6,covet,"탐내다, 갈망하다

*coveted = enviable",https://quizlet.com/kr/1206327199/%EA%B1%B0%EB%A7%8C%EC%96%B4-100-day-06-flash-cards
d06-064,6,cowed,위협하다,https://quizlet.com/kr/1206327199/%EA%B1%B0%EB%A7%8C%EC%96%B4-100-day-06-flash-cards
d06-065,6,cower,(두려워) 움츠리다,https://quizlet.com/kr/1206327199/%EA%B1%B0%EB%A7%8C%EC%96%B4-100-day-06-flash-cards
d06-066,6,crass,"어리석은, 멍청한, 공감하지 못하는",https://quizlet.com/kr/1206327199/%EA%B1%B0%EB%A7%8C%EC%96%B4-100-day-06-flash-cards
d06-067,6,craven,"비겁한, 겁쟁이
(cried craven : 항복하다)",https://quizlet.com/kr/1206327199/%EA%B1%B0%EB%A7%8C%EC%96%B4-100-day-06-flash-cards
d06-068,6,craving,"갈망, 열망",https://quizlet.com/kr/1206327199/%EA%B1%B0%EB%A7%8C%EC%96%B4-100-day-06-flash-cards
d06-069,6,credence,"신용, 신임; 신빙성*",https://quizlet.com/kr/1206327199/%EA%B1%B0%EB%A7%8C%EC%96%B4-100-day-06-flash-cards
d06-070,6,credit,"공을 돌리다, 칭송하다,",https://quizlet.com/kr/1206327199/%EA%B1%B0%EB%A7%8C%EC%96%B4-100-day-06-flash-cards
d06-071,6,credulous,"잘 믿는, 잘 속는",https://quizlet.com/kr/1206327199/%EA%B1%B0%EB%A7%8C%EC%96%B4-100-day-06-flash-cards
d06-072,6,creep,"살금살금 걷다, 기다",https://quizlet.com/kr/1206327199/%EA%B1%B0%EB%A7%8C%EC%96%B4-100-day-06-flash-cards
d06-073,6,crest,"정점, 정상; (조류) 볏; (가문의) 문장, 상징

(crista(깃털))",https://quizlet.com/kr/1206327199/%EA%B1%B0%EB%A7%8C%EC%96%B4-100-day-06-flash-cards
d06-074,6,crestfallen,"풀 죽은

crista(깃털) + fallen",https://quizlet.com/kr/1206327199/%EA%B1%B0%EB%A7%8C%EC%96%B4-100-day-06-flash-cards
d06-075,6,cringe,(두려움으로) 움츠리다; 아부하다,https://quizlet.com/kr/1206327199/%EA%B1%B0%EB%A7%8C%EC%96%B4-100-day-06-flash-cards
d06-076,6,criterion,"표준, 기준",https://quizlet.com/kr/1206327199/%EA%B1%B0%EB%A7%8C%EC%96%B4-100-day-06-flash-cards
d06-077,6,croon,(조용히 부드럽게) 노래하다,https://quizlet.com/kr/1206327199/%EA%B1%B0%EB%A7%8C%EC%96%B4-100-day-06-flash-cards
d06-078,6,crochety,"화잘내는, 까다로운

crok(고리, 걸이)",https://quizlet.com/kr/1206327199/%EA%B1%B0%EB%A7%8C%EC%96%B4-100-day-06-flash-cards
d06-079,6,crumble,"바스러지다, 무너지다

(cruma(빵가루))",https://quizlet.com/kr/1206327199/%EA%B1%B0%EB%A7%8C%EC%96%B4-100-day-06-flash-cards
d06-080,6,crux,가장 중요한 점,https://quizlet.com/kr/1206327199/%EA%B1%B0%EB%A7%8C%EC%96%B4-100-day-06-flash-cards
d06-081,6,cryptic,"비밀의, 수수께끼같은, 애매한",https://quizlet.com/kr/1206327199/%EA%B1%B0%EB%A7%8C%EC%96%B4-100-day-06-flash-cards
d06-082,6,culminate,정점에 달하다; ~로 끝나다,https://quizlet.com/kr/1206327199/%EA%B1%B0%EB%A7%8C%EC%96%B4-100-day-06-flash-cards
d06-083,6,culpable,"비난받을만한

(culpa(잘못, 죄))",https://quizlet.com/kr/1206327199/%EA%B1%B0%EB%A7%8C%EC%96%B4-100-day-06-flash-cards
d06-084,6,culprit,"범인, 장본인;

culpa(잘못, 죄)",https://quizlet.com/kr/1206327199/%EA%B1%B0%EB%A7%8C%EC%96%B4-100-day-06-flash-cards
d06-085,6,cultivate,"(~와의 관계, 친분을) 구축하다, 쌓다

(colere(경작하다, 거주하다))",https://quizlet.com/kr/1206327199/%EA%B1%B0%EB%A7%8C%EC%96%B4-100-day-06-flash-cards
d06-086,6,cumbersome,"(크고 무거워서) 다루기 힘든

(combre(강, 사격) -> 방해물)",https://quizlet.com/kr/1206327199/%EA%B1%B0%EB%A7%8C%EC%96%B4-100-day-06-flash-cards
d06-087,6,cunning,교활한; 교활함,https://quizlet.com/kr/1206327199/%EA%B1%B0%EB%A7%8C%EC%96%B4-100-day-06-flash-cards
d06-088,6,curb,"억제, 구속, 억제하다,구속하다

curvare(굽다) -> curb bit 말 재갈",https://quizlet.com/kr/1206327199/%EA%B1%B0%EB%A7%8C%EC%96%B4-100-day-06-flash-cards
d06-089,6,cursory,"대충하는, 설렁설렁하는

(currere(달리다)",https://quizlet.com/kr/1206327199/%EA%B1%B0%EB%A7%8C%EC%96%B4-100-day-06-flash-cards
d06-090,6,curt,"(말) 퉁명스런; 간결한, 짧은

(curtus(짧게 자른))",https://quizlet.com/kr/1206327199/%EA%B1%B0%EB%A7%8C%EC%96%B4-100-day-06-flash-cards
d06-091,6,curtail,"축소하다, 줄이다, 삭감하다*

(curtus(짧게 자른) + tailler(자르다))",https://quizlet.com/kr/1206327199/%EA%B1%B0%EB%A7%8C%EC%96%B4-100-day-06-flash-cards
d06-092,6,consequential,중요한,https://quizlet.com/kr/1206327199/%EA%B1%B0%EB%A7%8C%EC%96%B4-100-day-06-flash-cards
d06-093,6,considerable,"상당한, 중요한",https://quizlet.com/kr/1206327199/%EA%B1%B0%EB%A7%8C%EC%96%B4-100-day-06-flash-cards
d06-094,6,corollary,당연한 결과,https://quizlet.com/kr/1206327199/%EA%B1%B0%EB%A7%8C%EC%96%B4-100-day-06-flash-cards
d06-095,6,coterminous,인접하는,https://quizlet.com/kr/1206327199/%EA%B1%B0%EB%A7%8C%EC%96%B4-100-day-06-flash-cards
d06-096,6,counterbalance,"균형을 맞추다, 상쇄하다",https://quizlet.com/kr/1206327199/%EA%B1%B0%EB%A7%8C%EC%96%B4-100-day-06-flash-cards
d06-097,6,crabbed,"글씨가 알아보기 힘든, 난해한",https://quizlet.com/kr/1206327199/%EA%B1%B0%EB%A7%8C%EC%96%B4-100-day-06-flash-cards
d06-098,6,craze,대유행,https://quizlet.com/kr/1206327199/%EA%B1%B0%EB%A7%8C%EC%96%B4-100-day-06-flash-cards
d06-099,6,couch,"나타내다, 넌지시 말하다",https://quizlet.com/kr/1206327199/%EA%B1%B0%EB%A7%8C%EC%96%B4-100-day-06-flash-cards
d06-100,6,coterie,소그룹,https://quizlet.com/kr/1206327199/%EA%B1%B0%EB%A7%8C%EC%96%B4-100-day-06-flash-cards
d07-001,7,cynical,냉소적인,https://quizlet.com/kr/1206327244/%EA%B1%B0%EB%A7%8C%EC%96%B4-100-day-07-flash-cards
d07-002,7,cynosure,주목의 대상,https://quizlet.com/kr/1206327244/%EA%B1%B0%EB%A7%8C%EC%96%B4-100-day-07-flash-cards
d07-003,7,dabble,"(물) 튀기다; 재미 삼아 ~하다

(dab(촉촉하게 토다걱리다))",https://quizlet.com/kr/1206327244/%EA%B1%B0%EB%A7%8C%EC%96%B4-100-day-07-flash-cards
d07-004,7,daft,"바보같은, 어리석은, 미친 inane, fatuous",https://quizlet.com/kr/1206327244/%EA%B1%B0%EB%A7%8C%EC%96%B4-100-day-07-flash-cards
d07-005,7,dally,"꾸물거리다, 시간 낭비하다; 가지고 놀다, 희롱하다
When he dallied with some girl, he made a costly mistake.",https://quizlet.com/kr/1206327244/%EA%B1%B0%EB%A7%8C%EC%96%B4-100-day-07-flash-cards
d07-006,7,dampen,"축축하게 하다; (활력, 열의) 꺾다, 찬물끼얹다",https://quizlet.com/kr/1206327244/%EA%B1%B0%EB%A7%8C%EC%96%B4-100-day-07-flash-cards
d07-007,7,dashing,"용감한, 늠름한; 멋진, 세련된",https://quizlet.com/kr/1206327244/%EA%B1%B0%EB%A7%8C%EC%96%B4-100-day-07-flash-cards
d07-008,7,dated,"구식의, 오래된",https://quizlet.com/kr/1206327244/%EA%B1%B0%EB%A7%8C%EC%96%B4-100-day-07-flash-cards
d07-009,7,daunt,"겁나게 하다, 기 죽이다, 위협하다

domare(길들이다) -> domitare(자주 계속 기들이다)",https://quizlet.com/kr/1206327244/%EA%B1%B0%EB%A7%8C%EC%96%B4-100-day-07-flash-cards
d07-010,7,daunting,"힘든, 어려운
((domare 길들이다))

FORMIDABLE",https://quizlet.com/kr/1206327244/%EA%B1%B0%EB%A7%8C%EC%96%B4-100-day-07-flash-cards
d07-011,7,dauntless,"겁 없는

domare(길들이다) -> domitare(자주 계속 기들이다)",https://quizlet.com/kr/1206327244/%EA%B1%B0%EB%A7%8C%EC%96%B4-100-day-07-flash-cards
d07-012,7,dawdle,"꾸물거리다, 늑장부리다

 doddle(천천히 움직이다)",https://quizlet.com/kr/1206327244/%EA%B1%B0%EB%A7%8C%EC%96%B4-100-day-07-flash-cards
d07-013,7,daze,"멍한 상태, 멍하게 하다

dasathr(지친)",https://quizlet.com/kr/1206327244/%EA%B1%B0%EB%A7%8C%EC%96%B4-100-day-07-flash-cards
d07-014,7,dazzle,"눈부시게 하다; 매료시키다, 압도하다

dasathr(지친) -> daze(멍해질만큼 충격을 주다) -> dazzle(놀라게 하다, 압도하다)",https://quizlet.com/kr/1206327244/%EA%B1%B0%EB%A7%8C%EC%96%B4-100-day-07-flash-cards
d07-015,7,deadpan,"무표정한, 진지한 표정의

(dead + pan(프라이팬))",https://quizlet.com/kr/1206327244/%EA%B1%B0%EB%A7%8C%EC%96%B4-100-day-07-flash-cards
d07-016,7,dearth,"부족, 결핍

dear(비싼고 귀한) + th(명사형 어미)",https://quizlet.com/kr/1206327244/%EA%B1%B0%EB%A7%8C%EC%96%B4-100-day-07-flash-cards
d07-017,7,debacle,"대실패

( dé-(반대) + bâcler(막다) -> 막지 못하다)",https://quizlet.com/kr/1206327244/%EA%B1%B0%EB%A7%8C%EC%96%B4-100-day-07-flash-cards
d07-018,7,debase,"(가치, 품위) 저하시키다

de(아래로) + base(낮추다)",https://quizlet.com/kr/1206327244/%EA%B1%B0%EB%A7%8C%EC%96%B4-100-day-07-flash-cards
d07-019,7,debauchery,방탕함,https://quizlet.com/kr/1206327244/%EA%B1%B0%EB%A7%8C%EC%96%B4-100-day-07-flash-cards
d07-020,7,debilitate,"쇠약하게 만들다
(de 아래로 + ability 하게하다)",https://quizlet.com/kr/1206327244/%EA%B1%B0%EB%A7%8C%EC%96%B4-100-day-07-flash-cards
d07-021,7,debunk,"허구임을 드러내다, (생각, 믿음) 틀렸음을 드러내다

de(반대) + bunk(헛소리)",https://quizlet.com/kr/1206327244/%EA%B1%B0%EB%A7%8C%EC%96%B4-100-day-07-flash-cards
d07-022,7,decimate,"대량으로 죽이다, 파괴하다

(decimus(10분의 1). 10명 중에 1명을 죽이다 -> 많이 죽이다)",https://quizlet.com/kr/1206327244/%EA%B1%B0%EB%A7%8C%EC%96%B4-100-day-07-flash-cards
d07-023,7,decipher,"(암호, 수수께끼) 풀다, 해독하다

(de(반대)+로 풀다)",https://quizlet.com/kr/1206327244/%EA%B1%B0%EB%A7%8C%EC%96%B4-100-day-07-flash-cards
d07-024,7,decorous,"단정한, 예의 바른",https://quizlet.com/kr/1206327244/%EA%B1%B0%EB%A7%8C%EC%96%B4-100-day-07-flash-cards
d07-025,7,decorum,"단정함, 예의 바름",https://quizlet.com/kr/1206327244/%EA%B1%B0%EB%A7%8C%EC%96%B4-100-day-07-flash-cards
d07-026,7,decrepit,"(사람) 노쇠한, (사물) 노후한

de(아래로) + crepare(끽끽거리다)",https://quizlet.com/kr/1206327244/%EA%B1%B0%EB%A7%8C%EC%96%B4-100-day-07-flash-cards
d07-027,7,decry,"비난하다

de(아래로) + cry",https://quizlet.com/kr/1206327244/%EA%B1%B0%EB%A7%8C%EC%96%B4-100-day-07-flash-cards
d07-028,7,deduce,"추론하다

de(아래로) + ducere(이끌다)",https://quizlet.com/kr/1206327244/%EA%B1%B0%EB%A7%8C%EC%96%B4-100-day-07-flash-cards
d07-029,7,defame,"명예를 훼손하다

dis(제거) + fama(보고서)",https://quizlet.com/kr/1206327244/%EA%B1%B0%EB%A7%8C%EC%96%B4-100-day-07-flash-cards
d07-030,7,default,"(채무) 체납하다, 불이행하다

de(아래로) + fallere(실망시키다, 속이다)",https://quizlet.com/kr/1206327244/%EA%B1%B0%EB%A7%8C%EC%96%B4-100-day-07-flash-cards
d07-031,7,defeasible,"무효로 할 수 있는, 파기할 수 있는",https://quizlet.com/kr/1206327244/%EA%B1%B0%EB%A7%8C%EC%96%B4-100-day-07-flash-cards
d07-032,7,defer (to),"연기하다, 미루다; 뜻을 따라주다
 to yield *respectfully*

de(뒤로) + ferre(옮기다)",https://quizlet.com/kr/1206327244/%EA%B1%B0%EB%A7%8C%EC%96%B4-100-day-07-flash-cards
d07-033,7,deference,"존중, 경의

de(뒤로) + ferre(옮기다)",https://quizlet.com/kr/1206327244/%EA%B1%B0%EB%A7%8C%EC%96%B4-100-day-07-flash-cards
d07-034,7,deferential,"공손한

de(뒤로)+ ferre(옮기다)

RESPECTFUL",https://quizlet.com/kr/1206327244/%EA%B1%B0%EB%A7%8C%EC%96%B4-100-day-07-flash-cards
d07-035,7,deferrable,"연기할 수 있는

de(뒤로) + ferre(옮기다)",https://quizlet.com/kr/1206327244/%EA%B1%B0%EB%A7%8C%EC%96%B4-100-day-07-flash-cards
d07-036,7,defiant,"도전적인, 반항적인, 시비조의

dis(반대) + fidus(신실한)",https://quizlet.com/kr/1206327244/%EA%B1%B0%EB%A7%8C%EC%96%B4-100-day-07-flash-cards
d07-037,7,deficiency,"부족; 결점

dis(반대) + facere(하다)",https://quizlet.com/kr/1206327244/%EA%B1%B0%EB%A7%8C%EC%96%B4-100-day-07-flash-cards
d07-038,7,definitive,"결론적인, 확정적인; 최고의

de(아래로) + finire(끝내다)",https://quizlet.com/kr/1206327244/%EA%B1%B0%EB%A7%8C%EC%96%B4-100-day-07-flash-cards
d07-039,7,deflate,"(타이어, 풍선 등) 공기를 빼다; 기를 꺾다

de(반대) + flare(부풀어 오르다)",https://quizlet.com/kr/1206327244/%EA%B1%B0%EB%A7%8C%EC%96%B4-100-day-07-flash-cards
d07-040,7,defraud,"속여 빼앗다, 사취하다",https://quizlet.com/kr/1206327244/%EA%B1%B0%EB%A7%8C%EC%96%B4-100-day-07-flash-cards
d07-041,7,deft,"솜씨 좋은, 민첩한",https://quizlet.com/kr/1206327244/%EA%B1%B0%EB%A7%8C%EC%96%B4-100-day-07-flash-cards
d07-042,7,defuse,"(긴장 등을) 완화시키다.


(de(반대) + fūsus(축->퓨즈))",https://quizlet.com/kr/1206327244/%EA%B1%B0%EB%A7%8C%EC%96%B4-100-day-07-flash-cards
d07-043,7,defy,(공개적으로) 저항하다; ~을 불가능하게 하다,https://quizlet.com/kr/1206327244/%EA%B1%B0%EB%A7%8C%EC%96%B4-100-day-07-flash-cards
d07-044,7,degenerate,"(도덕적, 육체적, 정신적으로) 악화되다; (육체적, 정신적으로) 퇴폐한, 쇠퇴한

de-(멀리) + genus, gener-(종, 종류)",https://quizlet.com/kr/1206327244/%EA%B1%B0%EB%A7%8C%EC%96%B4-100-day-07-flash-cards
d07-045,7,dehydrate,"탈수시키다, 건조시키다

de(반대) + hudros(물)",https://quizlet.com/kr/1206327244/%EA%B1%B0%EB%A7%8C%EC%96%B4-100-day-07-flash-cards
d07-046,7,deify,"신격화하다, 숭배하다

deus(신) + -ficare(만들다)",https://quizlet.com/kr/1206327244/%EA%B1%B0%EB%A7%8C%EC%96%B4-100-day-07-flash-cards
d07-047,7,deject,"사기를 꺾다, 낙담시키다

(de(아래로) + jacere(던지다))",https://quizlet.com/kr/1206327244/%EA%B1%B0%EB%A7%8C%EC%96%B4-100-day-07-flash-cards
d07-048,7,delectable,"맛있는; 매우 아름다운, 매력적인",https://quizlet.com/kr/1206327244/%EA%B1%B0%EB%A7%8C%EC%96%B4-100-day-07-flash-cards
d07-049,7,delegate,"대표; (회의) 대표로 파견하다; 위임하다

de(아래로) + legare(임명하다)",https://quizlet.com/kr/1206327244/%EA%B1%B0%EB%A7%8C%EC%96%B4-100-day-07-flash-cards
d07-050,7,deleterious,"해로운, 유해한

de(아래로) + legare(임명하다)",https://quizlet.com/kr/1206327244/%EA%B1%B0%EB%A7%8C%EC%96%B4-100-day-07-flash-cards
d07-051,7,deliberate,숙고하다·신중히 생각하다; 신중한; 고의적인,https://quizlet.com/kr/1206327244/%EA%B1%B0%EB%A7%8C%EC%96%B4-100-day-07-flash-cards
d07-052,7,delineate,"정확하게 묘사하다

de(반대로) + lineare(윤곽, 선)",https://quizlet.com/kr/1206327244/%EA%B1%B0%EB%A7%8C%EC%96%B4-100-day-07-flash-cards
d07-053,7,delirious,"의식이 혼미한, 헛소리를 하는

de(아래로) + lira(고랑사이의 솟은 곳) -> (물이) 고랑 밖으로 흘러 나온다",https://quizlet.com/kr/1206327244/%EA%B1%B0%EB%A7%8C%EC%96%B4-100-day-07-flash-cards
d07-054,7,delude,"속이다, 기만하다
de(반대로) + ludere(놀다, 놀리다)",https://quizlet.com/kr/1206327244/%EA%B1%B0%EB%A7%8C%EC%96%B4-100-day-07-flash-cards
d07-055,7,delve into,"깊이 파고들다, 탐구하다",https://quizlet.com/kr/1206327244/%EA%B1%B0%EB%A7%8C%EC%96%B4-100-day-07-flash-cards
d07-056,7,demanding,"일이 힘든, 사람이 까다로운

(de 반대로 + mandeare 명령하다)",https://quizlet.com/kr/1206327244/%EA%B1%B0%EB%A7%8C%EC%96%B4-100-day-07-flash-cards
d07-057,7,demarcate,경계를 정하다; 분리시키다,https://quizlet.com/kr/1206327244/%EA%B1%B0%EB%A7%8C%EC%96%B4-100-day-07-flash-cards
d07-058,7,demean,품위를 떨어뜨리다,https://quizlet.com/kr/1206327244/%EA%B1%B0%EB%A7%8C%EC%96%B4-100-day-07-flash-cards
d07-059,7,demise,"죽음, 종말",https://quizlet.com/kr/1206327244/%EA%B1%B0%EB%A7%8C%EC%96%B4-100-day-07-flash-cards
d07-060,7,demography,"(어느 사회의 일정 기간에 걸친) 인구 변동, 인구 통계학",https://quizlet.com/kr/1206327244/%EA%B1%B0%EB%A7%8C%EC%96%B4-100-day-07-flash-cards
d07-061,7,demonstrable,"논증할 수 있는, 명백한

INDISPUTABLE",https://quizlet.com/kr/1206327244/%EA%B1%B0%EB%A7%8C%EC%96%B4-100-day-07-flash-cards
d07-062,7,demoralize,"사기를 꺾다

dé-(반대로) + moral(도덕, 윤리)",https://quizlet.com/kr/1206327244/%EA%B1%B0%EB%A7%8C%EC%96%B4-100-day-07-flash-cards
d07-063,7,demote,"강등시키다
de-(아래로) + movere(움직이다)",https://quizlet.com/kr/1206327244/%EA%B1%B0%EB%A7%8C%EC%96%B4-100-day-07-flash-cards
d07-064,7,demur,"이의 제기하다, 반대하다
de(반대로) + morari(지연시키다)",https://quizlet.com/kr/1206327244/%EA%B1%B0%EB%A7%8C%EC%96%B4-100-day-07-flash-cards
d07-065,7,demure,"(여자) 얌전한, 조신한

demurely = self-effacingly",https://quizlet.com/kr/1206327244/%EA%B1%B0%EB%A7%8C%EC%96%B4-100-day-07-flash-cards
d07-066,7,demystify,"(신비함, 편견) 없애다, 이해하기 쉽게 설명하다

ELUCIDATE
de(반대로) + mystère(미스테리)",https://quizlet.com/kr/1206327244/%EA%B1%B0%EB%A7%8C%EC%96%B4-100-day-07-flash-cards
d07-067,7,denigrate,"(명예) 훼손하다; 비난하다

de(멀리, 완전히) + nigrare(검은색, 흑인)",https://quizlet.com/kr/1206327244/%EA%B1%B0%EB%A7%8C%EC%96%B4-100-day-07-flash-cards
d07-068,7,denounce,"공공연히 비난하다 (강한 비난)

LAMBASTE
de(반대) + nuntiare(발표하다)",https://quizlet.com/kr/1206327244/%EA%B1%B0%EB%A7%8C%EC%96%B4-100-day-07-flash-cards
d07-069,7,dense,"난해한; 우둔한

Inaccessible; stupid",https://quizlet.com/kr/1206327244/%EA%B1%B0%EB%A7%8C%EC%96%B4-100-day-07-flash-cards
d07-070,7,denude,"발가벗기다, 박탈하다

de(아래로) + nude(벗기다)",https://quizlet.com/kr/1206327244/%EA%B1%B0%EB%A7%8C%EC%96%B4-100-day-07-flash-cards
d07-071,7,deplete,"고갈시키다

de(반대로) + plere(채우다)",https://quizlet.com/kr/1206327244/%EA%B1%B0%EB%A7%8C%EC%96%B4-100-day-07-flash-cards
d07-072,7,deplore,"한탄하다, 슬퍼하다; 비난하다, 개탄하다;

de(아래로) + plorare(슬퍼하다, 괴로워하다)",https://quizlet.com/kr/1206327244/%EA%B1%B0%EB%A7%8C%EC%96%B4-100-day-07-flash-cards
d07-073,7,deploy,"(군대) 배치하다; 이용하다

de(반대말) + plicare(접다)",https://quizlet.com/kr/1206327244/%EA%B1%B0%EB%A7%8C%EC%96%B4-100-day-07-flash-cards
d07-074,7,depravity,"타락, 부패, 사악

de(아래로) + pravus(삐뚤어진)",https://quizlet.com/kr/1206327244/%EA%B1%B0%EB%A7%8C%EC%96%B4-100-day-07-flash-cards
d07-075,7,deprecate,"비난하다, 반대하다; 깎아내리다

de(아래로) + pravus(삐뚤어진)",https://quizlet.com/kr/1206327244/%EA%B1%B0%EB%A7%8C%EC%96%B4-100-day-07-flash-cards
d07-076,7,depreciate,"평가절하하다; 깎아내리다

de(아래로) + pretium(가격)",https://quizlet.com/kr/1206327244/%EA%B1%B0%EB%A7%8C%EC%96%B4-100-day-07-flash-cards
d07-077,7,deracinate,"뿌리째 뽑다, 근절하다

 dé-(반대) + racine(뿌리)",https://quizlet.com/kr/1206327244/%EA%B1%B0%EB%A7%8C%EC%96%B4-100-day-07-flash-cards
d07-078,7,derelict,"(건물 등) 방치된, 버려진; 태만한

de-(아래로) + relinquere(저버리다)",https://quizlet.com/kr/1206327244/%EA%B1%B0%EB%A7%8C%EC%96%B4-100-day-07-flash-cards
d07-079,7,deride,"조롱하다, 비웃다",https://quizlet.com/kr/1206327244/%EA%B1%B0%EB%A7%8C%EC%96%B4-100-day-07-flash-cards
d07-080,7,derivative,"파생적인, (새롭지 않은
특히 예술행위) 모방한;

de(아래) + rivus(개울, 강)",https://quizlet.com/kr/1206327244/%EA%B1%B0%EB%A7%8C%EC%96%B4-100-day-07-flash-cards
d07-081,7,derogate,"비하하다, 격하시키다

de(뒤로) + rogare(묻다, 요청하다)",https://quizlet.com/kr/1206327244/%EA%B1%B0%EB%A7%8C%EC%96%B4-100-day-07-flash-cards
d07-082,7,descry,"멀리서 보다, 발견하다; 알게 되다;",https://quizlet.com/kr/1206327244/%EA%B1%B0%EB%A7%8C%EC%96%B4-100-day-07-flash-cards
d07-083,7,desecrate,"신성 모독하다 (profane)

de(반대) + sacer(거룩한)",https://quizlet.com/kr/1206327244/%EA%B1%B0%EB%A7%8C%EC%96%B4-100-day-07-flash-cards
d07-084,7,desiccate,건조시키다; (식품) 건조시켜서 보관하다,https://quizlet.com/kr/1206327244/%EA%B1%B0%EB%A7%8C%EC%96%B4-100-day-07-flash-cards
d07-085,7,despicable,"경멸스러운, 비열한, 야비한

de(아래로) + specere(보다)",https://quizlet.com/kr/1206327244/%EA%B1%B0%EB%A7%8C%EC%96%B4-100-day-07-flash-cards
d07-086,7,despondent,"낙심한, 풀 죽은

de(아래로) + spondere(약속하다)",https://quizlet.com/kr/1206327244/%EA%B1%B0%EB%A7%8C%EC%96%B4-100-day-07-flash-cards
d07-087,7,desultory,"두서 없는, 되는대로, 산만한

(desultor(높이 뛰기 선수) -> 성금 성금 뛰어어서 넘어가는 모습.)",https://quizlet.com/kr/1206327244/%EA%B1%B0%EB%A7%8C%EC%96%B4-100-day-07-flash-cards
d07-088,7,detachment,"무심함; 객관적인 태도*

des(반대말로) + attacher(붙이다, 부착시키다)",https://quizlet.com/kr/1206327244/%EA%B1%B0%EB%A7%8C%EC%96%B4-100-day-07-flash-cards
d07-089,7,detain,"붙들다, 지체시키다; 구류하다

de(멀리) + tenere(붙들다)",https://quizlet.com/kr/1206327244/%EA%B1%B0%EB%A7%8C%EC%96%B4-100-day-07-flash-cards
d07-090,7,deter,"단념시키다, 그만두게 하다

de(멀리) + terrere(겁을 주다, 무섭게 하다)",https://quizlet.com/kr/1206327244/%EA%B1%B0%EB%A7%8C%EC%96%B4-100-day-07-flash-cards
d07-091,7,deteriorate,"악화되다, 손상을 입다",https://quizlet.com/kr/1206327244/%EA%B1%B0%EB%A7%8C%EC%96%B4-100-day-07-flash-cards
d07-092,7,determinative,"결정력이 있는, 결정 지어 주는",https://quizlet.com/kr/1206327244/%EA%B1%B0%EB%A7%8C%EC%96%B4-100-day-07-flash-cards
d07-093,7,deterministic,"결정론의, 결정론적인

de(완전히) + terminare(끝내다)",https://quizlet.com/kr/1206327244/%EA%B1%B0%EB%A7%8C%EC%96%B4-100-day-07-flash-cards
d07-094,7,detestation,"혐오, 증오; 혐오의 대상",https://quizlet.com/kr/1206327244/%EA%B1%B0%EB%A7%8C%EC%96%B4-100-day-07-flash-cards
d07-095,7,detract (from),"(가치, 중요성, 명성 따위를) 떨어뜨리다, 줄이다; (주의를) 딴 데로 돌리다

de(멀리) + trahere(당기다)",https://quizlet.com/kr/1206327244/%EA%B1%B0%EB%A7%8C%EC%96%B4-100-day-07-flash-cards
d07-096,7,detractor,"중상을 일삼는 사람, 명예 훼손자

de(멀리) + trahere(당기다)",https://quizlet.com/kr/1206327244/%EA%B1%B0%EB%A7%8C%EC%96%B4-100-day-07-flash-cards
d07-097,7,detrimental,해로운,https://quizlet.com/kr/1206327244/%EA%B1%B0%EB%A7%8C%EC%96%B4-100-day-07-flash-cards
d07-098,7,detritus,"파편, 폐기물; 쓰레기",https://quizlet.com/kr/1206327244/%EA%B1%B0%EB%A7%8C%EC%96%B4-100-day-07-flash-cards
d07-099,7,deviate,"벗어나다, 빗나가다

de(멀리) + via(길)",https://quizlet.com/kr/1206327244/%EA%B1%B0%EB%A7%8C%EC%96%B4-100-day-07-flash-cards
d07-100,7,devious,"부정한, 사악한; 돌아가는, 우회하는

de(멀리) + via(길)",https://quizlet.com/kr/1206327244/%EA%B1%B0%EB%A7%8C%EC%96%B4-100-day-07-flash-cards
d08-001,8,devoid of,~이 없는,https://quizlet.com/kr/1206327295/%EA%B1%B0%EB%A7%8C%EC%96%B4-100-day-08-flash-cards
d08-002,8,devolve,"양도하다, 전락하다",https://quizlet.com/kr/1206327295/%EA%B1%B0%EB%A7%8C%EC%96%B4-100-day-08-flash-cards
d08-003,8,dexterous,"솜씨 좋은, 능숙한;

(dex=오른손)",https://quizlet.com/kr/1206327295/%EA%B1%B0%EB%A7%8C%EC%96%B4-100-day-08-flash-cards
d08-004,8,dextral,우측의,https://quizlet.com/kr/1206327295/%EA%B1%B0%EB%A7%8C%EC%96%B4-100-day-08-flash-cards
d08-005,8,diametrically opposed,"180도로 반대인, 전혀 다른, 대척적으로 다른",https://quizlet.com/kr/1206327295/%EA%B1%B0%EB%A7%8C%EC%96%B4-100-day-08-flash-cards
d08-006,8,diaphanous,"(천이) 얇은, 비치는;

 dia(통하여) + phainein(보여주다)",https://quizlet.com/kr/1206327295/%EA%B1%B0%EB%A7%8C%EC%96%B4-100-day-08-flash-cards
d08-007,8,diatribe,"통렬한 비난;

 dia(통하여) + tribein(문지르다)",https://quizlet.com/kr/1206327295/%EA%B1%B0%EB%A7%8C%EC%96%B4-100-day-08-flash-cards
d08-008,8,dichotomy,"이분법, 양분됨;",https://quizlet.com/kr/1206327295/%EA%B1%B0%EB%A7%8C%EC%96%B4-100-day-08-flash-cards
d08-009,8,didactic,"가르치기 위한, 교훈적인;",https://quizlet.com/kr/1206327295/%EA%B1%B0%EB%A7%8C%EC%96%B4-100-day-08-flash-cards
d08-010,8,diehard,"보수적인, 완고한

die + hard",https://quizlet.com/kr/1206327295/%EA%B1%B0%EB%A7%8C%EC%96%B4-100-day-08-flash-cards
d08-011,8,differentiate,"차별, 구별하다

dis(멀리) + ferre(가져오다, 가지고 다니다)",https://quizlet.com/kr/1206327295/%EA%B1%B0%EB%A7%8C%EC%96%B4-100-day-08-flash-cards
d08-012,8,diffident,"자신 없는, 기가 죽은, 수줍어하는

dis(정반대) + fidere(신뢰하다)",https://quizlet.com/kr/1206327295/%EA%B1%B0%EB%A7%8C%EC%96%B4-100-day-08-flash-cards
d08-013,8,diffuse,"퍼뜨리다, 확산시키다; 널리 퍼진, 분산된; 장황한 (verbose)

dis(멀리) + fundere(붓다)",https://quizlet.com/kr/1206327295/%EA%B1%B0%EB%A7%8C%EC%96%B4-100-day-08-flash-cards
d08-014,8,digress,"(주제, 본론에서)
벗어나다


di(옆에) + gradi(걷다)",https://quizlet.com/kr/1206327295/%EA%B1%B0%EB%A7%8C%EC%96%B4-100-day-08-flash-cards
d08-015,8,dilapidated,"다 허물어져 가는, 낡고 황폐한

di(분리, 멀리) + lapis, lapid(돌)",https://quizlet.com/kr/1206327295/%EA%B1%B0%EB%A7%8C%EC%96%B4-100-day-08-flash-cards
d08-016,8,dilate,"넓히다; 상세히 말하다, 상술하다(elaborate);

di(분리) + latus(폭넓은)",https://quizlet.com/kr/1206327295/%EA%B1%B0%EB%A7%8C%EC%96%B4-100-day-08-flash-cards
d08-017,8,dilatory,"행동이 느린, 늑장부리는;

dilettare(즐거워하다)",https://quizlet.com/kr/1206327295/%EA%B1%B0%EB%A7%8C%EC%96%B4-100-day-08-flash-cards
d08-018,8,dilettante,"아마추어 (예술가) ;

dilettare(즐거워하다)",https://quizlet.com/kr/1206327295/%EA%B1%B0%EB%A7%8C%EC%96%B4-100-day-08-flash-cards
d08-019,8,dilute,"묽게 하다, 약화시키다;

dilator(미루는 사람)",https://quizlet.com/kr/1206327295/%EA%B1%B0%EB%A7%8C%EC%96%B4-100-day-08-flash-cards
d08-020,8,diminutive,아주 작은,https://quizlet.com/kr/1206327295/%EA%B1%B0%EB%A7%8C%EC%96%B4-100-day-08-flash-cards
d08-021,8,dingy,"칙칙한, 지저분한",https://quizlet.com/kr/1206327295/%EA%B1%B0%EB%A7%8C%EC%96%B4-100-day-08-flash-cards
d08-022,8,diplomatic,"수완이 있는, 능숙한;

diploun(접다, 포개다) -> diplōma(포개진 종이) -> 정부 문서",https://quizlet.com/kr/1206327295/%EA%B1%B0%EB%A7%8C%EC%96%B4-100-day-08-flash-cards
d08-023,8,dire,"끔찍한, 비참한; 절박한, 엄청난;

dirus(두려워하는, 위협적인)",https://quizlet.com/kr/1206327295/%EA%B1%B0%EB%A7%8C%EC%96%B4-100-day-08-flash-cards
d08-024,8,disabuse,"(그릇된 생각) 바로잡아주다;

dis(반대) + ab(멀리, 잘못해서) + uti(사용하다)",https://quizlet.com/kr/1206327295/%EA%B1%B0%EB%A7%8C%EC%96%B4-100-day-08-flash-cards
d08-025,8,disaffected,"불만, 반감을 품은

dis(반대) + ad(~에, ~로) + facere(하다)",https://quizlet.com/kr/1206327295/%EA%B1%B0%EB%A7%8C%EC%96%B4-100-day-08-flash-cards
d08-026,8,disapprobation,"강한 반대, 비난",https://quizlet.com/kr/1206327295/%EA%B1%B0%EB%A7%8C%EC%96%B4-100-day-08-flash-cards
d08-027,8,disarming,"(심리적으로) 상대방을 무장 해제시키는, 마음(화, 적개심)을 누그러뜨리는

dis(반대) + armare(무기)",https://quizlet.com/kr/1206327295/%EA%B1%B0%EB%A7%8C%EC%96%B4-100-day-08-flash-cards
d08-028,8,disarray,"무질서; 혼란을 주다, 혼란시키다",https://quizlet.com/kr/1206327295/%EA%B1%B0%EB%A7%8C%EC%96%B4-100-day-08-flash-cards
d08-029,8,disavow,"부인하다, 거부하다, 의절하다

dis(반대) + 고대 불어 avouer(인정하다) ad(~로) + vocare(부르다) -> avow

RECANT",https://quizlet.com/kr/1206327295/%EA%B1%B0%EB%A7%8C%EC%96%B4-100-day-08-flash-cards
d08-030,8,discern,"알아보다, 이해하다, 분별하다;

dis(분리) + cerener(분리시키다)",https://quizlet.com/kr/1206327295/%EA%B1%B0%EB%A7%8C%EC%96%B4-100-day-08-flash-cards
d08-031,8,discerning,"안목이 있는, 통찰력이 있는;

dis(분리) + cerener(분리시키다)",https://quizlet.com/kr/1206327295/%EA%B1%B0%EB%A7%8C%EC%96%B4-100-day-08-flash-cards
d08-032,8,discernment,"인식력, 분별력, 판단력;

dis(분리) + cerener(분리시키다)

PERSPICACITY",https://quizlet.com/kr/1206327295/%EA%B1%B0%EB%A7%8C%EC%96%B4-100-day-08-flash-cards
d08-033,8,disciple,"제자, 문하생, 추종자",https://quizlet.com/kr/1206327295/%EA%B1%B0%EB%A7%8C%EC%96%B4-100-day-08-flash-cards
d08-034,8,disciplinary,"징계의;

discere(배우다)",https://quizlet.com/kr/1206327295/%EA%B1%B0%EB%A7%8C%EC%96%B4-100-day-08-flash-cards
d08-035,8,discipline,학문,https://quizlet.com/kr/1206327295/%EA%B1%B0%EB%A7%8C%EC%96%B4-100-day-08-flash-cards
d08-036,8,disciplined,"규율, 기강을 따르는, 훈련, 단련된;

discere(배우다)",https://quizlet.com/kr/1206327295/%EA%B1%B0%EB%A7%8C%EC%96%B4-100-day-08-flash-cards
d08-037,8,discombobulate,"혼란 시키다, 당황스럽게 하다",https://quizlet.com/kr/1206327295/%EA%B1%B0%EB%A7%8C%EC%96%B4-100-day-08-flash-cards
d08-038,8,discomfit,"당황하게 하다, 혼란스럽게 하다;

dis(반대) + con(함께) + facere(만들다)",https://quizlet.com/kr/1206327295/%EA%B1%B0%EB%A7%8C%EC%96%B4-100-day-08-flash-cards
d08-039,8,discompose,"마음의 평정을 없애다, 동요시키다

dis(반대) + con(함께) + poser(두다)

PERTURB",https://quizlet.com/kr/1206327295/%EA%B1%B0%EB%A7%8C%EC%96%B4-100-day-08-flash-cards
d08-040,8,disconcert,"동요시키다, 혼란스럽게 하다;

dis(반대) + concerter(함께 두다)

UNSETTLE",https://quizlet.com/kr/1206327295/%EA%B1%B0%EB%A7%8C%EC%96%B4-100-day-08-flash-cards
d08-041,8,discordant,"조화를 이루지 못하는, 불협화음의;

dis(반대) + cord(심장)",https://quizlet.com/kr/1206327295/%EA%B1%B0%EB%A7%8C%EC%96%B4-100-day-08-flash-cards
d08-042,8,discourteous,"무례한;

dis(반대) + court(법정에 맞는 예의)",https://quizlet.com/kr/1206327295/%EA%B1%B0%EB%A7%8C%EC%96%B4-100-day-08-flash-cards
d08-043,8,discredit,"불명예스럽게 하다;
불신케 하다, 신빙성을 빼앗다;",https://quizlet.com/kr/1206327295/%EA%B1%B0%EB%A7%8C%EC%96%B4-100-day-08-flash-cards
d08-044,8,discreet,"지각 있는, 현명한, 신중한, 조심스러운;

dis(분리) + cerener(분리시키다)",https://quizlet.com/kr/1206327295/%EA%B1%B0%EB%A7%8C%EC%96%B4-100-day-08-flash-cards
d08-045,8,discrepancy,"모순, 불일치, 차이, 어긋남;

dis(분리, 멀리) + crepare(삐걱거리다)

INCONGRUITY",https://quizlet.com/kr/1206327295/%EA%B1%B0%EB%A7%8C%EC%96%B4-100-day-08-flash-cards
d08-046,8,discrete,"불연속의, 분리된, 별개의;

dis(분리) + cerener(분리시키다)

Seperate",https://quizlet.com/kr/1206327295/%EA%B1%B0%EB%A7%8C%EC%96%B4-100-day-08-flash-cards
d08-047,8,discretion,"신중함
자유재량, 결정;

dis(분리) + cerener(분리시키다)

Leeway, latitude, license",https://quizlet.com/kr/1206327295/%EA%B1%B0%EB%A7%8C%EC%96%B4-100-day-08-flash-cards
d08-048,8,discretionary,"재량껏 할 수 있는;

dis(분리) + cerener(분리시키다)",https://quizlet.com/kr/1206327295/%EA%B1%B0%EB%A7%8C%EC%96%B4-100-day-08-flash-cards
d08-049,8,discriminatory,"(부당하게) 차별하는, 차별적인, 편견을 가진",https://quizlet.com/kr/1206327295/%EA%B1%B0%EB%A7%8C%EC%96%B4-100-day-08-flash-cards
d08-050,8,discriminating,"안목이 있는; 식별력 있는

dis(분리) + cerener(분리시키다)

Discerning",https://quizlet.com/kr/1206327295/%EA%B1%B0%EB%A7%8C%EC%96%B4-100-day-08-flash-cards
d08-051,8,discursion,"주제에서 벗어난 이야기

Excursion, digression",https://quizlet.com/kr/1206327295/%EA%B1%B0%EB%A7%8C%EC%96%B4-100-day-08-flash-cards
d08-052,8,discursive,"주제를 벗어난, 산만한; 분석적인, 논증적인

dis(멀리) + currere(달리다)

Rambling;
Analytical",https://quizlet.com/kr/1206327295/%EA%B1%B0%EB%A7%8C%EC%96%B4-100-day-08-flash-cards
d08-053,8,disdain,"무시, 경멸
무시, 경멸하다

de(반대) + dignari(가치 있다고 여기다)

OPPROBRIUM",https://quizlet.com/kr/1206327295/%EA%B1%B0%EB%A7%8C%EC%96%B4-100-day-08-flash-cards
d08-054,8,disenfranchise,"선거권을 박탈하다; 권리를 박탈하다, (사회에서) 소외시키다",https://quizlet.com/kr/1206327295/%EA%B1%B0%EB%A7%8C%EC%96%B4-100-day-08-flash-cards
d08-055,8,disengage,"(연결, 접속) 풀다
(의무) 해방하다;

dis(반대)+ en(동사화) 저당",https://quizlet.com/kr/1206327295/%EA%B1%B0%EB%A7%8C%EC%96%B4-100-day-08-flash-cards
d08-056,8,disgorge,"(많은 양을) 쏟아 내다, 토해내다;

dis(반대로) + gorge(목구멍, 삼키다)

Cf. Gorge 협곡, 잔뜩 먹다",https://quizlet.com/kr/1206327295/%EA%B1%B0%EB%A7%8C%EC%96%B4-100-day-08-flash-cards
d08-057,8,disgruntled,"화난, 불만족한;

dis(강조) + grunt(끙 앓는 소리 내다)

Cf. Gruntle; 기쁘게 하다, 만족시키다",https://quizlet.com/kr/1206327295/%EA%B1%B0%EB%A7%8C%EC%96%B4-100-day-08-flash-cards
d08-058,8,disillusion,"(환상, 몽상을) 깨뜨리다;

dis(반대) + illusion",https://quizlet.com/kr/1206327295/%EA%B1%B0%EB%A7%8C%EC%96%B4-100-day-08-flash-cards
d08-059,8,disinfect,"살균 소독하다;

dis(반대) + infecter(감염시키다)",https://quizlet.com/kr/1206327295/%EA%B1%B0%EB%A7%8C%EC%96%B4-100-day-08-flash-cards
d08-060,8,disingenuous,"솔직하지 않은, 부정직한;

dis(반대)
ingenuous(순진한, 솔직한)",https://quizlet.com/kr/1206327295/%EA%B1%B0%EB%A7%8C%EC%96%B4-100-day-08-flash-cards
d08-061,8,disintegrate,"붕괴, 해체되다;

dis(반대) + integrate(합치다);",https://quizlet.com/kr/1206327295/%EA%B1%B0%EB%A7%8C%EC%96%B4-100-day-08-flash-cards
d08-062,8,disinterested,"객관적인, 공정한;

dis(반대) + interest(이익, 관심)

Dispassionate",https://quizlet.com/kr/1206327295/%EA%B1%B0%EB%A7%8C%EC%96%B4-100-day-08-flash-cards
d08-063,8,disjunction,"괴리, 차이;

dis(반대) + jungere(합류하다)",https://quizlet.com/kr/1206327295/%EA%B1%B0%EB%A7%8C%EC%96%B4-100-day-08-flash-cards
d08-064,8,dislocate,"(뼈) 탈구시키다; 혼란에 빠뜨리다, 붕괴시키다;

dis(제거) + locare(두다)",https://quizlet.com/kr/1206327295/%EA%B1%B0%EB%A7%8C%EC%96%B4-100-day-08-flash-cards
d08-065,8,dislodge,"(장소에서) 몰아내다, (직위에서) 쫓아내다",https://quizlet.com/kr/1206327295/%EA%B1%B0%EB%A7%8C%EC%96%B4-100-day-08-flash-cards
d08-066,8,dismal,"음산한, 음울한, 참담한, 매우 안 좋은;

dies(날, 하루) + mail(사악한)",https://quizlet.com/kr/1206327295/%EA%B1%B0%EB%A7%8C%EC%96%B4-100-day-08-flash-cards
d08-067,8,dismay,"경악하게 만들다; 낙담, 낙심시키다;

dis(부정) + may(조동사)",https://quizlet.com/kr/1206327295/%EA%B1%B0%EB%A7%8C%EC%96%B4-100-day-08-flash-cards
d08-068,8,dismiss (as),"일축하다, 묵살하다;
해산하다

reject as

dis(멀리) + mittere(보내다)

IGNORE, DISPEL",https://quizlet.com/kr/1206327295/%EA%B1%B0%EB%A7%8C%EC%96%B4-100-day-08-flash-cards
d08-069,8,disparage,"깎아내리다, 폄하하다, 비하하다;

des(반대로) par(동등한)",https://quizlet.com/kr/1206327295/%EA%B1%B0%EB%A7%8C%EC%96%B4-100-day-08-flash-cards
d08-070,8,disparate,"본질적으로 다른;

(dis(분리) + parare(준비하다)

HETEROGENEOUS, unequal",https://quizlet.com/kr/1206327295/%EA%B1%B0%EB%A7%8C%EC%96%B4-100-day-08-flash-cards
d08-071,8,dispassionate,"감정에 휘둘리지 않는, 객관적인, 공정한;

dis(반대) + pati(고통을 겪다)",https://quizlet.com/kr/1206327295/%EA%B1%B0%EB%A7%8C%EC%96%B4-100-day-08-flash-cards
d08-072,8,dispel,"(느낌, 믿음) 떨쳐 버리다, 없애다;

dis(분리해서) + pellere(몰고가다)",https://quizlet.com/kr/1206327295/%EA%B1%B0%EB%A7%8C%EC%96%B4-100-day-08-flash-cards
d08-073,8,dispensable,"없어도 되는;

dis(멀리)
pendere(무게 달다) ->",https://quizlet.com/kr/1206327295/%EA%B1%B0%EB%A7%8C%EC%96%B4-100-day-08-flash-cards
d08-074,8,dispirit,"(열정, 사기, 희망 등을) 잃게 하다;

dis(제거)+ spiritus(호흡, 영혼),",https://quizlet.com/kr/1206327295/%EA%B1%B0%EB%A7%8C%EC%96%B4-100-day-08-flash-cards
d08-075,8,displace,"쫓아내다, 강제 이주시키다; 대신, 대체하다;

dis(멀리) + platea(열린 공간)

Dislodge",https://quizlet.com/kr/1206327295/%EA%B1%B0%EB%A7%8C%EC%96%B4-100-day-08-flash-cards
d08-076,8,disquiet,"불안, 동요
동요, 걱정시키다

dis(제거, 반대) + quiet,quiet-(휴식, 고요한)

AFFRONT",https://quizlet.com/kr/1206327295/%EA%B1%B0%EB%A7%8C%EC%96%B4-100-day-08-flash-cards
d08-077,8,disrepute,"불명예

dis(제거, 반대) + re(강조) + putare(생각하다)",https://quizlet.com/kr/1206327295/%EA%B1%B0%EB%A7%8C%EC%96%B4-100-day-08-flash-cards
d08-078,8,disrupt,"방해하다, 지장을 주다, 중단시키다

dis(분리) + rumpere(부수다)",https://quizlet.com/kr/1206327295/%EA%B1%B0%EB%A7%8C%EC%96%B4-100-day-08-flash-cards
d08-079,8,dissect,"(표본) 해부하다, 분석하다

dis(분리) + secare(자르다)",https://quizlet.com/kr/1206327295/%EA%B1%B0%EB%A7%8C%EC%96%B4-100-day-08-flash-cards
d08-080,8,dissemble,"숨기다, 가식적으로 꾸미다, 가장하다

dis(강조) + simulare(흉내내다)",https://quizlet.com/kr/1206327295/%EA%B1%B0%EB%A7%8C%EC%96%B4-100-day-08-flash-cards
d08-081,8,disseminate,"퍼뜨리다, 전파하다;

(dis(넓게) + semen(씨앗))",https://quizlet.com/kr/1206327295/%EA%B1%B0%EB%A7%8C%EC%96%B4-100-day-08-flash-cards
d08-082,8,dissent,"(정통, 일반, 공식 의견에) 반대하다; 반대의견",https://quizlet.com/kr/1206327295/%EA%B1%B0%EB%A7%8C%EC%96%B4-100-day-08-flash-cards
d08-083,8,dissident,"반대하는; 반대자, 반체제인사

dis(분리) + sedere(앉다)",https://quizlet.com/kr/1206327295/%EA%B1%B0%EB%A7%8C%EC%96%B4-100-day-08-flash-cards
d08-084,8,dissimulate,"(실제 감정, 의도를) 감추다, 위장하다

dis(강조) + simulare(흉내내다)",https://quizlet.com/kr/1206327295/%EA%B1%B0%EB%A7%8C%EC%96%B4-100-day-08-flash-cards
d08-085,8,dissipate,"소멸하다, 소멸시키다; 탕진하다

dis(분리, 넓게) + supare(던지다)",https://quizlet.com/kr/1206327295/%EA%B1%B0%EB%A7%8C%EC%96%B4-100-day-08-flash-cards
d08-086,8,dissolution,"(단체, 의회) 해체, 해산, (결혼) 파경,
 (사업관계) 해소, 소멸, 사라짐

dis(분리) + solvere(풀어주다, 풀다)",https://quizlet.com/kr/1206327295/%EA%B1%B0%EB%A7%8C%EC%96%B4-100-day-08-flash-cards
d08-087,8,dissonance,"불협화음; 불화, 의견 충돌

dis(다른) + sonus(소리), sonare(소리나다)",https://quizlet.com/kr/1206327295/%EA%B1%B0%EB%A7%8C%EC%96%B4-100-day-08-flash-cards
d08-088,8,distill,"증류하여 불순물을 제거하다; 추출하다, 정수를 빼내다,

de(아래, 멀리) + stillare(물방이 떨어지다)",https://quizlet.com/kr/1206327295/%EA%B1%B0%EB%A7%8C%EC%96%B4-100-day-08-flash-cards
d08-089,8,distort,"비틀다; 왜곡하다;

dis(분리) + torquere(비틀다)",https://quizlet.com/kr/1206327295/%EA%B1%B0%EB%A7%8C%EC%96%B4-100-day-08-flash-cards
d08-090,8,distract,"(주의를) 딴 데로 돌리다;

dis(분리) + trahere(당기다)",https://quizlet.com/kr/1206327295/%EA%B1%B0%EB%A7%8C%EC%96%B4-100-day-08-flash-cards
d08-091,8,divergent,"분기하는, 갈라지는, (의견) 다른;

dis(두 갈래로) + vergere(기울다)

DISSIMILAR",https://quizlet.com/kr/1206327295/%EA%B1%B0%EB%A7%8C%EC%96%B4-100-day-08-flash-cards
d08-092,8,divert,"경로, 방향을 바꾸다; (생각, 관심을) 다른 데로 돌리다; 즐겁게 해주다;

di(옆으로) + vertere(돌리다)

Diverting=amusing, entertaining",https://quizlet.com/kr/1206327295/%EA%B1%B0%EB%A7%8C%EC%96%B4-100-day-08-flash-cards
d08-093,8,divisive,"분리, 분열시키는",https://quizlet.com/kr/1206327295/%EA%B1%B0%EB%A7%8C%EC%96%B4-100-day-08-flash-cards
d08-094,8,divorce,"분리시키다;

di(옆으로) + vertere(돌리다)

ABSTRACT, UNTETHER",https://quizlet.com/kr/1206327295/%EA%B1%B0%EB%A7%8C%EC%96%B4-100-day-08-flash-cards
d08-095,8,divulge,"누설하다, 알리다

di(폭넓게) + vulgare(발표하다)",https://quizlet.com/kr/1206327295/%EA%B1%B0%EB%A7%8C%EC%96%B4-100-day-08-flash-cards
d08-096,8,doctrinaire,"독단적인, 교조적인

docere(가르치다)

INFLEXIBLE",https://quizlet.com/kr/1206327295/%EA%B1%B0%EB%A7%8C%EC%96%B4-100-day-08-flash-cards
d08-097,8,doctrine,"정설, 원칙

docere(가르치다)",https://quizlet.com/kr/1206327295/%EA%B1%B0%EB%A7%8C%EC%96%B4-100-day-08-flash-cards
d08-098,8,document,(증거 서류로) 입증하다,https://quizlet.com/kr/1206327295/%EA%B1%B0%EB%A7%8C%EC%96%B4-100-day-08-flash-cards
d08-099,8,dodge,"(몸을) 재빨리 움직여 피하다; 기피하다, 회피하다",https://quizlet.com/kr/1206327295/%EA%B1%B0%EB%A7%8C%EC%96%B4-100-day-08-flash-cards
d08-100,8,dogmatic,"독단적인, 완고한",https://quizlet.com/kr/1206327295/%EA%B1%B0%EB%A7%8C%EC%96%B4-100-day-08-flash-cards
d09-001,9,doldrums,"침체기, 부진, 침울, 우울",https://quizlet.com/kr/1206327358/%EA%B1%B0%EB%A7%8C%EC%96%B4-100-day-09-flash-cards
d09-002,9,doleful,"애절한, 슬픈",https://quizlet.com/kr/1206327358/%EA%B1%B0%EB%A7%8C%EC%96%B4-100-day-09-flash-cards
d09-003,9,domineering,"지배(군림)하려는, 거만한, 오만한

(dominus(주인) -> dominari(지배하다))",https://quizlet.com/kr/1206327358/%EA%B1%B0%EB%A7%8C%EC%96%B4-100-day-09-flash-cards
d09-004,9,dormant,"활동이 없는, 휴면기의

(dorm(sleep) + ant : ""잠자고 있는"")",https://quizlet.com/kr/1206327358/%EA%B1%B0%EB%A7%8C%EC%96%B4-100-day-09-flash-cards
d09-005,9,dote,"맹목적으로 좋아하다, 애지중지하다.",https://quizlet.com/kr/1206327358/%EA%B1%B0%EB%A7%8C%EC%96%B4-100-day-09-flash-cards
d09-006,9,double-edged,양쪽에 날이 선; 상반된 특징을 가진,https://quizlet.com/kr/1206327358/%EA%B1%B0%EB%A7%8C%EC%96%B4-100-day-09-flash-cards
d09-007,9,dour,"시무룩한, 뚱한, 우울한",https://quizlet.com/kr/1206327358/%EA%B1%B0%EB%A7%8C%EC%96%B4-100-day-09-flash-cards
d09-008,9,douse,흠뻑적시다; (불을) 끄다.,https://quizlet.com/kr/1206327358/%EA%B1%B0%EB%A7%8C%EC%96%B4-100-day-09-flash-cards
d09-009,9,dovish,"온건파의, 비둘기파의;",https://quizlet.com/kr/1206327358/%EA%B1%B0%EB%A7%8C%EC%96%B4-100-day-09-flash-cards
d09-010,9,downplay,"경시하다, 하찮게 여기다",https://quizlet.com/kr/1206327358/%EA%B1%B0%EB%A7%8C%EC%96%B4-100-day-09-flash-cards
d09-011,9,drab,"칙칙한, 재미없는

uninteresting, dull, dreary, dingy, somber, sober",https://quizlet.com/kr/1206327358/%EA%B1%B0%EB%A7%8C%EC%96%B4-100-day-09-flash-cards
d09-012,9,draconian,"(법, 조치) 가혹한, 아주 엄격한",https://quizlet.com/kr/1206327358/%EA%B1%B0%EB%A7%8C%EC%96%B4-100-day-09-flash-cards
d09-013,9,drain,"서서히 배출하다, 물기 없애다.; 소모시키다.",https://quizlet.com/kr/1206327358/%EA%B1%B0%EB%A7%8C%EC%96%B4-100-day-09-flash-cards
d09-014,9,dramatize,극적으로 보여주다.,https://quizlet.com/kr/1206327358/%EA%B1%B0%EB%A7%8C%EC%96%B4-100-day-09-flash-cards
d09-015,9,drawl,모음을 늘여서 천천히 말하다.,https://quizlet.com/kr/1206327358/%EA%B1%B0%EB%A7%8C%EC%96%B4-100-day-09-flash-cards
d09-016,9,dreary,"지루한, 따분한, 음울한, 음침한

Dull, drab",https://quizlet.com/kr/1206327358/%EA%B1%B0%EB%A7%8C%EC%96%B4-100-day-09-flash-cards
d09-017,9,drench,흠뻑 적시다.,https://quizlet.com/kr/1206327358/%EA%B1%B0%EB%A7%8C%EC%96%B4-100-day-09-flash-cards
d09-018,9,drivel,허튼 소리,https://quizlet.com/kr/1206327358/%EA%B1%B0%EB%A7%8C%EC%96%B4-100-day-09-flash-cards
d09-019,9,droll,"웃기는, 익살스런

Funny

Drollness = quip, zinger",https://quizlet.com/kr/1206327358/%EA%B1%B0%EB%A7%8C%EC%96%B4-100-day-09-flash-cards
d09-020,9,drone,"단조롭게 말하다, speak boringly, talk at length",https://quizlet.com/kr/1206327358/%EA%B1%B0%EB%A7%8C%EC%96%B4-100-day-09-flash-cards
d09-021,9,dubious,"의심스러운; 의심하는; 불확실한, 좋다고 할 수 없는",https://quizlet.com/kr/1206327358/%EA%B1%B0%EB%A7%8C%EC%96%B4-100-day-09-flash-cards
d09-022,9,ductile,"(금속) 두드려 변형시킬 수 있는; 영향을 잘 받는 , 잘 변하는

PLASTIC, elastic",https://quizlet.com/kr/1206327358/%EA%B1%B0%EB%A7%8C%EC%96%B4-100-day-09-flash-cards
d09-023,9,due,"적절한, 마땅한; 충분한
마감 기한인, 지불 기일이 된",https://quizlet.com/kr/1206327358/%EA%B1%B0%EB%A7%8C%EC%96%B4-100-day-09-flash-cards
d09-024,9,dulcet,(소리) 감미로운,https://quizlet.com/kr/1206327358/%EA%B1%B0%EB%A7%8C%EC%96%B4-100-day-09-flash-cards
d09-025,9,duplicate,"(특히 불필요한 것을) 다시(중복해서) 하다
복사하다, 복제하다",https://quizlet.com/kr/1206327358/%EA%B1%B0%EB%A7%8C%EC%96%B4-100-day-09-flash-cards
d09-026,9,duplicity,"이중성, 표리부동

DISSEMBLANCE",https://quizlet.com/kr/1206327358/%EA%B1%B0%EB%A7%8C%EC%96%B4-100-day-09-flash-cards
d09-027,9,dwindle,점차 줄어들다.,https://quizlet.com/kr/1206327358/%EA%B1%B0%EB%A7%8C%EC%96%B4-100-day-09-flash-cards
d09-028,9,dysfunctional,"기능을 하지 않는, 고장 난

(dys(나쁜, 어려운) + fungi(수행하다))",https://quizlet.com/kr/1206327358/%EA%B1%B0%EB%A7%8C%EC%96%B4-100-day-09-flash-cards
d09-029,9,earthly,지상의; 세속적인,https://quizlet.com/kr/1206327358/%EA%B1%B0%EB%A7%8C%EC%96%B4-100-day-09-flash-cards
d09-030,9,ebb,"(서서히) 사그라지다, 약해지다.

WANE",https://quizlet.com/kr/1206327358/%EA%B1%B0%EB%A7%8C%EC%96%B4-100-day-09-flash-cards
d09-031,9,ebullient,"비등하는(boiling); 활기, 열정이 넘치는, 패기넘치는;

(e(밖으로) + bullire(끓다))",https://quizlet.com/kr/1206327358/%EA%B1%B0%EB%A7%8C%EC%96%B4-100-day-09-flash-cards
d09-032,9,eccentric,"별난 , 엉뚱한, 특이하고 이상한",https://quizlet.com/kr/1206327358/%EA%B1%B0%EB%A7%8C%EC%96%B4-100-day-09-flash-cards
d09-033,9,ecclesiastical,"교회의, 기독교적인",https://quizlet.com/kr/1206327358/%EA%B1%B0%EB%A7%8C%EC%96%B4-100-day-09-flash-cards
d09-034,9,echelon,(위계질성의) 계층,https://quizlet.com/kr/1206327358/%EA%B1%B0%EB%A7%8C%EC%96%B4-100-day-09-flash-cards
d09-035,9,eclectic,"다양한, 다방면의, 취사선택의

(k(밖으로) + legein(선택하다))

MULTIFACED, WIDE-RANGING",https://quizlet.com/kr/1206327358/%EA%B1%B0%EB%A7%8C%EC%96%B4-100-day-09-flash-cards
d09-036,9,eclipse,"(천체, 빛을) 가리다.; 빛을 잃게(무색하게) 만들다; (일식, 월식) 식

(ek(밖으로) + leipein(떠나다))

OUTDO, outshine",https://quizlet.com/kr/1206327358/%EA%B1%B0%EB%A7%8C%EC%96%B4-100-day-09-flash-cards
d09-037,9,economy,"검소함, 아껴씀",https://quizlet.com/kr/1206327358/%EA%B1%B0%EB%A7%8C%EC%96%B4-100-day-09-flash-cards
d09-038,9,ecumenical,"전 기독교적인, 세계 교회 주의의; 보편적인, 전반적인
Universal",https://quizlet.com/kr/1206327358/%EA%B1%B0%EB%A7%8C%EC%96%B4-100-day-09-flash-cards
d09-039,9,edifying,"교훈적인, 의식을 고양시키는

(aedis(거주지, 집) + facere(만들다))",https://quizlet.com/kr/1206327358/%EA%B1%B0%EB%A7%8C%EC%96%B4-100-day-09-flash-cards
d09-040,9,efface,"삭제하다; 눈에 띄지 않게 행동하다.

(edis(거주지, 집) + facere(만들다))

Make oneself inconspicuous

Cf. Self-effacing 자신을 드러내지 않는",https://quizlet.com/kr/1206327358/%EA%B1%B0%EB%A7%8C%EC%96%B4-100-day-09-flash-cards
d09-041,9,effect,"효과, 영향, 결과; 일으키다, 발생시키다",https://quizlet.com/kr/1206327358/%EA%B1%B0%EB%A7%8C%EC%96%B4-100-day-09-flash-cards
d09-042,9,effectual,"(사물이) 효과적인, 유효한;
(협정, 증서 등이)법적으로 구속력이 있는

(ex(밖으로, 철저하게) + facere(만들다, 하다))",https://quizlet.com/kr/1206327358/%EA%B1%B0%EB%A7%8C%EC%96%B4-100-day-09-flash-cards
d09-043,9,effervescent,"거품이 이는
쾌활한, 활발한, 활력 넘치는

(ex(밖으로, 위로) + fervescere(끓기 시작하다))",https://quizlet.com/kr/1206327358/%EA%B1%B0%EB%A7%8C%EC%96%B4-100-day-09-flash-cards
d09-044,9,effete,"기운이 빠진, 무기력한

(ex(밖으로) + fetus(기르는))

Enfeebled, enervated",https://quizlet.com/kr/1206327358/%EA%B1%B0%EB%A7%8C%EC%96%B4-100-day-09-flash-cards
d09-045,9,efficacious,"효과적인, 효능, 효험 있는

(ex(밖으로, 철저하게) + facere(만들다, 하다))",https://quizlet.com/kr/1206327358/%EA%B1%B0%EB%A7%8C%EC%96%B4-100-day-09-flash-cards
d09-046,9,efficient,"효율적인, 유능한, 실력 있는

(ex-(완전히, 철저히) + facere(하다, 만들다))",https://quizlet.com/kr/1206327358/%EA%B1%B0%EB%A7%8C%EC%96%B4-100-day-09-flash-cards
d09-047,9,effluvium,"악취

Effluent
Effluvial",https://quizlet.com/kr/1206327358/%EA%B1%B0%EB%A7%8C%EC%96%B4-100-day-09-flash-cards
d09-048,9,effusive,"(감정 표현이) 넘치는, (감정을) 토로, 분출하는; 용암 분출의;

(ex(밖으로) + fundere(붓다))

IMMODERATE",https://quizlet.com/kr/1206327358/%EA%B1%B0%EB%A7%8C%EC%96%B4-100-day-09-flash-cards
d09-049,9,egalitarian,"평등주의적인


(equal(똑같은) + tarian)",https://quizlet.com/kr/1206327358/%EA%B1%B0%EB%A7%8C%EC%96%B4-100-day-09-flash-cards
d09-050,9,egregious,"지독히 나쁜, 충격적인;

(ex(밖으로) + grex, gre(무리))

Shocking, appalling",https://quizlet.com/kr/1206327358/%EA%B1%B0%EB%A7%8C%EC%96%B4-100-day-09-flash-cards
d09-051,9,elaborate,"공들인, 복잡한, 정교한.
전개하다, 상술하다

(ex(밖으로) + labor(일하다))

expatiate, expound, dilate, amplify, delineate",https://quizlet.com/kr/1206327358/%EA%B1%B0%EB%A7%8C%EC%96%B4-100-day-09-flash-cards
d09-052,9,elastic,"탄성있는; 신축적인, 융통성 있는",https://quizlet.com/kr/1206327358/%EA%B1%B0%EB%A7%8C%EC%96%B4-100-day-09-flash-cards
d09-053,9,elated,"아주 행복한, 신이 난, 의기 양양한;

(ex(밖으로) + ferre(짐 나르다))",https://quizlet.com/kr/1206327358/%EA%B1%B0%EB%A7%8C%EC%96%B4-100-day-09-flash-cards
d09-054,9,elemental,"기본적인, 근본적인",https://quizlet.com/kr/1206327358/%EA%B1%B0%EB%A7%8C%EC%96%B4-100-day-09-flash-cards
d09-055,9,elevate,"들어올리다; 승진시키다, 승격시키다; (상태, 정도를) 높이다.

(ex(밖으로, 멀리) + levare(가볍게하다),)",https://quizlet.com/kr/1206327358/%EA%B1%B0%EB%A7%8C%EC%96%B4-100-day-09-flash-cards
d09-056,9,elicit,"(감정, 반응을) 이끌어 내다.

(e(밖으로) + lacere(유혹하다, 속이다))",https://quizlet.com/kr/1206327358/%EA%B1%B0%EB%A7%8C%EC%96%B4-100-day-09-flash-cards
d09-057,9,elliptical,"타원형의; (너무 생략되어) 의미가 모호한;

Oblique, obscure",https://quizlet.com/kr/1206327358/%EA%B1%B0%EB%A7%8C%EC%96%B4-100-day-09-flash-cards
d09-058,9,elongate,"길어지다, 길이를 늘리다.

(e(멀리) + longe(아주 먼), longus(긴))",https://quizlet.com/kr/1206327358/%EA%B1%B0%EB%A7%8C%EC%96%B4-100-day-09-flash-cards
d09-059,9,eloquent,"웅변(연설)을 잘하는, (말, 글이) 유창한

(e(밖으로) + loqui(말하다))",https://quizlet.com/kr/1206327358/%EA%B1%B0%EB%A7%8C%EC%96%B4-100-day-09-flash-cards
d09-060,9,elucidate,"명료하게 하다, (명확히) 설명하다.

(e(밖으로) + lucidus(명백한))",https://quizlet.com/kr/1206327358/%EA%B1%B0%EB%A7%8C%EC%96%B4-100-day-09-flash-cards
d09-061,9,elusive,"찾기 힘든, 잡기 힘든
(개념 등) 이해하기 힘든, 정의하기 힘든잡아서 연구하기 힘든

(e(밖으로, 멀리) + ludere(놀다))

CRYPTIC, SLIPPERY",https://quizlet.com/kr/1206327358/%EA%B1%B0%EB%A7%8C%EC%96%B4-100-day-09-flash-cards
d09-062,9,emaciated,"(병, 기아로) 수척해진

(e(밖으로) + macies(비쩍마름))",https://quizlet.com/kr/1206327358/%EA%B1%B0%EB%A7%8C%EC%96%B4-100-day-09-flash-cards
d09-063,9,emanate,"발산하다, 내뿜다.

(e(밖으로) + manare(흐르다))",https://quizlet.com/kr/1206327358/%EA%B1%B0%EB%A7%8C%EC%96%B4-100-day-09-flash-cards
d09-064,9,emancipate,"(억압, 속박, 구속으로부터) 해방시키다.

(e(밖으로) + mancipium(노예))",https://quizlet.com/kr/1206327358/%EA%B1%B0%EB%A7%8C%EC%96%B4-100-day-09-flash-cards
d09-065,9,embed,"(단단히, 깊숙이) 박다, 끼워 넣다.",https://quizlet.com/kr/1206327358/%EA%B1%B0%EB%A7%8C%EC%96%B4-100-day-09-flash-cards
d09-066,9,embellish,"꾸미다, 장식하다; (이야기를) 꾸미다

(em(강조) + bel(예쁜, 잘생긴))",https://quizlet.com/kr/1206327358/%EA%B1%B0%EB%A7%8C%EC%96%B4-100-day-09-flash-cards
d09-067,9,embezzle,"횡령하다, 사취하다.

Pilfer, purloin",https://quizlet.com/kr/1206327358/%EA%B1%B0%EB%A7%8C%EC%96%B4-100-day-09-flash-cards
d09-068,9,emblematic,"상징적인

(em(안에) + ballein(던지다))

TOTEMTIC, CHARACTERISTIC",https://quizlet.com/kr/1206327358/%EA%B1%B0%EB%A7%8C%EC%96%B4-100-day-09-flash-cards
d09-069,9,embody,"구체화하다. 구현하다. 포함하다.

(em(안으로) + body)

Embodiment = personification, epitome, paragon, incarnation",https://quizlet.com/kr/1206327358/%EA%B1%B0%EB%A7%8C%EC%96%B4-100-day-09-flash-cards
d09-070,9,embolden,대담하게 하다.,https://quizlet.com/kr/1206327358/%EA%B1%B0%EB%A7%8C%EC%96%B4-100-day-09-flash-cards
d09-071,9,embrace,"포함하다. (생각, 의견) 받아들이다, 채택하다.

(in(안으로) + bracchium(팔))",https://quizlet.com/kr/1206327358/%EA%B1%B0%EB%A7%8C%EC%96%B4-100-day-09-flash-cards
d09-072,9,embryonic,"미발달의

(em(안으로) + bruein(부풀다, 자라다))",https://quizlet.com/kr/1206327358/%EA%B1%B0%EB%A7%8C%EC%96%B4-100-day-09-flash-cards
d09-073,9,emend,"교정, 수정하다.

(e(밖으로) + menda(오류))",https://quizlet.com/kr/1206327358/%EA%B1%B0%EB%A7%8C%EC%96%B4-100-day-09-flash-cards
d09-074,9,empathy,"공감, 이해

(em(안에) + pathos(느낌, 기분))",https://quizlet.com/kr/1206327358/%EA%B1%B0%EB%A7%8C%EC%96%B4-100-day-09-flash-cards
d09-075,9,empirical,"경험(실험)에 의거한, 실증적인

(em(동사화) + peira(시도, 실험, 경험))",https://quizlet.com/kr/1206327358/%EA%B1%B0%EB%A7%8C%EC%96%B4-100-day-09-flash-cards
d09-076,9,emulate,"모방하다, 경쟁하다

IMITATE",https://quizlet.com/kr/1206327358/%EA%B1%B0%EB%A7%8C%EC%96%B4-100-day-09-flash-cards
d09-077,9,emulsify,"유화시키다, 유화하다",https://quizlet.com/kr/1206327358/%EA%B1%B0%EB%A7%8C%EC%96%B4-100-day-09-flash-cards
d09-078,9,enamored,"매료된

(en(안에) + amour(사랑))",https://quizlet.com/kr/1206327358/%EA%B1%B0%EB%A7%8C%EC%96%B4-100-day-09-flash-cards
d09-079,9,encapsulate,"요약하다.

(en(안에) + capsula(상자))",https://quizlet.com/kr/1206327358/%EA%B1%B0%EB%A7%8C%EC%96%B4-100-day-09-flash-cards
d09-080,9,enchant,"매료시키다.마법을 걸다.

(en(안에) + cantare(노래하다))",https://quizlet.com/kr/1206327358/%EA%B1%B0%EB%A7%8C%EC%96%B4-100-day-09-flash-cards
d09-081,9,encomium,"찬사

(en(안에) + komos(축하))

TRIBUTE",https://quizlet.com/kr/1206327358/%EA%B1%B0%EB%A7%8C%EC%96%B4-100-day-09-flash-cards
d09-082,9,encompass,"둘러싸다, 포위하다; 포함하다.

(en(안에) + com(함께) + passus(발걸음))",https://quizlet.com/kr/1206327358/%EA%B1%B0%EB%A7%8C%EC%96%B4-100-day-09-flash-cards
d09-083,9,encumber,"짐 지우다; 막다, 방해하다.

(en(안에) + combre(강, 댐))",https://quizlet.com/kr/1206327358/%EA%B1%B0%EB%A7%8C%EC%96%B4-100-day-09-flash-cards
d09-084,9,encyclopedic,"(정보가) 철저한, 백과사전의

EXHAUSTIVE, COMPREHENSIVE, POLYMATHIC",https://quizlet.com/kr/1206327358/%EA%B1%B0%EB%A7%8C%EC%96%B4-100-day-09-flash-cards
d09-085,9,endeavor,"노력; 노력하다, 시도하다.",https://quizlet.com/kr/1206327358/%EA%B1%B0%EB%A7%8C%EC%96%B4-100-day-09-flash-cards
d09-086,9,endemic,"고유의, 풍토적인, 고질적인

(en(내부의) + dēmos(서민, 사람들))",https://quizlet.com/kr/1206327358/%EA%B1%B0%EB%A7%8C%EC%96%B4-100-day-09-flash-cards
d09-087,9,endorse,"승인, 지지하다. (수표에) 배서하다.

(in(안에, 위에) + dorsum(등))

SANCTION, UNDERWRITE",https://quizlet.com/kr/1206327358/%EA%B1%B0%EB%A7%8C%EC%96%B4-100-day-09-flash-cards
d09-088,9,endow,"주다, 부여하다. 기부하다.

(en(안에, 향하여) + 고대 프랑스어 douer(선 물로 주다))",https://quizlet.com/kr/1206327358/%EA%B1%B0%EB%A7%8C%EC%96%B4-100-day-09-flash-cards
d09-089,9,enduring,"영속적인, 지속적인

(in(안에) + durus(단단한))",https://quizlet.com/kr/1206327358/%EA%B1%B0%EB%A7%8C%EC%96%B4-100-day-09-flash-cards
d09-090,9,enervate,"약화시키다.

(e(밖으로) + nervus(힘줄, 힘, 정력))

Enfeeble, debilitate",https://quizlet.com/kr/1206327358/%EA%B1%B0%EB%A7%8C%EC%96%B4-100-day-09-flash-cards
d09-091,9,enfeeble,"약화시키다, 활력을 없애다.

(en(변화) + feble(약한))",https://quizlet.com/kr/1206327358/%EA%B1%B0%EB%A7%8C%EC%96%B4-100-day-09-flash-cards
d09-092,9,enfranchise,"투표권을 주다. 자유롭게 해주다.

(en(변화) + franche(자유로운))",https://quizlet.com/kr/1206327358/%EA%B1%B0%EB%A7%8C%EC%96%B4-100-day-09-flash-cards
d09-093,9,engaging,"(사람이) 남을 매혹하는, 애교(매력) 있는, 붙임성 있는; (이야기 등이) 재미있는, 흥미로운

(en(동사화) + gage(저당) -> 저당잡히다 -> 계약을 맺다 -> 관여시키다)

WINNING",https://quizlet.com/kr/1206327358/%EA%B1%B0%EB%A7%8C%EC%96%B4-100-day-09-flash-cards
d09-094,9,engender,"낳다, 일으키다.

(en(안에) + generare(낳다))

INDUCE",https://quizlet.com/kr/1206327358/%EA%B1%B0%EB%A7%8C%EC%96%B4-100-day-09-flash-cards
d09-095,9,engross,"몰두, 열중시키다.

(en(안에) + grossus(큰))",https://quizlet.com/kr/1206327358/%EA%B1%B0%EB%A7%8C%EC%96%B4-100-day-09-flash-cards
d09-096,9,enigmatic,"수수께끼 같은, 난해한

(enigma(수수께끼) )",https://quizlet.com/kr/1206327358/%EA%B1%B0%EB%A7%8C%EC%96%B4-100-day-09-flash-cards
d09-097,9,enjoin,"명령하다; (법률로) 금지하다.

(en(향해서) + jungere(합류하다))",https://quizlet.com/kr/1206327358/%EA%B1%B0%EB%A7%8C%EC%96%B4-100-day-09-flash-cards
d09-098,9,enlighten,"설명하다, 가르치다; 계몽하다.

(en light 빛을 주다 )",https://quizlet.com/kr/1206327358/%EA%B1%B0%EB%A7%8C%EC%96%B4-100-day-09-flash-cards
d09-099,9,enmity,"적대감

(e + amicus(친구))",https://quizlet.com/kr/1206327358/%EA%B1%B0%EB%A7%8C%EC%96%B4-100-day-09-flash-cards
d09-100,9,ennui,"권태감, 지루함",https://quizlet.com/kr/1206327358/%EA%B1%B0%EB%A7%8C%EC%96%B4-100-day-09-flash-cards
d10-001,10,enrapture,황홀하게 하다,https://quizlet.com/kr/1206327437/%EA%B1%B0%EB%A7%8C%EC%96%B4-100-day-10-flash-cards
d10-002,10,ensconce,"안전한 곳에 두다, 감추다, 숨기다 ;편히 앉히다",https://quizlet.com/kr/1206327437/%EA%B1%B0%EB%A7%8C%EC%96%B4-100-day-10-flash-cards
d10-003,10,ensue,뒤따르다,https://quizlet.com/kr/1206327437/%EA%B1%B0%EB%A7%8C%EC%96%B4-100-day-10-flash-cards
d10-004,10,entail,"~라는 논리적 결론에 이르다. 수반하다, 일으키다.

 curtail(자르고 또 자르다→짧게 줄이다, 생략하다),

Entailed by = inferable from

Infer, imply",https://quizlet.com/kr/1206327437/%EA%B1%B0%EB%A7%8C%EC%96%B4-100-day-10-flash-cards
d10-005,10,entangle,"뒤엉키게 하다, 복잡하게 만들다.

[en(make) + tangle: ""접촉하게 하다"" → 뒤얽히게 하다 ]",https://quizlet.com/kr/1206327437/%EA%B1%B0%EB%A7%8C%EC%96%B4-100-day-10-flash-cards
d10-006,10,enterprising,"진취적인, 왕성한",https://quizlet.com/kr/1206327437/%EA%B1%B0%EB%A7%8C%EC%96%B4-100-day-10-flash-cards
d10-007,10,enthrall,"매료시키다.; 노예로 만들다;

en(강조) + thrall(노예)",https://quizlet.com/kr/1206327437/%EA%B1%B0%EB%A7%8C%EC%96%B4-100-day-10-flash-cards
d10-008,10,entice,"유인하다, 유혹하다.

(en(동사화) + titio(휏불) -> 불지르다)",https://quizlet.com/kr/1206327437/%EA%B1%B0%EB%A7%8C%EC%96%B4-100-day-10-flash-cards
d10-009,10,entrammel,"얽히게 하다, 구속하다, 방해하다.

en(동사화) + tri-(세 개의) + macula(그물)

Confine, limit",https://quizlet.com/kr/1206327437/%EA%B1%B0%EB%A7%8C%EC%96%B4-100-day-10-flash-cards
d10-010,10,entrance,"도취시키다, 황홀하게 만들다.

en(안으로) + trance(몰입상태)

Enchant",https://quizlet.com/kr/1206327437/%EA%B1%B0%EB%A7%8C%EC%96%B4-100-day-10-flash-cards
d10-011,10,entreat,"간청, 탄원하다.

[en(~에 대해) + treat(다루다, 접대하다)]",https://quizlet.com/kr/1206327437/%EA%B1%B0%EB%A7%8C%EC%96%B4-100-day-10-flash-cards
d10-012,10,entrenched,"(습관, 믿음) 확고히 자리잡은, 깊이 뿌리 내린

en(in) + trench(cut) : ""안을 파다""",https://quizlet.com/kr/1206327437/%EA%B1%B0%EB%A7%8C%EC%96%B4-100-day-10-flash-cards
d10-013,10,entrepreneurial,"기업가적인, 모험심 있는, 진취적인",https://quizlet.com/kr/1206327437/%EA%B1%B0%EB%A7%8C%EC%96%B4-100-day-10-flash-cards
d10-014,10,enunciate,"명확히 발음하다; 명확히 표현/설명 하다.

[e(out) + nunc < nounce(공표하다) + iate : ""밖으로 공표하다"";]",https://quizlet.com/kr/1206327437/%EA%B1%B0%EB%A7%8C%EC%96%B4-100-day-10-flash-cards
d10-015,10,envision,"상상하다, 그리다.

[en(make) + vis(look) + ion : ""보이게 만들다"" ]",https://quizlet.com/kr/1206327437/%EA%B1%B0%EB%A7%8C%EC%96%B4-100-day-10-flash-cards
d10-016,10,ephemeral,"일시적인, 덧없는

[< epi(upon) + hemer(day) + al : ""하루에"" ]",https://quizlet.com/kr/1206327437/%EA%B1%B0%EB%A7%8C%EC%96%B4-100-day-10-flash-cards
d10-017,10,epicenter,"(지진) 진앙지
중심점

epi(위의) + kentron(중심)",https://quizlet.com/kr/1206327437/%EA%B1%B0%EB%A7%8C%EC%96%B4-100-day-10-flash-cards
d10-018,10,epistolary,"서간의, 서한의, 서간체의, 편지에 알맞는

Epistle",https://quizlet.com/kr/1206327437/%EA%B1%B0%EB%A7%8C%EC%96%B4-100-day-10-flash-cards
d10-019,10,epitome,"전형, 모범, 완벽한 예; 요약, 줄거리

[epi(upon) + tome(cut) : ""위에 자른 것""]",https://quizlet.com/kr/1206327437/%EA%B1%B0%EB%A7%8C%EC%96%B4-100-day-10-flash-cards
d10-020,10,epitomize,"요약하다. 전형이 되다.

[epi(upon) + tome(cut) : ""위에 자른 것""]",https://quizlet.com/kr/1206327437/%EA%B1%B0%EB%A7%8C%EC%96%B4-100-day-10-flash-cards
d10-021,10,equable,"(마음) 차분한, 평온한
(날씨) 기온 변화가 적은, 고른

equi(동등한)

Stoic, staid, placid, unflappable, imperturbable",https://quizlet.com/kr/1206327437/%EA%B1%B0%EB%A7%8C%EC%96%B4-100-day-10-flash-cards
d10-022,10,equanimity,"(마음) 평정, 차분함

equi(동등한) + animus(마음)

Sangfroid, aplomb, composure",https://quizlet.com/kr/1206327437/%EA%B1%B0%EB%A7%8C%EC%96%B4-100-day-10-flash-cards
d10-023,10,equilibrium,"평형, 균형; (마음) 평정

equi(동등한) + libra(저울, 균형)

EQUIPOISE; composure, equanimity, sangfroid, aplomb",https://quizlet.com/kr/1206327437/%EA%B1%B0%EB%A7%8C%EC%96%B4-100-day-10-flash-cards
d10-024,10,equipoise,"균형, 평형

equi(동등한) + pensum(저울, 무게)

EQUILIBRIUM",https://quizlet.com/kr/1206327437/%EA%B1%B0%EB%A7%8C%EC%96%B4-100-day-10-flash-cards
d10-025,10,equitable,"공평한, 공정한

equi(동등한)",https://quizlet.com/kr/1206327437/%EA%B1%B0%EB%A7%8C%EC%96%B4-100-day-10-flash-cards
d10-026,10,equity,"공평, 공정; 가치, 자산의 순가치",https://quizlet.com/kr/1206327437/%EA%B1%B0%EB%A7%8C%EC%96%B4-100-day-10-flash-cards
d10-027,10,equivocal,"애매한

(aequi(동등하게) + vocare(부르다))

VAGUE",https://quizlet.com/kr/1206327437/%EA%B1%B0%EB%A7%8C%EC%96%B4-100-day-10-flash-cards
d10-028,10,equivocate,"얼버무리다, 모호하게 말하다.

(aequi(동등하게) + vocare(부르다))

Palter, prevaricate

Equivocation= prevarication, paltering, circumlocution, periphrasis",https://quizlet.com/kr/1206327437/%EA%B1%B0%EB%A7%8C%EC%96%B4-100-day-10-flash-cards
d10-029,10,eradicate,"근절하다.

(e(밖으로) + raix, radic-(뿌리))",https://quizlet.com/kr/1206327437/%EA%B1%B0%EB%A7%8C%EC%96%B4-100-day-10-flash-cards
d10-030,10,err,"틀리다, 실수하다.

errare(방황하다, 헤매다)",https://quizlet.com/kr/1206327437/%EA%B1%B0%EB%A7%8C%EC%96%B4-100-day-10-flash-cards
d10-031,10,errant,"정도를 벗어난, 잘못된, 비정상의

WAYWARD, aberrant, erring",https://quizlet.com/kr/1206327437/%EA%B1%B0%EB%A7%8C%EC%96%B4-100-day-10-flash-cards
d10-032,10,erratic,"불규칙한, 일정치 않은, 변덕스러운

errare(방황하다, 헤매다)

Irregular",https://quizlet.com/kr/1206327437/%EA%B1%B0%EB%A7%8C%EC%96%B4-100-day-10-flash-cards
d10-033,10,erroneous,"잘못된, 틀린

errare(방황하다, 헤매다)",https://quizlet.com/kr/1206327437/%EA%B1%B0%EB%A7%8C%EC%96%B4-100-day-10-flash-cards
d10-034,10,ersatz,"진품처럼 보이(려하)는 가짜의; 질이 떨어지는, 대용의, 인공의, 합성의",https://quizlet.com/kr/1206327437/%EA%B1%B0%EB%A7%8C%EC%96%B4-100-day-10-flash-cards
d10-035,10,erstwhile,"이전의

(erst(과거의, 옛날의) + while(시간, 기간))

ONE-TIME",https://quizlet.com/kr/1206327437/%EA%B1%B0%EB%A7%8C%EC%96%B4-100-day-10-flash-cards
d10-036,10,erudite,"박식한 learned, schorlarly
Encyclopedic, polymathic",https://quizlet.com/kr/1206327437/%EA%B1%B0%EB%A7%8C%EC%96%B4-100-day-10-flash-cards
d10-037,10,eschew,"피하다, 삼가다.

( es+CHEW.)

AVOID, FORSWEAR, SHUN",https://quizlet.com/kr/1206327437/%EA%B1%B0%EB%A7%8C%EC%96%B4-100-day-10-flash-cards
d10-038,10,esoteric,"난해한, 소수만 아는

(esō(내부에, 안에))

ARCANE, RECONDITE, abstruse",https://quizlet.com/kr/1206327437/%EA%B1%B0%EB%A7%8C%EC%96%B4-100-day-10-flash-cards
d10-039,10,espouse,"(믿음이나 신념 등) 받아들이다, 채택하다, 지지하다, 신봉하다.

ADOPT",https://quizlet.com/kr/1206327437/%EA%B1%B0%EB%A7%8C%EC%96%B4-100-day-10-flash-cards
d10-040,10,esteem,"존경, 존중하다; 존경, 존중

(aestimare(평가하다))",https://quizlet.com/kr/1206327437/%EA%B1%B0%EB%A7%8C%EC%96%B4-100-day-10-flash-cards
d10-041,10,estimable,"존경할 만한; 어림(평가) 할 수 있는

(aestimare(평가하다))",https://quizlet.com/kr/1206327437/%EA%B1%B0%EB%A7%8C%EC%96%B4-100-day-10-flash-cards
d10-042,10,estrange,"사이를 멀어지게 하다, 소원하게 하다.

(extraneare(이방인으로 대하다))",https://quizlet.com/kr/1206327437/%EA%B1%B0%EB%A7%8C%EC%96%B4-100-day-10-flash-cards
d10-043,10,ethereal,"가볍고 섬세한; 천상의, 영적인

[ether(에테르, 하늘, 대기 밖의 정기) ]",https://quizlet.com/kr/1206327437/%EA%B1%B0%EB%A7%8C%EC%96%B4-100-day-10-flash-cards
d10-044,10,ethos,"(한 국민, 사회, 제도 등의) 기풍, 정신",https://quizlet.com/kr/1206327437/%EA%B1%B0%EB%A7%8C%EC%96%B4-100-day-10-flash-cards
d10-045,10,eulogy,"(고인에 대한) 추도 연설; 칭송, 찬양

[eu(good) + logy(word) : ""좋은 말""]",https://quizlet.com/kr/1206327437/%EA%B1%B0%EB%A7%8C%EC%96%B4-100-day-10-flash-cards
d10-046,10,euphemism,"완곡어법

(eu(좋은) + phēmē(말))",https://quizlet.com/kr/1206327437/%EA%B1%B0%EB%A7%8C%EC%96%B4-100-day-10-flash-cards
d10-047,10,euphonious,"듣기 좋은

(eu(좋은) + phone 소리)",https://quizlet.com/kr/1206327437/%EA%B1%B0%EB%A7%8C%EC%96%B4-100-day-10-flash-cards
d10-048,10,euphoria,"행복감, 희열

eu(좋은) + pherein(들고 다니다)",https://quizlet.com/kr/1206327437/%EA%B1%B0%EB%A7%8C%EC%96%B4-100-day-10-flash-cards
d10-049,10,evade,"(감금, 법, 의무, 문제 등) 피하다.

(e(밖으로) + vadere(가다))",https://quizlet.com/kr/1206327437/%EA%B1%B0%EB%A7%8C%EC%96%B4-100-day-10-flash-cards
d10-050,10,evanescent,"사라져가는, 덧 없는

[e(밖으로) + vanus(텅빈) ]

MOMENTARY, ephemeral",https://quizlet.com/kr/1206327437/%EA%B1%B0%EB%A7%8C%EC%96%B4-100-day-10-flash-cards
d10-051,10,even-handed,"공정한

even(균형잡힌, 평평한) + hand(손으로 다룬 다)",https://quizlet.com/kr/1206327437/%EA%B1%B0%EB%A7%8C%EC%96%B4-100-day-10-flash-cards
d10-052,10,even-tempered,"(마음) 차분한, 온화한

even(균형잡힌, 평평한) + temper(기질)",https://quizlet.com/kr/1206327437/%EA%B1%B0%EB%A7%8C%EC%96%B4-100-day-10-flash-cards
d10-053,10,evict,"퇴거시키다, 내쫓다.

e(밖으로) + vincere(정복하다, 이기다)",https://quizlet.com/kr/1206327437/%EA%B1%B0%EB%A7%8C%EC%96%B4-100-day-10-flash-cards
d10-054,10,evidence,"입증하다; 증언하다

e(밖으로) + videre(보다)",https://quizlet.com/kr/1206327437/%EA%B1%B0%EB%A7%8C%EC%96%B4-100-day-10-flash-cards
d10-055,10,evince,"명시하다.

e(밖으로) + vincere(정복하다, 이기다)

BETRAY",https://quizlet.com/kr/1206327437/%EA%B1%B0%EB%A7%8C%EC%96%B4-100-day-10-flash-cards
d10-056,10,evoke,"(감정, 기억, 이미지를) 환기시키다,
(반응) 야기하다, 불러 일으키다

e(밖으로) + vocare(부르다)

Arouse",https://quizlet.com/kr/1206327437/%EA%B1%B0%EB%A7%8C%EC%96%B4-100-day-10-flash-cards
d10-057,10,exacerbate,"악화시키다

ex(유발시키는) + acerbus(신랄한)

AGGRAVATE",https://quizlet.com/kr/1206327437/%EA%B1%B0%EB%A7%8C%EC%96%B4-100-day-10-flash-cards
d10-058,10,exacting,"힘든, 까다로운

ex(철저히) + agere(실행하다)

METICULOUS, STRINGENT, demanding; PROSCRIPTIVE",https://quizlet.com/kr/1206327437/%EA%B1%B0%EB%A7%8C%EC%96%B4-100-day-10-flash-cards
d10-059,10,exaction,"강요, 강제 징수, 부당한 요구

ex(철저히) + agere(실행하다)",https://quizlet.com/kr/1206327437/%EA%B1%B0%EB%A7%8C%EC%96%B4-100-day-10-flash-cards
d10-060,10,exactitude,"정밀성, 철저함

ex(철저히) + agere(실행하다)

METICULOUSNESS",https://quizlet.com/kr/1206327437/%EA%B1%B0%EB%A7%8C%EC%96%B4-100-day-10-flash-cards
d10-061,10,exalt,"높이다; 칭송하다.

(ex(밖으로, 위로) + altus(높은))

VALORIZE, acclaim, lionize",https://quizlet.com/kr/1206327437/%EA%B1%B0%EB%A7%8C%EC%96%B4-100-day-10-flash-cards
d10-062,10,exasperate,"몹시 화나게 하다; 악화시키다.
 exasperate(excess + parade)

(ex(유발시키는) + asper(거친))",https://quizlet.com/kr/1206327437/%EA%B1%B0%EB%A7%8C%EC%96%B4-100-day-10-flash-cards
d10-063,10,exceptionable,"반대될 수 있는, 이의제기 될 수 있는

(ex(밖으로) + capere(가져가다))",https://quizlet.com/kr/1206327437/%EA%B1%B0%EB%A7%8C%EC%96%B4-100-day-10-flash-cards
d10-064,10,exceptional,"뛰어난, 예외적인",https://quizlet.com/kr/1206327437/%EA%B1%B0%EB%A7%8C%EC%96%B4-100-day-10-flash-cards
d10-065,10,excise,"삭제하다, 잘라 내다.

(ex(밖으로) + caedere(자르다))",https://quizlet.com/kr/1206327437/%EA%B1%B0%EB%A7%8C%EC%96%B4-100-day-10-flash-cards
d10-066,10,excoriate,"몹시 비난하다, 혹평하다.

(ex(밖으로) + corium(피부, 가죽))

LAMBASTE",https://quizlet.com/kr/1206327437/%EA%B1%B0%EB%A7%8C%EC%96%B4-100-day-10-flash-cards
d10-067,10,excruciating,"심한 고통을 주는, 괴롭히는

(ex(철저한) + cruc-(십자가 형별))",https://quizlet.com/kr/1206327437/%EA%B1%B0%EB%A7%8C%EC%96%B4-100-day-10-flash-cards
d10-068,10,exculpate,"1.혐의를 벗겨주다, 무죄로 하다. /
2.용서하다, 죄책을 면해주다

Absolve
1.Vindicate
2. Acquit, exonerate

(ex(밖으로) + culpa(죄, 비난))",https://quizlet.com/kr/1206327437/%EA%B1%B0%EB%A7%8C%EC%96%B4-100-day-10-flash-cards
d10-069,10,execrate,"혐오하다; 비난하다; 저주하다.

(ex(밖으로) + sacer(거룩한))",https://quizlet.com/kr/1206327437/%EA%B1%B0%EB%A7%8C%EC%96%B4-100-day-10-flash-cards
d10-070,10,exemplar,"전형, 모범

(ex(밖으로) + emere(가져가다))",https://quizlet.com/kr/1206327437/%EA%B1%B0%EB%A7%8C%EC%96%B4-100-day-10-flash-cards
d10-071,10,exemplary,"전형적인, 모범적인

(ex(밖으로) + emere(가져가다))",https://quizlet.com/kr/1206327437/%EA%B1%B0%EB%A7%8C%EC%96%B4-100-day-10-flash-cards
d10-072,10,exemplify,"예증하다. 전형이 되다.

(ex(밖으로) + emere(가져가다))",https://quizlet.com/kr/1206327437/%EA%B1%B0%EB%A7%8C%EC%96%B4-100-day-10-flash-cards
d10-073,10,exempt,"면제하다.

ex(밖으로) + emere(가져가다)",https://quizlet.com/kr/1206327437/%EA%B1%B0%EB%A7%8C%EC%96%B4-100-day-10-flash-cards
d10-074,10,exhaust,"지치게 하다;
고갈시키다;
(연구 등) 철처히 살피다;
(자동차) 배기가스


ex(밖으로) + haurire(물을 빼다)",https://quizlet.com/kr/1206327437/%EA%B1%B0%EB%A7%8C%EC%96%B4-100-day-10-flash-cards
d10-075,10,exhaustive,"포괄적인, 철저한

ex(밖으로) + haurire(물을 빼다)",https://quizlet.com/kr/1206327437/%EA%B1%B0%EB%A7%8C%EC%96%B4-100-day-10-flash-cards
d10-076,10,exhilarate,"유쾌하게, 즐겁게 하다.

ex(유발시키는) + hilaris(기쁜, 들뜬)",https://quizlet.com/kr/1206327437/%EA%B1%B0%EB%A7%8C%EC%96%B4-100-day-10-flash-cards
d10-077,10,exhort,"권고, 촉구하다.

ex(완전히, 철저히) + hortari(독려하다, 장려 하다)",https://quizlet.com/kr/1206327437/%EA%B1%B0%EB%A7%8C%EC%96%B4-100-day-10-flash-cards
d10-078,10,exhume,"(특히 검시를 위해 시체를) 파내다(발굴하다)

ex(밖으로) + humus(땅)",https://quizlet.com/kr/1206327437/%EA%B1%B0%EB%A7%8C%EC%96%B4-100-day-10-flash-cards
d10-079,10,exigent,"위급한, 급박한

ex(철저히) + agere(실행하다)

PRESSING, emergent",https://quizlet.com/kr/1206327437/%EA%B1%B0%EB%A7%8C%EC%96%B4-100-day-10-flash-cards
d10-080,10,exonerate,"면죄하다; (책임, 의무) 면제하다.

(ex(로부터) + onus(짐))",https://quizlet.com/kr/1206327437/%EA%B1%B0%EB%A7%8C%EC%96%B4-100-day-10-flash-cards
d10-081,10,exorbitant,"과도한, 지나친

(ex(밖으로) + orbita(궤도, 트랙))

Prohibitive",https://quizlet.com/kr/1206327437/%EA%B1%B0%EB%A7%8C%EC%96%B4-100-day-10-flash-cards
d10-082,10,exorcise,"(나쁜 생각 등을) 몰아내다, 떨쳐버리다 (비유적 의미)
(사람, 장소에서) (귀신을) 몰아내다.

(ex(밖으로) + horkos(맹세))",https://quizlet.com/kr/1206327437/%EA%B1%B0%EB%A7%8C%EC%96%B4-100-day-10-flash-cards
d10-083,10,expansive,"(성격, 태도) 개방적인, 말 많은
포괄적인

(ex(밖으로) + pandere(펼치다))",https://quizlet.com/kr/1206327437/%EA%B1%B0%EB%A7%8C%EC%96%B4-100-day-10-flash-cards
d10-084,10,expatiate,상세히 설명하다,https://quizlet.com/kr/1206327437/%EA%B1%B0%EB%A7%8C%EC%96%B4-100-day-10-flash-cards
d10-085,10,expatriate,추방시키다; (고국에서) 국외 거주자; 국외에 거주하는,https://quizlet.com/kr/1206327437/%EA%B1%B0%EB%A7%8C%EC%96%B4-100-day-10-flash-cards
d10-086,10,expediency,"편의주의, 편법, 꼼수

ex(밖으로) + ped-(발)",https://quizlet.com/kr/1206327437/%EA%B1%B0%EB%A7%8C%EC%96%B4-100-day-10-flash-cards
d10-087,10,expedient,"편의주의적인, 편리한, 편법의

ex(밖으로) + ped-(발)",https://quizlet.com/kr/1206327437/%EA%B1%B0%EB%A7%8C%EC%96%B4-100-day-10-flash-cards
d10-088,10,expedite,"촉진시키다, 신속하게 하다.

ex(밖으로) + ped-(발)

FACILITATE",https://quizlet.com/kr/1206327437/%EA%B1%B0%EB%A7%8C%EC%96%B4-100-day-10-flash-cards
d10-089,10,expeditious,"신속한, 효율적인

ex(밖으로) + ped-(발)",https://quizlet.com/kr/1206327437/%EA%B1%B0%EB%A7%8C%EC%96%B4-100-day-10-flash-cards
d10-090,10,experimental,"실험적인, 혁신적인

peira(시도, 실험, 경험)",https://quizlet.com/kr/1206327437/%EA%B1%B0%EB%A7%8C%EC%96%B4-100-day-10-flash-cards
d10-091,10,expiate,"속죄하다

Atone for",https://quizlet.com/kr/1206327437/%EA%B1%B0%EB%A7%8C%EC%96%B4-100-day-10-flash-cards
d10-092,10,explicate,"설명하다.

ex(밖으로) + plicare(접다, 포개다)

ELUCIDATE, demystify",https://quizlet.com/kr/1206327437/%EA%B1%B0%EB%A7%8C%EC%96%B4-100-day-10-flash-cards
d10-093,10,explicit,"명백한, 명시적인

ex(밖으로) + plicare(접다, 포개다)",https://quizlet.com/kr/1206327437/%EA%B1%B0%EB%A7%8C%EC%96%B4-100-day-10-flash-cards
d10-094,10,exploit,"위업, 업적; 부당하게 이용하다, 착취하다; (자원 등) 이용하다, 활용하다.

ex(밖으로) + plicare(접다, 포개다)",https://quizlet.com/kr/1206327437/%EA%B1%B0%EB%A7%8C%EC%96%B4-100-day-10-flash-cards
d10-095,10,exponent,"지지자; 설명, 해석가

ex(밖으로) + ponere(두다)",https://quizlet.com/kr/1206327437/%EA%B1%B0%EB%A7%8C%EC%96%B4-100-day-10-flash-cards
d10-096,10,exponential,"기하급수적인, 급격한

ex(밖으로) + ponere(두다)",https://quizlet.com/kr/1206327437/%EA%B1%B0%EB%A7%8C%EC%96%B4-100-day-10-flash-cards
d10-097,10,exposition,"설명, 해설; 해설적 논문; 전람회, 박람회",https://quizlet.com/kr/1206327437/%EA%B1%B0%EB%A7%8C%EC%96%B4-100-day-10-flash-cards
d10-098,10,expostulate,"(~에 반대하여) 충고하다, 훈계하다, 간언하다, 충언하다, ~에게 이의를 제기하다.

ex(밖으로) + postulare(요구하다)

Disagree with, argue with",https://quizlet.com/kr/1206327437/%EA%B1%B0%EB%A7%8C%EC%96%B4-100-day-10-flash-cards
d10-099,10,expunge,"지우다, 삭제하다.

ex(밖으로) + pungere(찌르다)",https://quizlet.com/kr/1206327437/%EA%B1%B0%EB%A7%8C%EC%96%B4-100-day-10-flash-cards
d10-100,10,expurgate,"(책이나 기록에서 부적당한 부분을) 삭제하다.

ex(밖으로) + purgare(씻다, 청소하다)",https://quizlet.com/kr/1206327437/%EA%B1%B0%EB%A7%8C%EC%96%B4-100-day-10-flash-cards
d11-001,11,exsiccate,건조시키다,https://quizlet.com/kr/1206327488/%EA%B1%B0%EB%A7%8C%EC%96%B4-100-day-11-flash-cards
d11-002,11,extant,현존하는,https://quizlet.com/kr/1206327488/%EA%B1%B0%EB%A7%8C%EC%96%B4-100-day-11-flash-cards
d11-003,11,extemporaneous,즉흥적인,https://quizlet.com/kr/1206327488/%EA%B1%B0%EB%A7%8C%EC%96%B4-100-day-11-flash-cards
d11-004,11,extemporize,즉흥적으로 하다,https://quizlet.com/kr/1206327488/%EA%B1%B0%EB%A7%8C%EC%96%B4-100-day-11-flash-cards
d11-005,11,extenuate,"(죄, 과실) 경감시키다, 가볍게 하다",https://quizlet.com/kr/1206327488/%EA%B1%B0%EB%A7%8C%EC%96%B4-100-day-11-flash-cards
d11-006,11,extirpate,"제거하다, 없애다;

ex(밖으로) + stirps(줄기)

ELIMINATE",https://quizlet.com/kr/1206327488/%EA%B1%B0%EB%A7%8C%EC%96%B4-100-day-11-flash-cards
d11-007,11,extol,"극찬하다;

ex(밖으로, 위로) + tollere(올리다)",https://quizlet.com/kr/1206327488/%EA%B1%B0%EB%A7%8C%EC%96%B4-100-day-11-flash-cards
d11-008,11,extortionate,"(가격 등이) 터무니 없이 높은; 가격이 깡패다

ex(밖으로) + torquere(비틀다)

Exorbitant, extravagant

Extort 강탈하다",https://quizlet.com/kr/1206327488/%EA%B1%B0%EB%A7%8C%EC%96%B4-100-day-11-flash-cards
d11-009,11,extraneous,"이질적인, 관련 없는

IRRELEVANT, immaterial, inconsequential, impertinent",https://quizlet.com/kr/1206327488/%EA%B1%B0%EB%A7%8C%EC%96%B4-100-day-11-flash-cards
d11-010,11,extrapolate,"(...을 기반으로) 추론[추정]하다;

extra(밖으로) + interpolate(삽입하 다)",https://quizlet.com/kr/1206327488/%EA%B1%B0%EB%A7%8C%EC%96%B4-100-day-11-flash-cards
d11-011,11,extravagant,"사치하는, 낭비하는; 터무니 없는, 지나친;

extra(밖으로) + vagari(헤매다, 방황하다)",https://quizlet.com/kr/1206327488/%EA%B1%B0%EB%A7%8C%EC%96%B4-100-day-11-flash-cards
d11-012,11,extricate,"(위험, 곤란에서)
벗어나게 하다;

ex(밖으로) + tricae(당황스러움)

Extract",https://quizlet.com/kr/1206327488/%EA%B1%B0%EB%A7%8C%EC%96%B4-100-day-11-flash-cards
d11-013,11,extrinsic,"비본질적인,
외래의,외부의",https://quizlet.com/kr/1206327488/%EA%B1%B0%EB%A7%8C%EC%96%B4-100-day-11-flash-cards
d11-014,11,exuberant,"(잎이)무성한;
열의에 찬, 원기왕성한;

ex(강조) + uber(비옥한)",https://quizlet.com/kr/1206327488/%EA%B1%B0%EB%A7%8C%EC%96%B4-100-day-11-flash-cards
d11-015,11,exude,"스며나오게 하다,발산시키다, 강하게 풍기다;

ex(밖으로) + sudare(땀 흘리다)",https://quizlet.com/kr/1206327488/%EA%B1%B0%EB%A7%8C%EC%96%B4-100-day-11-flash-cards
d11-016,11,exultant,"매우기뻐하는;

ex(밖으로, 위로) + salire(뛰다)

Jubilant, euphoric, elated",https://quizlet.com/kr/1206327488/%EA%B1%B0%EB%A7%8C%EC%96%B4-100-day-11-flash-cards
d11-017,11,fabricate,"날조하다, 조작하다; 제작,조립하다",https://quizlet.com/kr/1206327488/%EA%B1%B0%EB%A7%8C%EC%96%B4-100-day-11-flash-cards
d11-018,11,facet,"측면, 양상; 깍인 면,",https://quizlet.com/kr/1206327488/%EA%B1%B0%EB%A7%8C%EC%96%B4-100-day-11-flash-cards
d11-019,11,facetious,"익살스런, 웃기는; 까부는, 경박스러운

(facetus(재치있는) -> fcetia(농담, 유머))

Humorous
Frivolous, giddy, flip, flippant",https://quizlet.com/kr/1206327488/%EA%B1%B0%EB%A7%8C%EC%96%B4-100-day-11-flash-cards
d11-020,11,facile,"피상적인; 손쉬운, 용이한

facere(하다, 만들다) -> facilis(쉬운)

Simplistic, superficial
Effortless",https://quizlet.com/kr/1206327488/%EA%B1%B0%EB%A7%8C%EC%96%B4-100-day-11-flash-cards
d11-021,11,facilitate,"용이하게 하다

facere(하다, 만들다) -> facilis(쉬운)

EXPEDITE, assist, help",https://quizlet.com/kr/1206327488/%EA%B1%B0%EB%A7%8C%EC%96%B4-100-day-11-flash-cards
d11-022,11,faction,"파벌, 분파; 파벌싸움

facere(하다, 만들다)",https://quizlet.com/kr/1206327488/%EA%B1%B0%EB%A7%8C%EC%96%B4-100-day-11-flash-cards
d11-023,11,factious,"당파적인,편파적인,
당파 중심의

facere(하다, 만들다)",https://quizlet.com/kr/1206327488/%EA%B1%B0%EB%A7%8C%EC%96%B4-100-day-11-flash-cards
d11-024,11,factual,"사실의, 사실에 입각한",https://quizlet.com/kr/1206327488/%EA%B1%B0%EB%A7%8C%EC%96%B4-100-day-11-flash-cards
d11-025,11,facultative,환경에 따라 다른 종류의 생활을 할 수 있는,https://quizlet.com/kr/1206327488/%EA%B1%B0%EB%A7%8C%EC%96%B4-100-day-11-flash-cards
d11-026,11,faddish,"일시적으로 유행하는,
그런 유행을 좇는

(fiddle-faddle(사소한 것들, 헛소리))",https://quizlet.com/kr/1206327488/%EA%B1%B0%EB%A7%8C%EC%96%B4-100-day-11-flash-cards
d11-027,11,fallacious,"(격식) 잘못된, 틀린,
(남을) 속이는,기만하는

fallere(속이다)",https://quizlet.com/kr/1206327488/%EA%B1%B0%EB%A7%8C%EC%96%B4-100-day-11-flash-cards
d11-028,11,fallacy,"(많은 사람이 옳다고 믿는)
틀린 생각;
(인식상의)오류, 궤변

fallere(속이다)",https://quizlet.com/kr/1206327488/%EA%B1%B0%EB%A7%8C%EC%96%B4-100-day-11-flash-cards
d11-029,11,fallible,실수를 할 수 있는,https://quizlet.com/kr/1206327488/%EA%B1%B0%EB%A7%8C%EC%96%B4-100-day-11-flash-cards
d11-030,11,fanatic,"광신도,열광자,
광적인",https://quizlet.com/kr/1206327488/%EA%B1%B0%EB%A7%8C%EC%96%B4-100-day-11-flash-cards
d11-031,11,fanciful,"공상적인, 비현실적인

Whimsical",https://quizlet.com/kr/1206327488/%EA%B1%B0%EB%A7%8C%EC%96%B4-100-day-11-flash-cards
d11-032,11,far-fetched,"무리한, 억지로 갖다 붙이는, 믿기지 않는, 설득력 없는",https://quizlet.com/kr/1206327488/%EA%B1%B0%EB%A7%8C%EC%96%B4-100-day-11-flash-cards
d11-033,11,farcical,"우스꽝스런,
터무니없는

Ridiculous",https://quizlet.com/kr/1206327488/%EA%B1%B0%EB%A7%8C%EC%96%B4-100-day-11-flash-cards
d11-034,11,fashion,"만들어내다;
방법, 방식

facere(하다, 만들다)",https://quizlet.com/kr/1206327488/%EA%B1%B0%EB%A7%8C%EC%96%B4-100-day-11-flash-cards
d11-035,11,fastidious,"꼼꼼한, 까다로운;

fastidium(혐오)

Painstaking, meticulous",https://quizlet.com/kr/1206327488/%EA%B1%B0%EB%A7%8C%EC%96%B4-100-day-11-flash-cards
d11-036,11,fastness,"요새, 고정, 신속",https://quizlet.com/kr/1206327488/%EA%B1%B0%EB%A7%8C%EC%96%B4-100-day-11-flash-cards
d11-037,11,fathom,"수심을 재다,
헤아리다",https://quizlet.com/kr/1206327488/%EA%B1%B0%EB%A7%8C%EC%96%B4-100-day-11-flash-cards
d11-038,11,fatigue,"피로, 피곤",https://quizlet.com/kr/1206327488/%EA%B1%B0%EB%A7%8C%EC%96%B4-100-day-11-flash-cards
d11-039,11,fatuous,"어리석은, 바보같은",https://quizlet.com/kr/1206327488/%EA%B1%B0%EB%A7%8C%EC%96%B4-100-day-11-flash-cards
d11-040,11,favor,"편애하다, 호의를 보이다,찬성하다; 유리하다;

favere(친절하게 대하다)

AID",https://quizlet.com/kr/1206327488/%EA%B1%B0%EB%A7%8C%EC%96%B4-100-day-11-flash-cards
d11-041,11,fawn,"아부하다

Be obsequious to, be sycophantic",https://quizlet.com/kr/1206327488/%EA%B1%B0%EB%A7%8C%EC%96%B4-100-day-11-flash-cards
d11-042,11,fealty,(영주에 대한) 충성,https://quizlet.com/kr/1206327488/%EA%B1%B0%EB%A7%8C%EC%96%B4-100-day-11-flash-cards
d11-043,11,feasible,"실행가능한

facere(하다, 만들다)",https://quizlet.com/kr/1206327488/%EA%B1%B0%EB%A7%8C%EC%96%B4-100-day-11-flash-cards
d11-044,11,feckless,"쓸모없는; 무책임한

(feck(effect의 방언) + less)

Useless
Lazy",https://quizlet.com/kr/1206327488/%EA%B1%B0%EB%A7%8C%EC%96%B4-100-day-11-flash-cards
d11-045,11,fecund,"비옥한,
생산력이 있는,
풍성한

fecundus(생산성)

Fertile",https://quizlet.com/kr/1206327488/%EA%B1%B0%EB%A7%8C%EC%96%B4-100-day-11-flash-cards
d11-046,11,feeble,"연약한,
(효과 등) 미미한, 약한

flere(울다)",https://quizlet.com/kr/1206327488/%EA%B1%B0%EB%A7%8C%EC%96%B4-100-day-11-flash-cards
d11-047,11,feign,"가장하다, 꾸미다

fingere(만들다, 고안하다)

Dissemble, dissimulate",https://quizlet.com/kr/1206327488/%EA%B1%B0%EB%A7%8C%EC%96%B4-100-day-11-flash-cards
d11-048,11,feisty,"적극적인,
원기왕성한

Spirited",https://quizlet.com/kr/1206327488/%EA%B1%B0%EB%A7%8C%EC%96%B4-100-day-11-flash-cards
d11-049,11,felicity,"대단한 행복, 적절한 행동/태도

Bliss, happiness; eloquence
(felix, felic(행복한))

felicitous",https://quizlet.com/kr/1206327488/%EA%B1%B0%EB%A7%8C%EC%96%B4-100-day-11-flash-cards
d11-050,11,feral,"야생의, 야생으로 돌아간",https://quizlet.com/kr/1206327488/%EA%B1%B0%EB%A7%8C%EC%96%B4-100-day-11-flash-cards
d11-051,11,ferocity,"잔인, 흉포, 포악, 극악무도

Ferocious = atrocious, heinous",https://quizlet.com/kr/1206327488/%EA%B1%B0%EB%A7%8C%EC%96%B4-100-day-11-flash-cards
d11-052,11,ferret,"찾다, 뒤지다

(furo(도둑, 흰담비))",https://quizlet.com/kr/1206327488/%EA%B1%B0%EB%A7%8C%EC%96%B4-100-day-11-flash-cards
d11-053,11,fervor,"열성, 열렬

(fervere(끓다))",https://quizlet.com/kr/1206327488/%EA%B1%B0%EB%A7%8C%EC%96%B4-100-day-11-flash-cards
d11-054,11,festering,"(너무 방치해 두어서) 진부한, 지겨운, 싫증나는, 악화되는

Fester

Fusty, musty, stale",https://quizlet.com/kr/1206327488/%EA%B1%B0%EB%A7%8C%EC%96%B4-100-day-11-flash-cards
d11-055,11,fetch,"(특정 가격에) 팔리다; (어디를 가서) 가지고 오다, 데려오다

Sell for",https://quizlet.com/kr/1206327488/%EA%B1%B0%EB%A7%8C%EC%96%B4-100-day-11-flash-cards
d11-056,11,fetching,"매력적인 (attractive) / enchanting, captivating",https://quizlet.com/kr/1206327488/%EA%B1%B0%EB%A7%8C%EC%96%B4-100-day-11-flash-cards
d11-057,11,fetid,악취가 나는,https://quizlet.com/kr/1206327488/%EA%B1%B0%EB%A7%8C%EC%96%B4-100-day-11-flash-cards
d11-058,11,fetter,"족쇄를 채우다, 구속하다 shackle, manacle, curb",https://quizlet.com/kr/1206327488/%EA%B1%B0%EB%A7%8C%EC%96%B4-100-day-11-flash-cards
d11-059,11,fiasco,"'대실패, 완패a complete failure or disaster

Ant. Eclat 대성공",https://quizlet.com/kr/1206327488/%EA%B1%B0%EB%A7%8C%EC%96%B4-100-day-11-flash-cards
d11-060,11,fickle,변덕스런,https://quizlet.com/kr/1206327488/%EA%B1%B0%EB%A7%8C%EC%96%B4-100-day-11-flash-cards
d11-061,11,fidelity,"충성, 정조",https://quizlet.com/kr/1206327488/%EA%B1%B0%EB%A7%8C%EC%96%B4-100-day-11-flash-cards
d11-062,11,fiery,"(사람의 성품이나 표현이) 맹렬한, 격한, 사나운

IMPASSIONED",https://quizlet.com/kr/1206327488/%EA%B1%B0%EB%A7%8C%EC%96%B4-100-day-11-flash-cards
d11-063,11,figurative,"비유적인;

fingere(만들다, 고안하다)",https://quizlet.com/kr/1206327488/%EA%B1%B0%EB%A7%8C%EC%96%B4-100-day-11-flash-cards
d11-064,11,filibuster,"의사진행 방해
(긴 연설 등)",https://quizlet.com/kr/1206327488/%EA%B1%B0%EB%A7%8C%EC%96%B4-100-day-11-flash-cards
d11-065,11,finale,"공연의 마지막, 대미

finis(끝)",https://quizlet.com/kr/1206327488/%EA%B1%B0%EB%A7%8C%EC%96%B4-100-day-11-flash-cards
d11-066,11,finesse,"섬세함, 솜씨,
기교, 수완, 능숙함

finis(끝)",https://quizlet.com/kr/1206327488/%EA%B1%B0%EB%A7%8C%EC%96%B4-100-day-11-flash-cards
d11-067,11,finicky,"몹시 까다로운

finis(끝)",https://quizlet.com/kr/1206327488/%EA%B1%B0%EB%A7%8C%EC%96%B4-100-day-11-flash-cards
d11-068,11,fiscal,"재정의, 재무의, 회계의

fiscus(지갑, 보물)",https://quizlet.com/kr/1206327488/%EA%B1%B0%EB%A7%8C%EC%96%B4-100-day-11-flash-cards
d11-069,11,fissure,"(땅, 바위)균열; 불화",https://quizlet.com/kr/1206327488/%EA%B1%B0%EB%A7%8C%EC%96%B4-100-day-11-flash-cards
d11-070,11,fit,"적당하다, 발작

fitt(갈등)",https://quizlet.com/kr/1206327488/%EA%B1%B0%EB%A7%8C%EC%96%B4-100-day-11-flash-cards
d11-071,11,fitful,"불규칙적인,
발작적인

fitt(갈등)",https://quizlet.com/kr/1206327488/%EA%B1%B0%EB%A7%8C%EC%96%B4-100-day-11-flash-cards
d11-072,11,fixated on,"집착한, 몰두한 (obsessed with, preoccupied with/by)",https://quizlet.com/kr/1206327488/%EA%B1%B0%EB%A7%8C%EC%96%B4-100-day-11-flash-cards
d11-073,11,flabbergasted,"크게 놀란, 당황한

(* flabber 축늘어저 있는사람이 )

Astonished",https://quizlet.com/kr/1206327488/%EA%B1%B0%EB%A7%8C%EC%96%B4-100-day-11-flash-cards
d11-074,11,flabby,"살이 축늘어진,
무기력한

(* flabber 축늘어저 있는사람이 )",https://quizlet.com/kr/1206327488/%EA%B1%B0%EB%A7%8C%EC%96%B4-100-day-11-flash-cards
d11-075,11,flag,"Vi. 약화되다; (cf. flagging [adj] 축처진)

Cf. Damper vt. 빼앗다, 약화시키다",https://quizlet.com/kr/1206327488/%EA%B1%B0%EB%A7%8C%EC%96%B4-100-day-11-flash-cards
d11-076,11,flagrant,"극악한, 악명높은;
노골적인, 명백한

flagrant-(맹렬히 불타는)

Blatant, brazen",https://quizlet.com/kr/1206327488/%EA%B1%B0%EB%A7%8C%EC%96%B4-100-day-11-flash-cards
d11-077,11,flamboyant,"눈부신, 화려한, 현란한

flambe(화염 flame)",https://quizlet.com/kr/1206327488/%EA%B1%B0%EB%A7%8C%EC%96%B4-100-day-11-flash-cards
d11-078,11,flatter,"추켜세우다,
알랑거리다,
(찬사 등으로)
기쁘게하다

flaterie(아부하다)

Adulate, blandish",https://quizlet.com/kr/1206327488/%EA%B1%B0%EB%A7%8C%EC%96%B4-100-day-11-flash-cards
d11-079,11,flaunt,"자랑,과시하다

Show off, vaunt",https://quizlet.com/kr/1206327488/%EA%B1%B0%EB%A7%8C%EC%96%B4-100-day-11-flash-cards
d11-080,11,flay,"껍질을 벗기다, 남을 깎아내리다, 혹평하다

Excoriate, peel",https://quizlet.com/kr/1206327488/%EA%B1%B0%EB%A7%8C%EC%96%B4-100-day-11-flash-cards
d11-081,11,fledgling,"풋내기(의),
애송이(의)",https://quizlet.com/kr/1206327488/%EA%B1%B0%EB%A7%8C%EC%96%B4-100-day-11-flash-cards
d11-082,11,fleeting,"확지나가는,
순식간의,
덧없는,
잠깐 동안의",https://quizlet.com/kr/1206327488/%EA%B1%B0%EB%A7%8C%EC%96%B4-100-day-11-flash-cards
d11-083,11,flimsy,"부서지기 쉬운, 약한,
(주장이)설득력이 없는

TENTATIVE, unconvincing",https://quizlet.com/kr/1206327488/%EA%B1%B0%EB%A7%8C%EC%96%B4-100-day-11-flash-cards
d11-084,11,fling,"거칠게 내던지다;
버리다, 폐기하다",https://quizlet.com/kr/1206327488/%EA%B1%B0%EB%A7%8C%EC%96%B4-100-day-11-flash-cards
d11-085,11,flippant,"경박한, 성의 없는
(가볍고 무례한)

(flip(손가락으로 휙뽑다) + ant)

Giddy, flip, facetious, frivolous

Cf. Flippancy",https://quizlet.com/kr/1206327488/%EA%B1%B0%EB%A7%8C%EC%96%B4-100-day-11-flash-cards
d11-086,11,flit,"휙 스치다
(지나가다)",https://quizlet.com/kr/1206327488/%EA%B1%B0%EB%A7%8C%EC%96%B4-100-day-11-flash-cards
d11-087,11,florid,"장식이 너무 많은,
화려한, 얼굴이 발그레한

(flos, flor-(꽃))

Flamboyant; ruddy",https://quizlet.com/kr/1206327488/%EA%B1%B0%EB%A7%8C%EC%96%B4-100-day-11-flash-cards
d11-088,11,flounder,"간신히 나아가다, ; 버둥거리다, 몸부림치다

(founder(배에 물이 차서 가라앉다) )

Stagger; struggle",https://quizlet.com/kr/1206327488/%EA%B1%B0%EB%A7%8C%EC%96%B4-100-day-11-flash-cards
d11-089,11,flourish,"번성하다; (칼, 깃발 등을) 휘두르다, (비유적) 과시하다;
(말, 글의) 수식

(flos, flor-(꽃))

Grow ; brandish",https://quizlet.com/kr/1206327488/%EA%B1%B0%EB%A7%8C%EC%96%B4-100-day-11-flash-cards
d11-090,11,flout,"(법, 규칙)
공공연히 무시하다;
경멸하다, 비웃다, 멸시하다

SPURN, decry, defy, affront, disregard",https://quizlet.com/kr/1206327488/%EA%B1%B0%EB%A7%8C%EC%96%B4-100-day-11-flash-cards
d11-091,11,fluid,"유동적인, 확정되지 않은

UNSTABLE",https://quizlet.com/kr/1206327488/%EA%B1%B0%EB%A7%8C%EC%96%B4-100-day-11-flash-cards
d11-092,11,flummery,"빈말, 공치사",https://quizlet.com/kr/1206327488/%EA%B1%B0%EB%A7%8C%EC%96%B4-100-day-11-flash-cards
d11-093,11,flummox,"(어찌할 바 모를만큼)
당황하게 하다

CONFOUND, befuddle, baffle",https://quizlet.com/kr/1206327488/%EA%B1%B0%EB%A7%8C%EC%96%B4-100-day-11-flash-cards
d11-094,11,fluster,"(특히 너무 많은 일로)
허둥지둥하게 만들다

(flaustra(서두르다, 부산떨다))

Baffle, bewilder",https://quizlet.com/kr/1206327488/%EA%B1%B0%EB%A7%8C%EC%96%B4-100-day-11-flash-cards
d11-095,11,flux,"흐름,
끝없는 변동

(fluere(흐르다))",https://quizlet.com/kr/1206327488/%EA%B1%B0%EB%A7%8C%EC%96%B4-100-day-11-flash-cards
d11-096,11,foe,"적, 원수

(fāh(적대적인))",https://quizlet.com/kr/1206327488/%EA%B1%B0%EB%A7%8C%EC%96%B4-100-day-11-flash-cards
d11-097,11,foible,"(사소한) 기벽[약점]

(flere(울다))

Defect",https://quizlet.com/kr/1206327488/%EA%B1%B0%EB%A7%8C%EC%96%B4-100-day-11-flash-cards
d11-098,11,foil,"방해하다,
막다,
좌절시키다

Thwart, frustrate",https://quizlet.com/kr/1206327488/%EA%B1%B0%EB%A7%8C%EC%96%B4-100-day-11-flash-cards
d11-099,11,folly,"어리석음, 어리석은 짓",https://quizlet.com/kr/1206327488/%EA%B1%B0%EB%A7%8C%EC%96%B4-100-day-11-flash-cards
d11-100,11,foment,"선동하다, 자극하다

(fovere(열을 가하다))

GALVANIZE, instigate, incite",https://quizlet.com/kr/1206327488/%EA%B1%B0%EB%A7%8C%EC%96%B4-100-day-11-flash-cards
d12-001,12,foolhardy,"무모한, 앞뒤 돌보지 않는",https://quizlet.com/kr/1208393194/%EA%B1%B0%EB%A7%8C%EC%96%B4-100-day-12-flash-cards
d12-002,12,foot-dragging,"지체, 더딤, 주저",https://quizlet.com/kr/1208393194/%EA%B1%B0%EB%A7%8C%EC%96%B4-100-day-12-flash-cards
d12-003,12,forage,(식량) 찾아 헤매다,https://quizlet.com/kr/1208393194/%EA%B1%B0%EB%A7%8C%EC%96%B4-100-day-12-flash-cards
d12-004,12,forbear,"삼가다, 인내하다",https://quizlet.com/kr/1208393194/%EA%B1%B0%EB%A7%8C%EC%96%B4-100-day-12-flash-cards
d12-005,12,forebear,"선조, 조상",https://quizlet.com/kr/1208393194/%EA%B1%B0%EB%A7%8C%EC%96%B4-100-day-12-flash-cards
d12-006,12,forebode,전조가 되다,https://quizlet.com/kr/1208393194/%EA%B1%B0%EB%A7%8C%EC%96%B4-100-day-12-flash-cards
d12-007,12,foreground,"(중요한 것으로) 부각시키다, 중시하다",https://quizlet.com/kr/1208393194/%EA%B1%B0%EB%A7%8C%EC%96%B4-100-day-12-flash-cards
d12-008,12,foreordain,"미리 정하다, 미리 운명을 정하다",https://quizlet.com/kr/1208393194/%EA%B1%B0%EB%A7%8C%EC%96%B4-100-day-12-flash-cards
d12-009,12,foreshadow,전조가 되다,https://quizlet.com/kr/1208393194/%EA%B1%B0%EB%A7%8C%EC%96%B4-100-day-12-flash-cards
d12-010,12,forestall,"미연에 방지하다, 기선을 제압하다
avert, stave off",https://quizlet.com/kr/1208393194/%EA%B1%B0%EB%A7%8C%EC%96%B4-100-day-12-flash-cards
d12-011,12,forfeit,몰수(박탈)당하다; 포기하다,https://quizlet.com/kr/1208393194/%EA%B1%B0%EB%A7%8C%EC%96%B4-100-day-12-flash-cards
d12-012,12,forge,"위조하다; (철을) 벼리다, 주조하다; (관계 등을) 구축하다",https://quizlet.com/kr/1208393194/%EA%B1%B0%EB%A7%8C%EC%96%B4-100-day-12-flash-cards
d12-013,12,forgo,"(하고, 갖고 싶은 것을) 포기하다; ~없이 지내다",https://quizlet.com/kr/1208393194/%EA%B1%B0%EB%A7%8C%EC%96%B4-100-day-12-flash-cards
d12-014,12,formidable,"1. 겁먹게 하는, 위협적인, 경외감을 갖게 하는, 가공할 만한 daunting
2. 만만치 않은, 감당하기 어려운",https://quizlet.com/kr/1208393194/%EA%B1%B0%EB%A7%8C%EC%96%B4-100-day-12-flash-cards
d12-015,12,formulaic,"도식적인, 공식에만 따른
canned",https://quizlet.com/kr/1208393194/%EA%B1%B0%EB%A7%8C%EC%96%B4-100-day-12-flash-cards
d12-016,12,forsake,"버리다
neglect",https://quizlet.com/kr/1208393194/%EA%B1%B0%EB%A7%8C%EC%96%B4-100-day-12-flash-cards
d12-017,12,forswear,"1. 거부하다, 피하다, 맹세하고 버리다, 포기하다, 부인하다 eschew
2. 위증하다 (oneself)",https://quizlet.com/kr/1208393194/%EA%B1%B0%EB%A7%8C%EC%96%B4-100-day-12-flash-cards
d12-018,12,forthcoming,"다가오는, 임박한; 솔직한",https://quizlet.com/kr/1208393194/%EA%B1%B0%EB%A7%8C%EC%96%B4-100-day-12-flash-cards
d12-019,12,fortuitous,우연한,https://quizlet.com/kr/1208393194/%EA%B1%B0%EB%A7%8C%EC%96%B4-100-day-12-flash-cards
d12-020,12,forward,"앞으로의, 앞쪽에 있는; 뻔뻔한, 건방진",https://quizlet.com/kr/1208393194/%EA%B1%B0%EB%A7%8C%EC%96%B4-100-day-12-flash-cards
d12-021,12,foster,"1. 기르다 adopt
2. 촉진, 육성, 발전시키다 nurture, spur",https://quizlet.com/kr/1208393194/%EA%B1%B0%EB%A7%8C%EC%96%B4-100-day-12-flash-cards
d12-022,12,foul,"불쾌하고 역겨운; (날씨) 사나운, 나쁜; (사람,언행) 사악한, 부도덕한, 저속한",https://quizlet.com/kr/1208393194/%EA%B1%B0%EB%A7%8C%EC%96%B4-100-day-12-flash-cards
d12-023,12,founder,"침울하다, 가라앉다; 실패하다",https://quizlet.com/kr/1208393194/%EA%B1%B0%EB%A7%8C%EC%96%B4-100-day-12-flash-cards
d12-024,12,fractious,"화, 짜증 잘 내는; 다루기 힘든
restive",https://quizlet.com/kr/1208393194/%EA%B1%B0%EB%A7%8C%EC%96%B4-100-day-12-flash-cards
d12-025,12,fragmentary,"단편적인, 부분적인",https://quizlet.com/kr/1208393194/%EA%B1%B0%EB%A7%8C%EC%96%B4-100-day-12-flash-cards
d12-026,12,frail,"(사람) 연약한, (사물) 약한, 깨지기 쉬운",https://quizlet.com/kr/1208393194/%EA%B1%B0%EB%A7%8C%EC%96%B4-100-day-12-flash-cards
d12-027,12,frantic,"(걱정과 두려움 때문에) 미쳐 날뛰는, 제어가 안될 정도로 걱정하는, 광란의
agitated",https://quizlet.com/kr/1208393194/%EA%B1%B0%EB%A7%8C%EC%96%B4-100-day-12-flash-cards
d12-028,12,fraternize,"사귀다, 친해지다, 형제처럼 지내다",https://quizlet.com/kr/1208393194/%EA%B1%B0%EB%A7%8C%EC%96%B4-100-day-12-flash-cards
d12-029,12,fraudulent,"사기치는, 속이는",https://quizlet.com/kr/1208393194/%EA%B1%B0%EB%A7%8C%EC%96%B4-100-day-12-flash-cards
d12-030,12,fraught,"1. 가득한 charged
2. (정신) 괴로워하는, 걱정하는 contentious",https://quizlet.com/kr/1208393194/%EA%B1%B0%EB%A7%8C%EC%96%B4-100-day-12-flash-cards
d12-031,12,free-for-all,"난투, 난장, 참가 자유의 토론이나 경기",https://quizlet.com/kr/1208393194/%EA%B1%B0%EB%A7%8C%EC%96%B4-100-day-12-flash-cards
d12-032,12,frenetic,"광란의, 지나치게 열광적인",https://quizlet.com/kr/1208393194/%EA%B1%B0%EB%A7%8C%EC%96%B4-100-day-12-flash-cards
d12-033,12,frenzy,"열광, 제어할 수 없는 관심과 유행, 광란",https://quizlet.com/kr/1208393194/%EA%B1%B0%EB%A7%8C%EC%96%B4-100-day-12-flash-cards
d12-034,12,fretful,"안달하는, 초조해하는, 화내는, 언짢아하는",https://quizlet.com/kr/1208393194/%EA%B1%B0%EB%A7%8C%EC%96%B4-100-day-12-flash-cards
d12-035,12,friable,잘 부서지는,https://quizlet.com/kr/1208393194/%EA%B1%B0%EB%A7%8C%EC%96%B4-100-day-12-flash-cards
d12-036,12,friction,"마찰, (사람 사이의) 갈등, 마찰",https://quizlet.com/kr/1208393194/%EA%B1%B0%EB%A7%8C%EC%96%B4-100-day-12-flash-cards
d12-037,12,fringe benefit,"급여 외의 지급, 복지혜택",https://quizlet.com/kr/1208393194/%EA%B1%B0%EB%A7%8C%EC%96%B4-100-day-12-flash-cards
d12-038,12,frivolous,"가벼운, 경박한; 하찮은",https://quizlet.com/kr/1208393194/%EA%B1%B0%EB%A7%8C%EC%96%B4-100-day-12-flash-cards
d12-039,12,from the get-go,최초부터,https://quizlet.com/kr/1208393194/%EA%B1%B0%EB%A7%8C%EC%96%B4-100-day-12-flash-cards
d12-040,12,froward,"성질이 뒤틀린, 심술궂은; 다루기 힘든, 고집센",https://quizlet.com/kr/1208393194/%EA%B1%B0%EB%A7%8C%EC%96%B4-100-day-12-flash-cards
d12-041,12,fruition,"성취, 실현, 달성; 성취의 순간",https://quizlet.com/kr/1208393194/%EA%B1%B0%EB%A7%8C%EC%96%B4-100-day-12-flash-cards
d12-042,12,full-fledged,깃털이 다 난; 완전히 성장한,https://quizlet.com/kr/1208393194/%EA%B1%B0%EB%A7%8C%EC%96%B4-100-day-12-flash-cards
d12-043,12,fulmination,심한 비난,https://quizlet.com/kr/1208393194/%EA%B1%B0%EB%A7%8C%EC%96%B4-100-day-12-flash-cards
d12-044,12,fulsome,"(칭찬, 감사, 사과 등이) 지나친[진실성이 느껴지지 않는]",https://quizlet.com/kr/1208393194/%EA%B1%B0%EB%A7%8C%EC%96%B4-100-day-12-flash-cards
d12-045,12,fumble,"서툴게 다루다, 더듬거리다",https://quizlet.com/kr/1208393194/%EA%B1%B0%EB%A7%8C%EC%96%B4-100-day-12-flash-cards
d12-046,12,fungible,"대체 가능한
interchangeable",https://quizlet.com/kr/1208393194/%EA%B1%B0%EB%A7%8C%EC%96%B4-100-day-12-flash-cards
d12-047,12,furtive,은밀한,https://quizlet.com/kr/1208393194/%EA%B1%B0%EB%A7%8C%EC%96%B4-100-day-12-flash-cards
d12-048,12,fussy,"까다로운, 지나치게 꼼꼼한",https://quizlet.com/kr/1208393194/%EA%B1%B0%EB%A7%8C%EC%96%B4-100-day-12-flash-cards
d12-049,12,fustian,과장되고 허풍 떠는 (말이나 글),https://quizlet.com/kr/1208393194/%EA%B1%B0%EB%A7%8C%EC%96%B4-100-day-12-flash-cards
d12-050,12,fusty,곰팡내 나는; 구식의,https://quizlet.com/kr/1208393194/%EA%B1%B0%EB%A7%8C%EC%96%B4-100-day-12-flash-cards
d12-051,12,futile,"쓸모없는, 무익한, 소용없는
fruitless",https://quizlet.com/kr/1208393194/%EA%B1%B0%EB%A7%8C%EC%96%B4-100-day-12-flash-cards
d12-052,12,gaffe,"(사교상, 공식적인 자리에서의) 실수, 결례",https://quizlet.com/kr/1208393194/%EA%B1%B0%EB%A7%8C%EC%96%B4-100-day-12-flash-cards
d12-053,12,gainsay,"반박하다, 부인하다, 반대하다
dispute, contradict",https://quizlet.com/kr/1208393194/%EA%B1%B0%EB%A7%8C%EC%96%B4-100-day-12-flash-cards
d12-054,12,gall,"뻔뻔스러움, 무례하고 대담함; 화나게 하다",https://quizlet.com/kr/1208393194/%EA%B1%B0%EB%A7%8C%EC%96%B4-100-day-12-flash-cards
d12-055,12,gallant,"1. 용감한
2. 정중한, 기사도적인 chivalrous",https://quizlet.com/kr/1208393194/%EA%B1%B0%EB%A7%8C%EC%96%B4-100-day-12-flash-cards
d12-056,12,gallimaufry,"잡동사니, 뒤범벅
jumble",https://quizlet.com/kr/1208393194/%EA%B1%B0%EB%A7%8C%EC%96%B4-100-day-12-flash-cards
d12-057,12,galvanize,"자극하다
animate, foment",https://quizlet.com/kr/1208393194/%EA%B1%B0%EB%A7%8C%EC%96%B4-100-day-12-flash-cards
d12-058,12,garble,"왜곡하다, 혼동하다",https://quizlet.com/kr/1208393194/%EA%B1%B0%EB%A7%8C%EC%96%B4-100-day-12-flash-cards
d12-059,12,gargantuan,거대한,https://quizlet.com/kr/1208393194/%EA%B1%B0%EB%A7%8C%EC%96%B4-100-day-12-flash-cards
d12-060,12,garish,"지나치게 화려한, 너무 요란한",https://quizlet.com/kr/1208393194/%EA%B1%B0%EB%A7%8C%EC%96%B4-100-day-12-flash-cards
d12-061,12,garner,"수집하다, 모으다",https://quizlet.com/kr/1208393194/%EA%B1%B0%EB%A7%8C%EC%96%B4-100-day-12-flash-cards
d12-062,12,garnish,장식하다,https://quizlet.com/kr/1208393194/%EA%B1%B0%EB%A7%8C%EC%96%B4-100-day-12-flash-cards
d12-063,12,garrulous,"지나치게 수다스러운
loquacious",https://quizlet.com/kr/1208393194/%EA%B1%B0%EB%A7%8C%EC%96%B4-100-day-12-flash-cards
d12-064,12,gauche,"서투른, 세련되지 않은, 솜씨 없는",https://quizlet.com/kr/1208393194/%EA%B1%B0%EB%A7%8C%EC%96%B4-100-day-12-flash-cards
d12-065,12,gaudy,"(옷, 장식) 지나치게 화려한, 세련되지 못한",https://quizlet.com/kr/1208393194/%EA%B1%B0%EB%A7%8C%EC%96%B4-100-day-12-flash-cards
d12-066,12,gawky,"서투른, 어색한",https://quizlet.com/kr/1208393194/%EA%B1%B0%EB%A7%8C%EC%96%B4-100-day-12-flash-cards
d12-067,12,generic,"일반적인, 포괄적인
inclusive",https://quizlet.com/kr/1208393194/%EA%B1%B0%EB%A7%8C%EC%96%B4-100-day-12-flash-cards
d12-068,12,genial,"친절하고 쾌활한, 상냥한
affable",https://quizlet.com/kr/1208393194/%EA%B1%B0%EB%A7%8C%EC%96%B4-100-day-12-flash-cards
d12-069,12,genteel,"품위있는, 우아한, 상류층의, 점잔빼는",https://quizlet.com/kr/1208393194/%EA%B1%B0%EB%A7%8C%EC%96%B4-100-day-12-flash-cards
d12-070,12,genteelism,"품위 있는 말, 점잖은(체 하는) 말씨",https://quizlet.com/kr/1208393194/%EA%B1%B0%EB%A7%8C%EC%96%B4-100-day-12-flash-cards
d12-071,12,germane,"(주제, 논의와) 관련 있는",https://quizlet.com/kr/1208393194/%EA%B1%B0%EB%A7%8C%EC%96%B4-100-day-12-flash-cards
d12-072,12,gibberish,"이해할 수 없는 말, 글, 횡설수설",https://quizlet.com/kr/1208393194/%EA%B1%B0%EB%A7%8C%EC%96%B4-100-day-12-flash-cards
d12-073,12,gibe,조롱(하다),https://quizlet.com/kr/1208393194/%EA%B1%B0%EB%A7%8C%EC%96%B4-100-day-12-flash-cards
d12-074,12,glacial,"빙하의, 매우 추운; (태도,눈빛) 매우 차가운; 매우 느린",https://quizlet.com/kr/1208393194/%EA%B1%B0%EB%A7%8C%EC%96%B4-100-day-12-flash-cards
d12-075,12,glaring,"눈부시게 빛나는; (색) 지나치게 야한; 눈에 띄는, 뻔한",https://quizlet.com/kr/1208393194/%EA%B1%B0%EB%A7%8C%EC%96%B4-100-day-12-flash-cards
d12-076,12,glean,"(정보 등을 조금씩, 힘겹게) 얻다, 모으다
obtain",https://quizlet.com/kr/1208393194/%EA%B1%B0%EB%A7%8C%EC%96%B4-100-day-12-flash-cards
d12-077,12,glee,"큰 기쁨, 환희",https://quizlet.com/kr/1208393194/%EA%B1%B0%EB%A7%8C%EC%96%B4-100-day-12-flash-cards
d12-078,12,glib,"(깊이 없이) 말만 유창한, 입심좋은",https://quizlet.com/kr/1208393194/%EA%B1%B0%EB%A7%8C%EC%96%B4-100-day-12-flash-cards
d12-079,12,glimmer,"희미하게 빛나다; (희미하게) 깜빡이는 빛, 희미한 기미(표시)",https://quizlet.com/kr/1208393194/%EA%B1%B0%EB%A7%8C%EC%96%B4-100-day-12-flash-cards
d12-080,12,gloat,"자신의 성취에 우쭐하다, 남의 불행을 고소하게 여기다",https://quizlet.com/kr/1208393194/%EA%B1%B0%EB%A7%8C%EC%96%B4-100-day-12-flash-cards
d12-081,12,gloss,"~에 주를 달다, ~을 주해(주석)하다; (over) 속이다, 둘러대다, 얼버무리다; 주석, 짧은 설명; 광택; 화려한 외관, 허울",https://quizlet.com/kr/1208393194/%EA%B1%B0%EB%A7%8C%EC%96%B4-100-day-12-flash-cards
d12-082,12,glut,"과도, 과다
surfeit",https://quizlet.com/kr/1208393194/%EA%B1%B0%EB%A7%8C%EC%96%B4-100-day-12-flash-cards
d12-083,12,glutton,"식신, 식탐이 강한 사람",https://quizlet.com/kr/1208393194/%EA%B1%B0%EB%A7%8C%EC%96%B4-100-day-12-flash-cards
d12-084,12,goad,"막대기로 찌르다, 자극하다, 선동하다",https://quizlet.com/kr/1208393194/%EA%B1%B0%EB%A7%8C%EC%96%B4-100-day-12-flash-cards
d12-085,12,gorge,"협곡, 좁은 골짜기; 잔뜩(실컷) 먹다",https://quizlet.com/kr/1208393194/%EA%B1%B0%EB%A7%8C%EC%96%B4-100-day-12-flash-cards
d12-086,12,gossamer,"매우 얇은, 섬세한; (비유적) 논리가 약하고 뻔한",https://quizlet.com/kr/1208393194/%EA%B1%B0%EB%A7%8C%EC%96%B4-100-day-12-flash-cards
d12-087,12,gouge,"바가지 씌우다, (돈) 사취하다, 속이다",https://quizlet.com/kr/1208393194/%EA%B1%B0%EB%A7%8C%EC%96%B4-100-day-12-flash-cards
d12-088,12,gourmand,"미식가, 대식가",https://quizlet.com/kr/1208393194/%EA%B1%B0%EB%A7%8C%EC%96%B4-100-day-12-flash-cards
d12-089,12,graft,"접목시키다, 접붙이다",https://quizlet.com/kr/1208393194/%EA%B1%B0%EB%A7%8C%EC%96%B4-100-day-12-flash-cards
d12-090,12,grandiloquent,"과장된, 허풍떠는",https://quizlet.com/kr/1208393194/%EA%B1%B0%EB%A7%8C%EC%96%B4-100-day-12-flash-cards
d12-091,12,grandiose,"(겉모습, 외양) 웅장한, 장엄한; (계획) 거창한; 허풍떠는",https://quizlet.com/kr/1208393194/%EA%B1%B0%EB%A7%8C%EC%96%B4-100-day-12-flash-cards
d12-092,12,grandstand,"(관객, 미디어로부터) 주목 받으려 하다, (관객을 의식하여) 화려한 플레이를 하다",https://quizlet.com/kr/1208393194/%EA%B1%B0%EB%A7%8C%EC%96%B4-100-day-12-flash-cards
d12-093,12,graphic,아주 생생한,https://quizlet.com/kr/1208393194/%EA%B1%B0%EB%A7%8C%EC%96%B4-100-day-12-flash-cards
d12-094,12,gratify,"만족시키다
please",https://quizlet.com/kr/1208393194/%EA%B1%B0%EB%A7%8C%EC%96%B4-100-day-12-flash-cards
d12-095,12,grating,"(소리가) 삐걱거리는, 듣기 싫은; (모양, 행동이) 거슬리는, 보기 싫은",https://quizlet.com/kr/1208393194/%EA%B1%B0%EB%A7%8C%EC%96%B4-100-day-12-flash-cards
d12-096,12,gratuitous,"무료의, 필요 없는, 근거 없는",https://quizlet.com/kr/1208393194/%EA%B1%B0%EB%A7%8C%EC%96%B4-100-day-12-flash-cards
d12-097,12,grave,"엄숙한, 진지한; 심각한",https://quizlet.com/kr/1208393194/%EA%B1%B0%EB%A7%8C%EC%96%B4-100-day-12-flash-cards
d12-098,12,gravelly,"자갈같은, 자갈소리가 나는, (목소리) 걸걸한, 귀에 거슬리는",https://quizlet.com/kr/1208393194/%EA%B1%B0%EB%A7%8C%EC%96%B4-100-day-12-flash-cards
d12-099,12,gravitas,진지함,https://quizlet.com/kr/1208393194/%EA%B1%B0%EB%A7%8C%EC%96%B4-100-day-12-flash-cards
d12-100,12,gregarious,"군집성의, 사교적인",https://quizlet.com/kr/1208393194/%EA%B1%B0%EB%A7%8C%EC%96%B4-100-day-12-flash-cards
d13-001,13,gridlock,"(정치) 교착 상태, 정체 상태",https://quizlet.com/kr/1208393683/%EA%B1%B0%EB%A7%8C%EC%96%B4-100-day-13-flash-cards
d13-002,13,grievous,"심각한, 중대한; 슬픈",https://quizlet.com/kr/1208393683/%EA%B1%B0%EB%A7%8C%EC%96%B4-100-day-13-flash-cards
d13-003,13,grill,엄중히 심문하다; 취조하다,https://quizlet.com/kr/1208393683/%EA%B1%B0%EB%A7%8C%EC%96%B4-100-day-13-flash-cards
d13-004,13,grim,"엄격한, 단호한, 잔인한, 무서운, 섬뜩한, 무시무시한",https://quizlet.com/kr/1208393683/%EA%B1%B0%EB%A7%8C%EC%96%B4-100-day-13-flash-cards
d13-005,13,grimace,"찡그림; (병,고통 등으로) 찡그리다",https://quizlet.com/kr/1208393683/%EA%B1%B0%EB%A7%8C%EC%96%B4-100-day-13-flash-cards
d13-006,13,gripe,"(사소한 일에) 불평하다; 불평, 불만",https://quizlet.com/kr/1208393683/%EA%B1%B0%EB%A7%8C%EC%96%B4-100-day-13-flash-cards
d13-007,13,gripping,"주의를 끄는, 흥미로운, 재미있는",https://quizlet.com/kr/1208393683/%EA%B1%B0%EB%A7%8C%EC%96%B4-100-day-13-flash-cards
d13-008,13,gritty,"용감한, 단호한, 투지가 있는",https://quizlet.com/kr/1208393683/%EA%B1%B0%EB%A7%8C%EC%96%B4-100-day-13-flash-cards
d13-009,13,grouch,"불평꾼, 짜증 잘내는 사람; 불평, 불만",https://quizlet.com/kr/1208393683/%EA%B1%B0%EB%A7%8C%EC%96%B4-100-day-13-flash-cards
d13-010,13,groundless,"근거 없는
unwarranted",https://quizlet.com/kr/1208393683/%EA%B1%B0%EB%A7%8C%EC%96%B4-100-day-13-flash-cards
d13-011,13,groveling,"비굴한, 아첨하는; 기는",https://quizlet.com/kr/1208393683/%EA%B1%B0%EB%A7%8C%EC%96%B4-100-day-13-flash-cards
d13-012,13,grudge,"원한, 유감",https://quizlet.com/kr/1208393683/%EA%B1%B0%EB%A7%8C%EC%96%B4-100-day-13-flash-cards
d13-013,13,grueling,"몹시 힘든, 녹초로 만드는",https://quizlet.com/kr/1208393683/%EA%B1%B0%EB%A7%8C%EC%96%B4-100-day-13-flash-cards
d13-014,13,gruesome,"소름끼치는, 오싹하는",https://quizlet.com/kr/1208393683/%EA%B1%B0%EB%A7%8C%EC%96%B4-100-day-13-flash-cards
d13-015,13,gruff,"퉁명스런, (목소리) 거친, 쉰",https://quizlet.com/kr/1208393683/%EA%B1%B0%EB%A7%8C%EC%96%B4-100-day-13-flash-cards
d13-016,13,grumble,"투덜거리다, 불평하다",https://quizlet.com/kr/1208393683/%EA%B1%B0%EB%A7%8C%EC%96%B4-100-day-13-flash-cards
d13-017,13,guarded,"조심하는, 신중한; 보호받는, 감시받는",https://quizlet.com/kr/1208393683/%EA%B1%B0%EB%A7%8C%EC%96%B4-100-day-13-flash-cards
d13-018,13,guile,"속임수, 꾀, 술책",https://quizlet.com/kr/1208393683/%EA%B1%B0%EB%A7%8C%EC%96%B4-100-day-13-flash-cards
d13-019,13,guileless,"속이지 않는, 정직한",https://quizlet.com/kr/1208393683/%EA%B1%B0%EB%A7%8C%EC%96%B4-100-day-13-flash-cards
d13-020,13,gull,속이다,https://quizlet.com/kr/1208393683/%EA%B1%B0%EB%A7%8C%EC%96%B4-100-day-13-flash-cards
d13-021,13,gullible,잘 속는,https://quizlet.com/kr/1208393683/%EA%B1%B0%EB%A7%8C%EC%96%B4-100-day-13-flash-cards
d13-022,13,gust,"(갑자기) 획 부는 바람, 돌풍",https://quizlet.com/kr/1208393683/%EA%B1%B0%EB%A7%8C%EC%96%B4-100-day-13-flash-cards
d13-023,13,guzzle,"폭식하다, 폭음하다",https://quizlet.com/kr/1208393683/%EA%B1%B0%EB%A7%8C%EC%96%B4-100-day-13-flash-cards
d13-024,13,hackneyed,진부한,https://quizlet.com/kr/1208393683/%EA%B1%B0%EB%A7%8C%EC%96%B4-100-day-13-flash-cards
d13-025,13,haggle,"(가격을 두고) 흥정하다, 실랑이를 벌이다",https://quizlet.com/kr/1208393683/%EA%B1%B0%EB%A7%8C%EC%96%B4-100-day-13-flash-cards
d13-026,13,hail,"환호하다, 칭송하다, 일컫다
acclaim",https://quizlet.com/kr/1208393683/%EA%B1%B0%EB%A7%8C%EC%96%B4-100-day-13-flash-cards
d13-027,13,halcyon,"평온한, 행복한",https://quizlet.com/kr/1208393683/%EA%B1%B0%EB%A7%8C%EC%96%B4-100-day-13-flash-cards
d13-028,13,halfhearted,"열정이 없는, 내키지 않는",https://quizlet.com/kr/1208393683/%EA%B1%B0%EB%A7%8C%EC%96%B4-100-day-13-flash-cards
d13-029,13,hallmark,(전형적인) 특징[특질]; (귀금속의) 품질 보증 마크,https://quizlet.com/kr/1208393683/%EA%B1%B0%EB%A7%8C%EC%96%B4-100-day-13-flash-cards
d13-030,13,hallow,"거룩히 여기다, 신성하게 하다",https://quizlet.com/kr/1208393683/%EA%B1%B0%EB%A7%8C%EC%96%B4-100-day-13-flash-cards
d13-031,13,hallucination,환각,https://quizlet.com/kr/1208393683/%EA%B1%B0%EB%A7%8C%EC%96%B4-100-day-13-flash-cards
d13-032,13,halo,"빛번짐, 광륜",https://quizlet.com/kr/1208393683/%EA%B1%B0%EB%A7%8C%EC%96%B4-100-day-13-flash-cards
d13-033,13,ham-handed,"서투른, 실수하는",https://quizlet.com/kr/1208393683/%EA%B1%B0%EB%A7%8C%EC%96%B4-100-day-13-flash-cards
d13-034,13,hamper,"막다, 방해하다
impede",https://quizlet.com/kr/1208393683/%EA%B1%B0%EB%A7%8C%EC%96%B4-100-day-13-flash-cards
d13-035,13,hamstring,"1. 다리를 절게하다
2. 무력화하다, 좌절시키다, 방해하다 impair",https://quizlet.com/kr/1208393683/%EA%B1%B0%EB%A7%8C%EC%96%B4-100-day-13-flash-cards
d13-036,13,hankering,갈망,https://quizlet.com/kr/1208393683/%EA%B1%B0%EB%A7%8C%EC%96%B4-100-day-13-flash-cards
d13-037,13,haphazard,"아무렇게나, 되는대로
random",https://quizlet.com/kr/1208393683/%EA%B1%B0%EB%A7%8C%EC%96%B4-100-day-13-flash-cards
d13-038,13,hapless,불운한,https://quizlet.com/kr/1208393683/%EA%B1%B0%EB%A7%8C%EC%96%B4-100-day-13-flash-cards
d13-039,13,happenstance,"우연
chance",https://quizlet.com/kr/1208393683/%EA%B1%B0%EB%A7%8C%EC%96%B4-100-day-13-flash-cards
d13-040,13,harangue,"장광설; 비난, 질책; 장괄설로 열변을 토하다, 질책하다",https://quizlet.com/kr/1208393683/%EA%B1%B0%EB%A7%8C%EC%96%B4-100-day-13-flash-cards
d13-041,13,harbinger,전조,https://quizlet.com/kr/1208393683/%EA%B1%B0%EB%A7%8C%EC%96%B4-100-day-13-flash-cards
d13-042,13,harbor,"피난처를 제공하다, 숨겨주다; (생각, 감정 등) 숨기고 있다",https://quizlet.com/kr/1208393683/%EA%B1%B0%EB%A7%8C%EC%96%B4-100-day-13-flash-cards
d13-043,13,hard-boiled,"비정한, 무정한, 감상적이지 않은, 감정에 치우치지 않는",https://quizlet.com/kr/1208393683/%EA%B1%B0%EB%A7%8C%EC%96%B4-100-day-13-flash-cards
d13-044,13,hard-nosed,"냉철한, 현실적인; 강경한",https://quizlet.com/kr/1208393683/%EA%B1%B0%EB%A7%8C%EC%96%B4-100-day-13-flash-cards
d13-045,13,hardheaded,"완고한, 고집센; 현실적인, 빈틈없는, 냉정한",https://quizlet.com/kr/1208393683/%EA%B1%B0%EB%A7%8C%EC%96%B4-100-day-13-flash-cards
d13-046,13,hard-pressed,"애를 먹고 있는, 힘들어 하는",https://quizlet.com/kr/1208393683/%EA%B1%B0%EB%A7%8C%EC%96%B4-100-day-13-flash-cards
d13-047,13,hardy,"강건한, 용감한; (척박한 환경에) 강한",https://quizlet.com/kr/1208393683/%EA%B1%B0%EB%A7%8C%EC%96%B4-100-day-13-flash-cards
d13-048,13,harrow,"괴롭히다, 못살게 굴다",https://quizlet.com/kr/1208393683/%EA%B1%B0%EB%A7%8C%EC%96%B4-100-day-13-flash-cards
d13-049,13,harry,"괴롭히다, 못살게 굴다",https://quizlet.com/kr/1208393683/%EA%B1%B0%EB%A7%8C%EC%96%B4-100-day-13-flash-cards
d13-050,13,hasten,"서두르다, 재촉하다, 앞당기다",https://quizlet.com/kr/1208393683/%EA%B1%B0%EB%A7%8C%EC%96%B4-100-day-13-flash-cards
d13-051,13,hasty,"성급한, 서두르는, 경솔한",https://quizlet.com/kr/1208393683/%EA%B1%B0%EB%A7%8C%EC%96%B4-100-day-13-flash-cards
d13-052,13,haughty,"거만한, 오만한",https://quizlet.com/kr/1208393683/%EA%B1%B0%EB%A7%8C%EC%96%B4-100-day-13-flash-cards
d13-053,13,haunt,"자주 가는 장소; (어떤 장소에) 귀신이 나타나다, (어떤 생각이) 계속 떠오르다",https://quizlet.com/kr/1208393683/%EA%B1%B0%EB%A7%8C%EC%96%B4-100-day-13-flash-cards
d13-054,13,hauteur,"오만함, 거만함, 거만(한 태도)",https://quizlet.com/kr/1208393683/%EA%B1%B0%EB%A7%8C%EC%96%B4-100-day-13-flash-cards
d13-055,13,haven,항구; 피난처,https://quizlet.com/kr/1208393683/%EA%B1%B0%EB%A7%8C%EC%96%B4-100-day-13-flash-cards
d13-056,13,havoc,"대파괴, 황폐, 대혼란",https://quizlet.com/kr/1208393683/%EA%B1%B0%EB%A7%8C%EC%96%B4-100-day-13-flash-cards
d13-057,13,headlong,"무모하게, 성급하게",https://quizlet.com/kr/1208393683/%EA%B1%B0%EB%A7%8C%EC%96%B4-100-day-13-flash-cards
d13-058,13,headstrong,고집 센,https://quizlet.com/kr/1208393683/%EA%B1%B0%EB%A7%8C%EC%96%B4-100-day-13-flash-cards
d13-059,13,heart-rending,"마음을 찢어지게 하는, 매우 슬픈",https://quizlet.com/kr/1208393683/%EA%B1%B0%EB%A7%8C%EC%96%B4-100-day-13-flash-cards
d13-060,13,hearten,"용기, 기운을 북돋어주다, 격려하다",https://quizlet.com/kr/1208393683/%EA%B1%B0%EB%A7%8C%EC%96%B4-100-day-13-flash-cards
d13-061,13,heartless,"무정한, 비정한, 차가운",https://quizlet.com/kr/1208393683/%EA%B1%B0%EB%A7%8C%EC%96%B4-100-day-13-flash-cards
d13-062,13,heated,"화난, 격렬한; 열렬한",https://quizlet.com/kr/1208393683/%EA%B1%B0%EB%A7%8C%EC%96%B4-100-day-13-flash-cards
d13-063,13,heavy-handed,"서투른, 솜씨없는; 고압적인, 가혹한",https://quizlet.com/kr/1208393683/%EA%B1%B0%EB%A7%8C%EC%96%B4-100-day-13-flash-cards
d13-064,13,heckle,"괴롭히다; 방해하다, 야유를 퍼붓다",https://quizlet.com/kr/1208393683/%EA%B1%B0%EB%A7%8C%EC%96%B4-100-day-13-flash-cards
d13-065,13,hedge,"제한하다, 조건을 붙이다; 분산 투자해서 보호하다",https://quizlet.com/kr/1208393683/%EA%B1%B0%EB%A7%8C%EC%96%B4-100-day-13-flash-cards
d13-066,13,hedonism,쾌락주의,https://quizlet.com/kr/1208393683/%EA%B1%B0%EB%A7%8C%EC%96%B4-100-day-13-flash-cards
d13-067,13,heed,주의를 기울이다,https://quizlet.com/kr/1208393683/%EA%B1%B0%EB%A7%8C%EC%96%B4-100-day-13-flash-cards
d13-068,13,heinous,(행동) 극악한,https://quizlet.com/kr/1208393683/%EA%B1%B0%EB%A7%8C%EC%96%B4-100-day-13-flash-cards
d13-069,13,heirloom,(집안의) 가보,https://quizlet.com/kr/1208393683/%EA%B1%B0%EB%A7%8C%EC%96%B4-100-day-13-flash-cards
d13-070,13,helter-skelter,"허둥지둥, 허겁지겁 하는",https://quizlet.com/kr/1208393683/%EA%B1%B0%EB%A7%8C%EC%96%B4-100-day-13-flash-cards
d13-071,13,herald,"알리다, 예고하다, 발표하다; 전조",https://quizlet.com/kr/1208393683/%EA%B1%B0%EB%A7%8C%EC%96%B4-100-day-13-flash-cards
d13-072,13,heretic,"(일반적인 믿음을) 따르지 않는 사람, 이단자",https://quizlet.com/kr/1208393683/%EA%B1%B0%EB%A7%8C%EC%96%B4-100-day-13-flash-cards
d13-073,13,heretofore,"이제까지, 여태까지",https://quizlet.com/kr/1208393683/%EA%B1%B0%EB%A7%8C%EC%96%B4-100-day-13-flash-cards
d13-074,13,hermetic,"밀봉, 밀폐된; 난해한",https://quizlet.com/kr/1208393683/%EA%B1%B0%EB%A7%8C%EC%96%B4-100-day-13-flash-cards
d13-075,13,heroic,"영웅적인, 용감한",https://quizlet.com/kr/1208393683/%EA%B1%B0%EB%A7%8C%EC%96%B4-100-day-13-flash-cards
d13-076,13,heterodox,"이단, 이설, 이교의",https://quizlet.com/kr/1208393683/%EA%B1%B0%EB%A7%8C%EC%96%B4-100-day-13-flash-cards
d13-077,13,heterogeneous,"다양한, 이질적인
disparate, dissimilar",https://quizlet.com/kr/1208393683/%EA%B1%B0%EB%A7%8C%EC%96%B4-100-day-13-flash-cards
d13-078,13,hew to,"따르다, 준수하다, 신봉하다",https://quizlet.com/kr/1208393683/%EA%B1%B0%EB%A7%8C%EC%96%B4-100-day-13-flash-cards
d13-079,13,heyday,전성기,https://quizlet.com/kr/1208393683/%EA%B1%B0%EB%A7%8C%EC%96%B4-100-day-13-flash-cards
d13-080,13,hidebound,"완고한, 매우 보수적인",https://quizlet.com/kr/1208393683/%EA%B1%B0%EB%A7%8C%EC%96%B4-100-day-13-flash-cards
d13-081,13,hierarchy,"계급, 계층",https://quizlet.com/kr/1208393683/%EA%B1%B0%EB%A7%8C%EC%96%B4-100-day-13-flash-cards
d13-082,13,hieroglyph,상형문자,https://quizlet.com/kr/1208393683/%EA%B1%B0%EB%A7%8C%EC%96%B4-100-day-13-flash-cards
d13-083,13,hinge upon,"(전적으로) ~에 달려있다, ~에 좌우된다",https://quizlet.com/kr/1208393683/%EA%B1%B0%EB%A7%8C%EC%96%B4-100-day-13-flash-cards
d13-084,13,hiss,"쉿 소리를 내다; 야유하다, (화난 어조로) 낮게 말하다 ('쉿'하고 말하다)",https://quizlet.com/kr/1208393683/%EA%B1%B0%EB%A7%8C%EC%96%B4-100-day-13-flash-cards
d13-085,13,histrionic,"배우의, 연기의; 꾸민듯한, 과장된; 연기성 인격장애의, 관심을 지나치게 끌려하는",https://quizlet.com/kr/1208393683/%EA%B1%B0%EB%A7%8C%EC%96%B4-100-day-13-flash-cards
d13-086,13,hitch,"문제, 장애, 곤란한 일
snag",https://quizlet.com/kr/1208393683/%EA%B1%B0%EB%A7%8C%EC%96%B4-100-day-13-flash-cards
d13-087,13,hitherto,"지금까지, 여태까지",https://quizlet.com/kr/1208393683/%EA%B1%B0%EB%A7%8C%EC%96%B4-100-day-13-flash-cards
d13-088,13,hoard,"보관하다, (몰래) 저장하다",https://quizlet.com/kr/1208393683/%EA%B1%B0%EB%A7%8C%EC%96%B4-100-day-13-flash-cards
d13-089,13,hoarse,"(목소리가) 거친, 쉰 소리가 나는",https://quizlet.com/kr/1208393683/%EA%B1%B0%EB%A7%8C%EC%96%B4-100-day-13-flash-cards
d13-090,13,hoary,"(머리카락이) 하얗게 센, 백발인; (너무 오래되어) 재미없는, 시들한",https://quizlet.com/kr/1208393683/%EA%B1%B0%EB%A7%8C%EC%96%B4-100-day-13-flash-cards
d13-091,13,hoax,짓궂은 속임수; 속이다,https://quizlet.com/kr/1208393683/%EA%B1%B0%EB%A7%8C%EC%96%B4-100-day-13-flash-cards
d13-092,13,hobble,"다리를 절게 하다; (활동, 성장 등을) 방해하다, 제한하다",https://quizlet.com/kr/1208393683/%EA%B1%B0%EB%A7%8C%EC%96%B4-100-day-13-flash-cards
d13-093,13,hodgepodge,"뒤범벅, 잡탕
patchwork, pastiche, jumble",https://quizlet.com/kr/1208393683/%EA%B1%B0%EB%A7%8C%EC%96%B4-100-day-13-flash-cards
d13-094,13,hoist,들어올리다,https://quizlet.com/kr/1208393683/%EA%B1%B0%EB%A7%8C%EC%96%B4-100-day-13-flash-cards
d13-095,13,hollow,"텅 빈, 내용없는",https://quizlet.com/kr/1208393683/%EA%B1%B0%EB%A7%8C%EC%96%B4-100-day-13-flash-cards
d13-096,13,homage,존경,https://quizlet.com/kr/1208393683/%EA%B1%B0%EB%A7%8C%EC%96%B4-100-day-13-flash-cards
d13-097,13,homily,설교; 지루한 도덕적 훈계,https://quizlet.com/kr/1208393683/%EA%B1%B0%EB%A7%8C%EC%96%B4-100-day-13-flash-cards
d13-098,13,homogeneous,"동종의, 균질의, 비슷한
uniform",https://quizlet.com/kr/1208393683/%EA%B1%B0%EB%A7%8C%EC%96%B4-100-day-13-flash-cards
d13-099,13,hone,"1. 숫돌
2. 날카롭게 하다, 연마하다 enhance",https://quizlet.com/kr/1208393683/%EA%B1%B0%EB%A7%8C%EC%96%B4-100-day-13-flash-cards
d13-100,13,hortative,"(조언, 연설 등이) 격려하는, 충고의, 권고적인
didactic",https://quizlet.com/kr/1208393683/%EA%B1%B0%EB%A7%8C%EC%96%B4-100-day-13-flash-cards
d14-001,14,hospitable,"친절한, 대접을 잘 하는",https://quizlet.com/kr/1208393879/%EA%B1%B0%EB%A7%8C%EC%96%B4-100-day-14-flash-cards
d14-002,14,hubris,"지나친 자신감, 오만함",https://quizlet.com/kr/1208393879/%EA%B1%B0%EB%A7%8C%EC%96%B4-100-day-14-flash-cards
d14-003,14,huddle,떼지어 모이다; 뒤죽박죽 쌓아 올리다,https://quizlet.com/kr/1208393879/%EA%B1%B0%EB%A7%8C%EC%96%B4-100-day-14-flash-cards
d14-004,14,hue,"색깔, 색조",https://quizlet.com/kr/1208393879/%EA%B1%B0%EB%A7%8C%EC%96%B4-100-day-14-flash-cards
d14-005,14,humble,"초라한, 누추한",https://quizlet.com/kr/1208393879/%EA%B1%B0%EB%A7%8C%EC%96%B4-100-day-14-flash-cards
d14-006,14,humdrum,"단조로운, 재미없는",https://quizlet.com/kr/1208393879/%EA%B1%B0%EB%A7%8C%EC%96%B4-100-day-14-flash-cards
d14-007,14,humiliate,굴욕감을 주다,https://quizlet.com/kr/1208393879/%EA%B1%B0%EB%A7%8C%EC%96%B4-100-day-14-flash-cards
d14-008,14,humility,"겸손
modesty",https://quizlet.com/kr/1208393879/%EA%B1%B0%EB%A7%8C%EC%96%B4-100-day-14-flash-cards
d14-009,14,hunch,"예감, 직감, 느낌",https://quizlet.com/kr/1208393879/%EA%B1%B0%EB%A7%8C%EC%96%B4-100-day-14-flash-cards
d14-010,14,husband,"아껴쓰다, 절약하다",https://quizlet.com/kr/1208393879/%EA%B1%B0%EB%A7%8C%EC%96%B4-100-day-14-flash-cards
d14-011,14,hybrid,"잡종, 잡종의; 혼성체, 혼합물",https://quizlet.com/kr/1208393879/%EA%B1%B0%EB%A7%8C%EC%96%B4-100-day-14-flash-cards
d14-012,14,hyperbole,"과장된 말, 과장법
exaggeration",https://quizlet.com/kr/1208393879/%EA%B1%B0%EB%A7%8C%EC%96%B4-100-day-14-flash-cards
d14-013,14,hypnotic,"최면에 걸리게 하는, 잠이 오게 하는",https://quizlet.com/kr/1208393879/%EA%B1%B0%EB%A7%8C%EC%96%B4-100-day-14-flash-cards
d14-014,14,hypocritical,위선적인,https://quizlet.com/kr/1208393879/%EA%B1%B0%EB%A7%8C%EC%96%B4-100-day-14-flash-cards
d14-015,14,hypostatize,"실체화하다, 사실처럼 다루다, 사실로 묘사하다",https://quizlet.com/kr/1208393879/%EA%B1%B0%EB%A7%8C%EC%96%B4-100-day-14-flash-cards
d14-016,14,hypothetical,가설의,https://quizlet.com/kr/1208393879/%EA%B1%B0%EB%A7%8C%EC%96%B4-100-day-14-flash-cards
d14-017,14,iconoclastic,"인습 타파의, 우상 파괴의",https://quizlet.com/kr/1208393879/%EA%B1%B0%EB%A7%8C%EC%96%B4-100-day-14-flash-cards
d14-018,14,idiocy,우둔함,https://quizlet.com/kr/1208393879/%EA%B1%B0%EB%A7%8C%EC%96%B4-100-day-14-flash-cards
d14-019,14,idiosyncrasy,"특유의 성질, 특이함",https://quizlet.com/kr/1208393879/%EA%B1%B0%EB%A7%8C%EC%96%B4-100-day-14-flash-cards
d14-020,14,idle,"게으른, 나태한; (기계, 공장) 작동하지 않는, 사용되지 않는; (자동차, 엔진) 공회전하다",https://quizlet.com/kr/1208393879/%EA%B1%B0%EB%A7%8C%EC%96%B4-100-day-14-flash-cards
d14-021,14,idolatrous,우상숭배적인; 맹신하는,https://quizlet.com/kr/1208393879/%EA%B1%B0%EB%A7%8C%EC%96%B4-100-day-14-flash-cards
d14-022,14,idylic,"목가적인, 전원적인",https://quizlet.com/kr/1208393879/%EA%B1%B0%EB%A7%8C%EC%96%B4-100-day-14-flash-cards
d14-023,14,ignominy,"불명예, 치욕, 굴욕",https://quizlet.com/kr/1208393879/%EA%B1%B0%EB%A7%8C%EC%96%B4-100-day-14-flash-cards
d14-024,14,illegible,"읽을 수 없는, 해독 불가한",https://quizlet.com/kr/1208393879/%EA%B1%B0%EB%A7%8C%EC%96%B4-100-day-14-flash-cards
d14-025,14,illicit,불법적인,https://quizlet.com/kr/1208393879/%EA%B1%B0%EB%A7%8C%EC%96%B4-100-day-14-flash-cards
d14-026,14,illiteracy,"무학, 문맹, 무교양",https://quizlet.com/kr/1208393879/%EA%B1%B0%EB%A7%8C%EC%96%B4-100-day-14-flash-cards
d14-027,14,illuminate,"1. 조명하다, 에 불을 비추다
2. 이해하기 쉽게 밝히다, 명백히 설명해주다 clarify",https://quizlet.com/kr/1208393879/%EA%B1%B0%EB%A7%8C%EC%96%B4-100-day-14-flash-cards
d14-028,14,illustrate,"(그림, 차트, 예를 이용해서) 설명하다",https://quizlet.com/kr/1208393879/%EA%B1%B0%EB%A7%8C%EC%96%B4-100-day-14-flash-cards
d14-029,14,illustrious,"걸출한, 저명한, 뛰어난",https://quizlet.com/kr/1208393879/%EA%B1%B0%EB%A7%8C%EC%96%B4-100-day-14-flash-cards
d14-030,14,imbue,(생각) 주입시키다; 스며들게 하다; (색깔) 물들이다,https://quizlet.com/kr/1208393879/%EA%B1%B0%EB%A7%8C%EC%96%B4-100-day-14-flash-cards
d14-031,14,immaterial,"1. (지금 상황, 현재 내용에) 중요하지 않은, 관련없는 irrelevent, inconsequential
2. 영적인",https://quizlet.com/kr/1208393879/%EA%B1%B0%EB%A7%8C%EC%96%B4-100-day-14-flash-cards
d14-032,14,immeasurable,"헤아릴 수 없는, 측정할 수 없는",https://quizlet.com/kr/1208393879/%EA%B1%B0%EB%A7%8C%EC%96%B4-100-day-14-flash-cards
d14-033,14,immediate,"(시간, 장소, 관계) 가까운, 즉각적인",https://quizlet.com/kr/1208393879/%EA%B1%B0%EB%A7%8C%EC%96%B4-100-day-14-flash-cards
d14-034,14,immemorial,"옛날의, 태고적의",https://quizlet.com/kr/1208393879/%EA%B1%B0%EB%A7%8C%EC%96%B4-100-day-14-flash-cards
d14-035,14,immerse,"푹 담그다; 열중, 몰두시키다",https://quizlet.com/kr/1208393879/%EA%B1%B0%EB%A7%8C%EC%96%B4-100-day-14-flash-cards
d14-036,14,imminent,임박한,https://quizlet.com/kr/1208393879/%EA%B1%B0%EB%A7%8C%EC%96%B4-100-day-14-flash-cards
d14-037,14,immolate,"(태워서) 죽이다, 희생을 바치다",https://quizlet.com/kr/1208393879/%EA%B1%B0%EB%A7%8C%EC%96%B4-100-day-14-flash-cards
d14-038,14,immortalize,"불멸로 만들다, 불후의 명성을 주다",https://quizlet.com/kr/1208393879/%EA%B1%B0%EB%A7%8C%EC%96%B4-100-day-14-flash-cards
d14-039,14,immune,면역의; 면제된,https://quizlet.com/kr/1208393879/%EA%B1%B0%EB%A7%8C%EC%96%B4-100-day-14-flash-cards
d14-040,14,immure,"감금하다, 가두다",https://quizlet.com/kr/1208393879/%EA%B1%B0%EB%A7%8C%EC%96%B4-100-day-14-flash-cards
d14-041,14,immutable,불변의,https://quizlet.com/kr/1208393879/%EA%B1%B0%EB%A7%8C%EC%96%B4-100-day-14-flash-cards
d14-042,14,impair,"약화시키다, 손상시키다
hamstring",https://quizlet.com/kr/1208393879/%EA%B1%B0%EB%A7%8C%EC%96%B4-100-day-14-flash-cards
d14-043,14,impart,"(정보, 지식 등을) 주다, 전하다; (특성을) 부여하다",https://quizlet.com/kr/1208393879/%EA%B1%B0%EB%A7%8C%EC%96%B4-100-day-14-flash-cards
d14-044,14,impartial,공정한,https://quizlet.com/kr/1208393879/%EA%B1%B0%EB%A7%8C%EC%96%B4-100-day-14-flash-cards
d14-045,14,impassionate,"열정적인, 열렬한",https://quizlet.com/kr/1208393879/%EA%B1%B0%EB%A7%8C%EC%96%B4-100-day-14-flash-cards
d14-046,14,impassioned,"열정적인, 열렬한
fiery",https://quizlet.com/kr/1208393879/%EA%B1%B0%EB%A7%8C%EC%96%B4-100-day-14-flash-cards
d14-047,14,impassive,"무정한, 비정한, 무표정한",https://quizlet.com/kr/1208393879/%EA%B1%B0%EB%A7%8C%EC%96%B4-100-day-14-flash-cards
d14-048,14,impeachable,탄핵/비난 받을 만한,https://quizlet.com/kr/1208393879/%EA%B1%B0%EB%A7%8C%EC%96%B4-100-day-14-flash-cards
d14-049,14,impeccable,"결함없는, 완벽한",https://quizlet.com/kr/1208393879/%EA%B1%B0%EB%A7%8C%EC%96%B4-100-day-14-flash-cards
d14-050,14,impecunious,무일푼의,https://quizlet.com/kr/1208393879/%EA%B1%B0%EB%A7%8C%EC%96%B4-100-day-14-flash-cards
d14-051,14,impede,"방해하다, 훼방 놓다
hamper",https://quizlet.com/kr/1208393879/%EA%B1%B0%EB%A7%8C%EC%96%B4-100-day-14-flash-cards
d14-052,14,impel,"강요하다, 강제하다",https://quizlet.com/kr/1208393879/%EA%B1%B0%EB%A7%8C%EC%96%B4-100-day-14-flash-cards
d14-053,14,impending,임박한,https://quizlet.com/kr/1208393879/%EA%B1%B0%EB%A7%8C%EC%96%B4-100-day-14-flash-cards
d14-054,14,impenetrable,"통과할 수 없는, 스며들 수 없는; 이해할 수 없는",https://quizlet.com/kr/1208393879/%EA%B1%B0%EB%A7%8C%EC%96%B4-100-day-14-flash-cards
d14-055,14,imperative,"꼭 해야 하는, 필수적인; 긴요한 것, 긴급한 과제",https://quizlet.com/kr/1208393879/%EA%B1%B0%EB%A7%8C%EC%96%B4-100-day-14-flash-cards
d14-056,14,imperceptible,"(아주 작아서) 지각할 수 없는, 미묘한; (변화, 차이 따위가) 극히 적은, 미세한
indiscernible, gradual",https://quizlet.com/kr/1208393879/%EA%B1%B0%EB%A7%8C%EC%96%B4-100-day-14-flash-cards
d14-057,14,imperil,"위험에 빠뜨리다, 위태롭게 하다",https://quizlet.com/kr/1208393879/%EA%B1%B0%EB%A7%8C%EC%96%B4-100-day-14-flash-cards
d14-058,14,imperious,"오만한, 고압적인
peremptory",https://quizlet.com/kr/1208393879/%EA%B1%B0%EB%A7%8C%EC%96%B4-100-day-14-flash-cards
d14-059,14,impermeable,불침투성의,https://quizlet.com/kr/1208393879/%EA%B1%B0%EB%A7%8C%EC%96%B4-100-day-14-flash-cards
d14-060,14,impertinent,"1. 건방진, 무례한 presumptuous
2. 무관한, 엉뚱한, 적절하지 않은",https://quizlet.com/kr/1208393879/%EA%B1%B0%EB%A7%8C%EC%96%B4-100-day-14-flash-cards
d14-061,14,imperturbable,"차분한, 동요하지 않는",https://quizlet.com/kr/1208393879/%EA%B1%B0%EB%A7%8C%EC%96%B4-100-day-14-flash-cards
d14-062,14,impervious,"불침투성의; 영향을 받지 않는, 해를 입지 않는",https://quizlet.com/kr/1208393879/%EA%B1%B0%EB%A7%8C%EC%96%B4-100-day-14-flash-cards
d14-063,14,impetuous,"충동적인, 성급한",https://quizlet.com/kr/1208393879/%EA%B1%B0%EB%A7%8C%EC%96%B4-100-day-14-flash-cards
d14-064,14,impinge,"(특히 부정적인) 영향을 주다; 침해하다, 침범하다",https://quizlet.com/kr/1208393879/%EA%B1%B0%EB%A7%8C%EC%96%B4-100-day-14-flash-cards
d14-065,14,implacable,"달랠 수 없는, 막을 수 없는, 확고한",https://quizlet.com/kr/1208393879/%EA%B1%B0%EB%A7%8C%EC%96%B4-100-day-14-flash-cards
d14-066,14,implant,"심다, 이식하다, 박다, 주입하다",https://quizlet.com/kr/1208393879/%EA%B1%B0%EB%A7%8C%EC%96%B4-100-day-14-flash-cards
d14-067,14,implausible,"믿을 수 없는, 믿기 어려운; 그럴듯하지 않은",https://quizlet.com/kr/1208393879/%EA%B1%B0%EB%A7%8C%EC%96%B4-100-day-14-flash-cards
d14-068,14,implement,이행하다,https://quizlet.com/kr/1208393879/%EA%B1%B0%EB%A7%8C%EC%96%B4-100-day-14-flash-cards
d14-069,14,implicate,(범죄에) 연루되었음을 보여주다; (나쁜 것의) 원인임을 시사하다,https://quizlet.com/kr/1208393879/%EA%B1%B0%EB%A7%8C%EC%96%B4-100-day-14-flash-cards
d14-070,14,implicit,"암시된, 암묵적인",https://quizlet.com/kr/1208393879/%EA%B1%B0%EB%A7%8C%EC%96%B4-100-day-14-flash-cards
d14-071,14,implore,간청하다,https://quizlet.com/kr/1208393879/%EA%B1%B0%EB%A7%8C%EC%96%B4-100-day-14-flash-cards
d14-072,14,import,"의미, 중요성",https://quizlet.com/kr/1208393879/%EA%B1%B0%EB%A7%8C%EC%96%B4-100-day-14-flash-cards
d14-073,14,importunate,"성가신, 끈덕진",https://quizlet.com/kr/1208393879/%EA%B1%B0%EB%A7%8C%EC%96%B4-100-day-14-flash-cards
d14-074,14,impose,"부과하다, 지우다; 강제하다",https://quizlet.com/kr/1208393879/%EA%B1%B0%EB%A7%8C%EC%96%B4-100-day-14-flash-cards
d14-075,14,imposing,"웅장한, 크고 대단한, 멋진",https://quizlet.com/kr/1208393879/%EA%B1%B0%EB%A7%8C%EC%96%B4-100-day-14-flash-cards
d14-076,14,impostor,(다른 사람 행세를 하는) 사기꾼,https://quizlet.com/kr/1208393879/%EA%B1%B0%EB%A7%8C%EC%96%B4-100-day-14-flash-cards
d14-077,14,impregnable,난공불락의,https://quizlet.com/kr/1208393879/%EA%B1%B0%EB%A7%8C%EC%96%B4-100-day-14-flash-cards
d14-078,14,impressionable,영향을 잘 받는; 감수성이 예민한,https://quizlet.com/kr/1208393879/%EA%B1%B0%EB%A7%8C%EC%96%B4-100-day-14-flash-cards
d14-079,14,impromptu,"즉흥적인; 즉석 연설, 즉흥 연주, 즉흥시(곡)",https://quizlet.com/kr/1208393879/%EA%B1%B0%EB%A7%8C%EC%96%B4-100-day-14-flash-cards
d14-080,14,improvident,미래를 대비하지 않는; 낭비하는,https://quizlet.com/kr/1208393879/%EA%B1%B0%EB%A7%8C%EC%96%B4-100-day-14-flash-cards
d14-081,14,improvise,즉흥적으로 하다,https://quizlet.com/kr/1208393879/%EA%B1%B0%EB%A7%8C%EC%96%B4-100-day-14-flash-cards
d14-082,14,imprudent,"신중하지 못한, 경솔한, 무분별한",https://quizlet.com/kr/1208393879/%EA%B1%B0%EB%A7%8C%EC%96%B4-100-day-14-flash-cards
d14-083,14,impudent,"무례한, 불손한, 건방진",https://quizlet.com/kr/1208393879/%EA%B1%B0%EB%A7%8C%EC%96%B4-100-day-14-flash-cards
d14-084,14,impugn,"의심하다, 이의를 제기하다, 비난하다, 공격하다",https://quizlet.com/kr/1208393879/%EA%B1%B0%EB%A7%8C%EC%96%B4-100-day-14-flash-cards
d14-085,14,impunity,"형벌을 받지 않음, 면죄",https://quizlet.com/kr/1208393879/%EA%B1%B0%EB%A7%8C%EC%96%B4-100-day-14-flash-cards
d14-086,14,impute,"(특히 안 좋은 일을) ~에게 돌리다, 전가하다(to)",https://quizlet.com/kr/1208393879/%EA%B1%B0%EB%A7%8C%EC%96%B4-100-day-14-flash-cards
d14-087,14,inadequate,"부적당한, 불충분한
scarce",https://quizlet.com/kr/1208393879/%EA%B1%B0%EB%A7%8C%EC%96%B4-100-day-14-flash-cards
d14-088,14,inadvertent,"우연적인, 의도하지 않은",https://quizlet.com/kr/1208393879/%EA%B1%B0%EB%A7%8C%EC%96%B4-100-day-14-flash-cards
d14-089,14,inadvisable,현명하지 못한,https://quizlet.com/kr/1208393879/%EA%B1%B0%EB%A7%8C%EC%96%B4-100-day-14-flash-cards
d14-090,14,inalienable,"빼앗을 수 없는, 양도할 수 없는",https://quizlet.com/kr/1208393879/%EA%B1%B0%EB%A7%8C%EC%96%B4-100-day-14-flash-cards
d14-091,14,inane,어리석은; 무의미한,https://quizlet.com/kr/1208393879/%EA%B1%B0%EB%A7%8C%EC%96%B4-100-day-14-flash-cards
d14-092,14,inanimate,살아있지 않은; 생명이 없는,https://quizlet.com/kr/1208393879/%EA%B1%B0%EB%A7%8C%EC%96%B4-100-day-14-flash-cards
d14-093,14,inaugurate,"취임시키다; 시작하다, 개시를 알리다",https://quizlet.com/kr/1208393879/%EA%B1%B0%EB%A7%8C%EC%96%B4-100-day-14-flash-cards
d14-094,14,incarcerate,"투옥시키다, 감금시키다",https://quizlet.com/kr/1208393879/%EA%B1%B0%EB%A7%8C%EC%96%B4-100-day-14-flash-cards
d14-095,14,incendiary,방화의; 방화범; 선동가,https://quizlet.com/kr/1208393879/%EA%B1%B0%EB%A7%8C%EC%96%B4-100-day-14-flash-cards
d14-096,14,incense,몹시 화나게 하다,https://quizlet.com/kr/1208393879/%EA%B1%B0%EB%A7%8C%EC%96%B4-100-day-14-flash-cards
d14-097,14,incentive,"격려, 자극, 유인, 장려금, 벌금",https://quizlet.com/kr/1208393879/%EA%B1%B0%EB%A7%8C%EC%96%B4-100-day-14-flash-cards
d14-098,14,incessant,"끊임없는, 계속적인",https://quizlet.com/kr/1208393879/%EA%B1%B0%EB%A7%8C%EC%96%B4-100-day-14-flash-cards
d14-099,14,inchoate,"이제 시작 단계인, 방금 시작한, 불완전한, 초기의",https://quizlet.com/kr/1208393879/%EA%B1%B0%EB%A7%8C%EC%96%B4-100-day-14-flash-cards
d14-100,14,incinerate,소각하다,https://quizlet.com/kr/1208393879/%EA%B1%B0%EB%A7%8C%EC%96%B4-100-day-14-flash-cards
d15-001,15,incipient,"시작 단계의, 초기의, 발단의",https://quizlet.com/kr/1208393967/%EA%B1%B0%EB%A7%8C%EC%96%B4-100-day-15-flash-cards
d15-002,15,incisive,"예리한, 날카로운, 통렬한",https://quizlet.com/kr/1208393967/%EA%B1%B0%EB%A7%8C%EC%96%B4-100-day-15-flash-cards
d15-003,15,incite,"자극하다, 선동하다",https://quizlet.com/kr/1208393967/%EA%B1%B0%EB%A7%8C%EC%96%B4-100-day-15-flash-cards
d15-004,15,inclement,"(날씨) 혹독한, 궂은",https://quizlet.com/kr/1208393967/%EA%B1%B0%EB%A7%8C%EC%96%B4-100-day-15-flash-cards
d15-005,15,incoherent,"(말, 글) 조리가 없는",https://quizlet.com/kr/1208393967/%EA%B1%B0%EB%A7%8C%EC%96%B4-100-day-15-flash-cards
d15-006,15,incongruous,"조화롭지 않은, 일치하지 않는",https://quizlet.com/kr/1208393967/%EA%B1%B0%EB%A7%8C%EC%96%B4-100-day-15-flash-cards
d15-007,15,inconsequential,"중요하지 않은, 하찮은
pointless, immaterial, trivial",https://quizlet.com/kr/1208393967/%EA%B1%B0%EB%A7%8C%EC%96%B4-100-day-15-flash-cards
d15-008,15,inconsonant,조화(일치)되지 않는,https://quizlet.com/kr/1208393967/%EA%B1%B0%EB%A7%8C%EC%96%B4-100-day-15-flash-cards
d15-009,15,incontrovertible,논박의 여지가 없는,https://quizlet.com/kr/1208393967/%EA%B1%B0%EB%A7%8C%EC%96%B4-100-day-15-flash-cards
d15-010,15,incorporate,"흡수하다, (부분으로) 포함시키다;
통합시키다",https://quizlet.com/kr/1208393967/%EA%B1%B0%EB%A7%8C%EC%96%B4-100-day-15-flash-cards
d15-011,15,incorrigible,"(나쁜 습관이) 고질적인, 구제불능의",https://quizlet.com/kr/1208393967/%EA%B1%B0%EB%A7%8C%EC%96%B4-100-day-15-flash-cards
d15-012,15,increment,"(수, 양의) 증가, (정기적인) 임금 인상",https://quizlet.com/kr/1208393967/%EA%B1%B0%EB%A7%8C%EC%96%B4-100-day-15-flash-cards
d15-013,15,incriminate,"죄를 씌우다, ~이 유죄인 것처럼 보이게 하다; 고소[고발]하다",https://quizlet.com/kr/1208393967/%EA%B1%B0%EB%A7%8C%EC%96%B4-100-day-15-flash-cards
d15-014,15,inculpate,"혐의를 씌우다, 죄를 씌우다",https://quizlet.com/kr/1208393967/%EA%B1%B0%EB%A7%8C%EC%96%B4-100-day-15-flash-cards
d15-015,15,incumbent,현직의,https://quizlet.com/kr/1208393967/%EA%B1%B0%EB%A7%8C%EC%96%B4-100-day-15-flash-cards
d15-016,15,incursion,침입,https://quizlet.com/kr/1208393967/%EA%B1%B0%EB%A7%8C%EC%96%B4-100-day-15-flash-cards
d15-017,15,indecorous,"무례한, 예의에 어긋난
unseemly",https://quizlet.com/kr/1208393967/%EA%B1%B0%EB%A7%8C%EC%96%B4-100-day-15-flash-cards
d15-018,15,indefatigable,지치지 않는,https://quizlet.com/kr/1208393967/%EA%B1%B0%EB%A7%8C%EC%96%B4-100-day-15-flash-cards
d15-019,15,indefeasible,"무효화할 수 없는, 파기할 수 없는",https://quizlet.com/kr/1208393967/%EA%B1%B0%EB%A7%8C%EC%96%B4-100-day-15-flash-cards
d15-020,15,indelible,"지울 수 없는; 잊을 수 없는
memorable",https://quizlet.com/kr/1208393967/%EA%B1%B0%EB%A7%8C%EC%96%B4-100-day-15-flash-cards
d15-021,15,indenture,~의 고용을 계약서로써 정하다; 기한부 도제로 받아들이다,https://quizlet.com/kr/1208393967/%EA%B1%B0%EB%A7%8C%EC%96%B4-100-day-15-flash-cards
d15-022,15,indict,기소하다,https://quizlet.com/kr/1208393967/%EA%B1%B0%EB%A7%8C%EC%96%B4-100-day-15-flash-cards
d15-023,15,indictment,"기소, 고발; (제도, 사회 등의) 폐단의 흔적",https://quizlet.com/kr/1208393967/%EA%B1%B0%EB%A7%8C%EC%96%B4-100-day-15-flash-cards
d15-024,15,indigenous,"고유의, 원산인, 토종인
homegrown",https://quizlet.com/kr/1208393967/%EA%B1%B0%EB%A7%8C%EC%96%B4-100-day-15-flash-cards
d15-025,15,indigent,"궁핍한, (생필품) 결핍된",https://quizlet.com/kr/1208393967/%EA%B1%B0%EB%A7%8C%EC%96%B4-100-day-15-flash-cards
d15-026,15,indignation,"분개, 분노",https://quizlet.com/kr/1208393967/%EA%B1%B0%EB%A7%8C%EC%96%B4-100-day-15-flash-cards
d15-027,15,indiscriminate,"무분별한, 무차별적인, 무작위의; 신중하지 못한",https://quizlet.com/kr/1208393967/%EA%B1%B0%EB%A7%8C%EC%96%B4-100-day-15-flash-cards
d15-028,15,indispensable,"필수불가결의
essential",https://quizlet.com/kr/1208393967/%EA%B1%B0%EB%A7%8C%EC%96%B4-100-day-15-flash-cards
d15-029,15,indolent,게으른,https://quizlet.com/kr/1208393967/%EA%B1%B0%EB%A7%8C%EC%96%B4-100-day-15-flash-cards
d15-030,15,indomitable,"불굴의, 꿋꿋한, 굴복하지 않는",https://quizlet.com/kr/1208393967/%EA%B1%B0%EB%A7%8C%EC%96%B4-100-day-15-flash-cards
d15-031,15,inductive,귀납적인,https://quizlet.com/kr/1208393967/%EA%B1%B0%EB%A7%8C%EC%96%B4-100-day-15-flash-cards
d15-032,15,indulge,"탐닉하다; 관대히 하다, ~가 제멋대로 하게 하다",https://quizlet.com/kr/1208393967/%EA%B1%B0%EB%A7%8C%EC%96%B4-100-day-15-flash-cards
d15-033,15,indulgent,관대한; 하고 싶은 대로 다 하게 놔두는; 탐닉하는,https://quizlet.com/kr/1208393967/%EA%B1%B0%EB%A7%8C%EC%96%B4-100-day-15-flash-cards
d15-034,15,ineffable,"말로 표현할 수 없는, 형언할 수 없는",https://quizlet.com/kr/1208393967/%EA%B1%B0%EB%A7%8C%EC%96%B4-100-day-15-flash-cards
d15-035,15,ineluctable,피할 수 없는,https://quizlet.com/kr/1208393967/%EA%B1%B0%EB%A7%8C%EC%96%B4-100-day-15-flash-cards
d15-036,15,inept,"서투른
unequal",https://quizlet.com/kr/1208393967/%EA%B1%B0%EB%A7%8C%EC%96%B4-100-day-15-flash-cards
d15-037,15,inequity,"불공정, 불공평",https://quizlet.com/kr/1208393967/%EA%B1%B0%EB%A7%8C%EC%96%B4-100-day-15-flash-cards
d15-038,15,inert,"움직이지 않는, 활력 없는
dormant",https://quizlet.com/kr/1208393967/%EA%B1%B0%EB%A7%8C%EC%96%B4-100-day-15-flash-cards
d15-039,15,inexhaustible,"소모, 고갈되지 않는",https://quizlet.com/kr/1208393967/%EA%B1%B0%EB%A7%8C%EC%96%B4-100-day-15-flash-cards
d15-040,15,inexorable,"설득할 수 없는, 막을 수 없는, 계속되는 (추가), 무자비한 (순서에서 중간에 계속되는 추가)",https://quizlet.com/kr/1208393967/%EA%B1%B0%EB%A7%8C%EC%96%B4-100-day-15-flash-cards
d15-041,15,inexplicable,"설명될 수 없는, 난해한",https://quizlet.com/kr/1208393967/%EA%B1%B0%EB%A7%8C%EC%96%B4-100-day-15-flash-cards
d15-042,15,infallibility,"무과실, 무오류",https://quizlet.com/kr/1208393967/%EA%B1%B0%EB%A7%8C%EC%96%B4-100-day-15-flash-cards
d15-043,15,infatuated,(사랑하는 대상에게) 미쳐 있는 (푹 빠진),https://quizlet.com/kr/1208393967/%EA%B1%B0%EB%A7%8C%EC%96%B4-100-day-15-flash-cards
d15-044,15,infiltrate,잠입하다,https://quizlet.com/kr/1208393967/%EA%B1%B0%EB%A7%8C%EC%96%B4-100-day-15-flash-cards
d15-045,15,infintesimal,"극소의, 매우 작은",https://quizlet.com/kr/1208393967/%EA%B1%B0%EB%A7%8C%EC%96%B4-100-day-15-flash-cards
d15-046,15,infirm,허약한; (마음) 불확실한,https://quizlet.com/kr/1208393967/%EA%B1%B0%EB%A7%8C%EC%96%B4-100-day-15-flash-cards
d15-047,15,inflammatory,"(말이나 글이) 자극적인, 분노를 일으키는, 적의를 유발시키는, 선동적인
provocative",https://quizlet.com/kr/1208393967/%EA%B1%B0%EB%A7%8C%EC%96%B4-100-day-15-flash-cards
d15-048,15,inflate,부풀리다; (사실과 다르게) 과장하다,https://quizlet.com/kr/1208393967/%EA%B1%B0%EB%A7%8C%EC%96%B4-100-day-15-flash-cards
d15-049,15,inform,"영향을 미치다, ~의 주요 특징이다; 알리다",https://quizlet.com/kr/1208393967/%EA%B1%B0%EB%A7%8C%EC%96%B4-100-day-15-flash-cards
d15-050,15,infraction,"(법률, 약속) 위반",https://quizlet.com/kr/1208393967/%EA%B1%B0%EB%A7%8C%EC%96%B4-100-day-15-flash-cards
d15-051,15,infrangible,"파괴할 수 없는; (정신력이) 강한; 위반해서는 안되는, 불가침의",https://quizlet.com/kr/1208393967/%EA%B1%B0%EB%A7%8C%EC%96%B4-100-day-15-flash-cards
d15-052,15,infuriate,"몹시 화나게 하다, 분노케하다",https://quizlet.com/kr/1208393967/%EA%B1%B0%EB%A7%8C%EC%96%B4-100-day-15-flash-cards
d15-053,15,infuse,"(특정한 특성을) 불어넣다, 스며들게 하다; 주입하다",https://quizlet.com/kr/1208393967/%EA%B1%B0%EB%A7%8C%EC%96%B4-100-day-15-flash-cards
d15-054,15,ingenious,"독창적인, 기발한",https://quizlet.com/kr/1208393967/%EA%B1%B0%EB%A7%8C%EC%96%B4-100-day-15-flash-cards
d15-055,15,ingenuous,"순진한, 솔직한",https://quizlet.com/kr/1208393967/%EA%B1%B0%EB%A7%8C%EC%96%B4-100-day-15-flash-cards
d15-056,15,ingrained,"(기질, 습관) 뿌리깊은, 깊이 박힌",https://quizlet.com/kr/1208393967/%EA%B1%B0%EB%A7%8C%EC%96%B4-100-day-15-flash-cards
d15-057,15,ingratiate (oneself with),"환심을 사다, 비위를 맞추다",https://quizlet.com/kr/1208393967/%EA%B1%B0%EB%A7%8C%EC%96%B4-100-day-15-flash-cards
d15-058,15,inhibit,"방해하다, 막다; (불안하거나 당황해서) 못하게 하다
bridle",https://quizlet.com/kr/1208393967/%EA%B1%B0%EB%A7%8C%EC%96%B4-100-day-15-flash-cards
d15-059,15,inhibited,"(감정 표현을) 거리끼는, 어색해 하는, 삼가는",https://quizlet.com/kr/1208393967/%EA%B1%B0%EB%A7%8C%EC%96%B4-100-day-15-flash-cards
d15-060,15,inimical,"1. 해로운 deleterious
2. 적대하는 antagonistic, adversary",https://quizlet.com/kr/1208393967/%EA%B1%B0%EB%A7%8C%EC%96%B4-100-day-15-flash-cards
d15-061,15,iniquity,"부당성, 부당한 것; 부도덕함, 사악함
enormity",https://quizlet.com/kr/1208393967/%EA%B1%B0%EB%A7%8C%EC%96%B4-100-day-15-flash-cards
d15-062,15,inkling,"어렴풋이 알고 있음; 넌지시 비침, 암시",https://quizlet.com/kr/1208393967/%EA%B1%B0%EB%A7%8C%EC%96%B4-100-day-15-flash-cards
d15-063,15,innate,"타고난, 자연스런",https://quizlet.com/kr/1208393967/%EA%B1%B0%EB%A7%8C%EC%96%B4-100-day-15-flash-cards
d15-064,15,innocuous,"무해한, 악의 없는, 별다른 의도가 없는
harmless",https://quizlet.com/kr/1208393967/%EA%B1%B0%EB%A7%8C%EC%96%B4-100-day-15-flash-cards
d15-065,15,innuendo,"넌지시 비침, 빗댐, 암시, 빈정거림",https://quizlet.com/kr/1208393967/%EA%B1%B0%EB%A7%8C%EC%96%B4-100-day-15-flash-cards
d15-066,15,inopportune,(시기) 부적절한,https://quizlet.com/kr/1208393967/%EA%B1%B0%EB%A7%8C%EC%96%B4-100-day-15-flash-cards
d15-067,15,inordinate,"과도한, 지나친",https://quizlet.com/kr/1208393967/%EA%B1%B0%EB%A7%8C%EC%96%B4-100-day-15-flash-cards
d15-068,15,inquisitive,"호기심 많은, 질문 많은",https://quizlet.com/kr/1208393967/%EA%B1%B0%EB%A7%8C%EC%96%B4-100-day-15-flash-cards
d15-069,15,insatiable,"(식욕, 욕망) 만족시킬 수 없는",https://quizlet.com/kr/1208393967/%EA%B1%B0%EB%A7%8C%EC%96%B4-100-day-15-flash-cards
d15-070,15,inscrutable,"불가사의한, 난해한",https://quizlet.com/kr/1208393967/%EA%B1%B0%EB%A7%8C%EC%96%B4-100-day-15-flash-cards
d15-071,15,insentient,"무감각한, 비정한, 생명 없는",https://quizlet.com/kr/1208393967/%EA%B1%B0%EB%A7%8C%EC%96%B4-100-day-15-flash-cards
d15-072,15,insidious,"(해로운 것이) 모르는 사이에 작용하는, 교묘하게 움직이는",https://quizlet.com/kr/1208393967/%EA%B1%B0%EB%A7%8C%EC%96%B4-100-day-15-flash-cards
d15-073,15,insinuate,넌지시 말하다,https://quizlet.com/kr/1208393967/%EA%B1%B0%EB%A7%8C%EC%96%B4-100-day-15-flash-cards
d15-074,15,insipid,"맛없는; 재미없는, 지루한",https://quizlet.com/kr/1208393967/%EA%B1%B0%EB%A7%8C%EC%96%B4-100-day-15-flash-cards
d15-075,15,insolent,"무례한, 불손한, 건방진",https://quizlet.com/kr/1208393967/%EA%B1%B0%EB%A7%8C%EC%96%B4-100-day-15-flash-cards
d15-076,15,insouciant,"태평한, 근심이 없는",https://quizlet.com/kr/1208393967/%EA%B1%B0%EB%A7%8C%EC%96%B4-100-day-15-flash-cards
d15-077,15,inspired,"(자질, 능력이) 탁월한, 영감을 받아 한, 창의적인 직관과 영감을 발휘하는",https://quizlet.com/kr/1208393967/%EA%B1%B0%EB%A7%8C%EC%96%B4-100-day-15-flash-cards
d15-078,15,instable,불안정한,https://quizlet.com/kr/1208393967/%EA%B1%B0%EB%A7%8C%EC%96%B4-100-day-15-flash-cards
d15-079,15,instantiate,구체적인 예를 들다,https://quizlet.com/kr/1208393967/%EA%B1%B0%EB%A7%8C%EC%96%B4-100-day-15-flash-cards
d15-080,15,instigate,"부추기다, 선동하다",https://quizlet.com/kr/1208393967/%EA%B1%B0%EB%A7%8C%EC%96%B4-100-day-15-flash-cards
d15-081,15,instill,(점차적으로) 주입하다,https://quizlet.com/kr/1208393967/%EA%B1%B0%EB%A7%8C%EC%96%B4-100-day-15-flash-cards
d15-082,15,insubstantial,"실질적이지 않은, 대단치 않은, 미약한; 실체가 없는, 공허한",https://quizlet.com/kr/1208393967/%EA%B1%B0%EB%A7%8C%EC%96%B4-100-day-15-flash-cards
d15-083,15,insular,"1. 배타적인, 편협한 parochial, private
2. 섬의",https://quizlet.com/kr/1208393967/%EA%B1%B0%EB%A7%8C%EC%96%B4-100-day-15-flash-cards
d15-084,15,insulate,"절연[단열/방음] 처리를 하다; (불쾌한 경험, 영향으로부터) ~을 보호하다",https://quizlet.com/kr/1208393967/%EA%B1%B0%EB%A7%8C%EC%96%B4-100-day-15-flash-cards
d15-085,15,insurgent,"반란을 일으킨 사람, 반군, 폭도; 반란을 일으키는",https://quizlet.com/kr/1208393967/%EA%B1%B0%EB%A7%8C%EC%96%B4-100-day-15-flash-cards
d15-086,15,intact,"온전한, 손대지 않은, 전혀 손상되지 않은",https://quizlet.com/kr/1208393967/%EA%B1%B0%EB%A7%8C%EC%96%B4-100-day-15-flash-cards
d15-087,15,intangible,"만질 수 없는, 비물질적인(무형의); 뭐라고 (꼬집어) 말할 수 없는",https://quizlet.com/kr/1208393967/%EA%B1%B0%EB%A7%8C%EC%96%B4-100-day-15-flash-cards
d15-088,15,integral,"불가결한, 필수의
(다 갖추어서) 완전한",https://quizlet.com/kr/1208393967/%EA%B1%B0%EB%A7%8C%EC%96%B4-100-day-15-flash-cards
d15-089,15,integrate,통합하다,https://quizlet.com/kr/1208393967/%EA%B1%B0%EB%A7%8C%EC%96%B4-100-day-15-flash-cards
d15-090,15,integrity,"정직, 청렴; (나뉘지 않고) 완전한 상태, 온전함, 보전",https://quizlet.com/kr/1208393967/%EA%B1%B0%EB%A7%8C%EC%96%B4-100-day-15-flash-cards
d15-091,15,intelligible,"이해할 수 있는, 명료한
readable",https://quizlet.com/kr/1208393967/%EA%B1%B0%EB%A7%8C%EC%96%B4-100-day-15-flash-cards
d15-092,15,intemperate,"무절제한, 방탕한, 과음하는; 과도한, 과격한",https://quizlet.com/kr/1208393967/%EA%B1%B0%EB%A7%8C%EC%96%B4-100-day-15-flash-cards
d15-093,15,intensify,"심화시키다, 악화시키다; 심해지다, 약해지다; 강화시키다",https://quizlet.com/kr/1208393967/%EA%B1%B0%EB%A7%8C%EC%96%B4-100-day-15-flash-cards
d15-094,15,intercede,"탄원하다, 선처를 호소하다, 중재하다",https://quizlet.com/kr/1208393967/%EA%B1%B0%EB%A7%8C%EC%96%B4-100-day-15-flash-cards
d15-095,15,interdict,금지하다,https://quizlet.com/kr/1208393967/%EA%B1%B0%EB%A7%8C%EC%96%B4-100-day-15-flash-cards
d15-096,15,interdisciplinary,학제적인 (여러 학문 분야가 관련된),https://quizlet.com/kr/1208393967/%EA%B1%B0%EB%A7%8C%EC%96%B4-100-day-15-flash-cards
d15-097,15,interim,"중간의, 임시의",https://quizlet.com/kr/1208393967/%EA%B1%B0%EB%A7%8C%EC%96%B4-100-day-15-flash-cards
d15-098,15,interminable,끝없는,https://quizlet.com/kr/1208393967/%EA%B1%B0%EB%A7%8C%EC%96%B4-100-day-15-flash-cards
d15-099,15,interloper,침입자; 주제넘게 행동하는 사람,https://quizlet.com/kr/1208393967/%EA%B1%B0%EB%A7%8C%EC%96%B4-100-day-15-flash-cards
d15-100,15,interpose,"(두 사람, 물건 사이에) 두다[넣다]; (대화 중에 질문, 발언을) 덧붙이다, 끼어들다",https://quizlet.com/kr/1208393967/%EA%B1%B0%EB%A7%8C%EC%96%B4-100-day-15-flash-cards
d16-001,16,interrogate,심문하다,https://quizlet.com/kr/1208394035/%EA%B1%B0%EB%A7%8C%EC%96%B4-100-day-16-flash-cards
d16-002,16,intertwine,얽히게 하다,https://quizlet.com/kr/1208394035/%EA%B1%B0%EB%A7%8C%EC%96%B4-100-day-16-flash-cards
d16-003,16,intimate,"넌지시 알려주다, 암시하다",https://quizlet.com/kr/1208394035/%EA%B1%B0%EB%A7%8C%EC%96%B4-100-day-16-flash-cards
d16-004,16,intimidate,위협하다,https://quizlet.com/kr/1208394035/%EA%B1%B0%EB%A7%8C%EC%96%B4-100-day-16-flash-cards
d16-005,16,intractable,"다루기 힘든, 고집 센
uncontrollable, stubborn",https://quizlet.com/kr/1208394035/%EA%B1%B0%EB%A7%8C%EC%96%B4-100-day-16-flash-cards
d16-006,16,intransigent,"비타협적인, 완고한",https://quizlet.com/kr/1208394035/%EA%B1%B0%EB%A7%8C%EC%96%B4-100-day-16-flash-cards
d16-007,16,intrepid,"겁없는, 대담한
aggressive",https://quizlet.com/kr/1208394035/%EA%B1%B0%EB%A7%8C%EC%96%B4-100-day-16-flash-cards
d16-008,16,intricate,"복잡한, 얽힌
convoulted",https://quizlet.com/kr/1208394035/%EA%B1%B0%EB%A7%8C%EC%96%B4-100-day-16-flash-cards
d16-009,16,intriguing,"호기심을 자아내는, 재미를 자아내는; 매력적인",https://quizlet.com/kr/1208394035/%EA%B1%B0%EB%A7%8C%EC%96%B4-100-day-16-flash-cards
d16-010,16,intrinsic,"고유한, 본질적인
inherent",https://quizlet.com/kr/1208394035/%EA%B1%B0%EB%A7%8C%EC%96%B4-100-day-16-flash-cards
d16-011,16,introspection,"내성, 자기성찰",https://quizlet.com/kr/1208394035/%EA%B1%B0%EB%A7%8C%EC%96%B4-100-day-16-flash-cards
d16-012,16,introverted,"내성적인, 내향적인",https://quizlet.com/kr/1208394035/%EA%B1%B0%EB%A7%8C%EC%96%B4-100-day-16-flash-cards
d16-013,16,intrusive,"거슬리는; 간섭, 참견하는",https://quizlet.com/kr/1208394035/%EA%B1%B0%EB%A7%8C%EC%96%B4-100-day-16-flash-cards
d16-014,16,inundate,"넘치게 하다, 범람하다; 쇄도하다, 넘쳐 흐르다",https://quizlet.com/kr/1208394035/%EA%B1%B0%EB%A7%8C%EC%96%B4-100-day-16-flash-cards
d16-015,16,inured,(안좋은 것에) 익숙해진,https://quizlet.com/kr/1208394035/%EA%B1%B0%EB%A7%8C%EC%96%B4-100-day-16-flash-cards
d16-016,16,invalidate,틀렸음을 입증하다; 무효로 하다,https://quizlet.com/kr/1208394035/%EA%B1%B0%EB%A7%8C%EC%96%B4-100-day-16-flash-cards
d16-017,16,invective,"욕설, 모욕적인 말",https://quizlet.com/kr/1208394035/%EA%B1%B0%EB%A7%8C%EC%96%B4-100-day-16-flash-cards
d16-018,16,inveigh,"심하게 항의하다, 욕설을 퍼붓다",https://quizlet.com/kr/1208394035/%EA%B1%B0%EB%A7%8C%EC%96%B4-100-day-16-flash-cards
d16-019,16,inveigle,"교묘하게 속이다, 유인하다, ~을 끌어내다",https://quizlet.com/kr/1208394035/%EA%B1%B0%EB%A7%8C%EC%96%B4-100-day-16-flash-cards
d16-020,16,inversely,"거꾸로, 반대로",https://quizlet.com/kr/1208394035/%EA%B1%B0%EB%A7%8C%EC%96%B4-100-day-16-flash-cards
d16-021,16,invest,"(성질 등을) 부여하다, 주다",https://quizlet.com/kr/1208394035/%EA%B1%B0%EB%A7%8C%EC%96%B4-100-day-16-flash-cards
d16-022,16,inveterate,"만성적인, 상습적인; 뿌리깊은, 고질적인",https://quizlet.com/kr/1208394035/%EA%B1%B0%EB%A7%8C%EC%96%B4-100-day-16-flash-cards
d16-023,16,invidious,"논쟁/분노/시샘을 일으키는; (비교나 구별이) 불공평한, 불공정한",https://quizlet.com/kr/1208394035/%EA%B1%B0%EB%A7%8C%EC%96%B4-100-day-16-flash-cards
d16-024,16,invigorate,"기운나게 하다, 격려하다
refresh",https://quizlet.com/kr/1208394035/%EA%B1%B0%EB%A7%8C%EC%96%B4-100-day-16-flash-cards
d16-025,16,invincible,"이길 수 없는, 무적의",https://quizlet.com/kr/1208394035/%EA%B1%B0%EB%A7%8C%EC%96%B4-100-day-16-flash-cards
d16-026,16,inviolate,"신성한, 더럽혀지지 않은; 존중되어 온",https://quizlet.com/kr/1208394035/%EA%B1%B0%EB%A7%8C%EC%96%B4-100-day-16-flash-cards
d16-027,16,invoke,"(법, 규칙 등을) 적용하다; (근거, 이유로 인물, 이론, 예를) 들다(언급하다); 간구(기원)하다",https://quizlet.com/kr/1208394035/%EA%B1%B0%EB%A7%8C%EC%96%B4-100-day-16-flash-cards
d16-028,16,invulnerable,"상처입힐 수 없는, 해칠 수 없는, 안전한",https://quizlet.com/kr/1208394035/%EA%B1%B0%EB%A7%8C%EC%96%B4-100-day-16-flash-cards
d16-029,16,irascible,화 잘내는,https://quizlet.com/kr/1208394035/%EA%B1%B0%EB%A7%8C%EC%96%B4-100-day-16-flash-cards
d16-030,16,irenic,평화[협조]적인,https://quizlet.com/kr/1208394035/%EA%B1%B0%EB%A7%8C%EC%96%B4-100-day-16-flash-cards
d16-031,16,irk,"짜증나게 하다, 화나게 하다",https://quizlet.com/kr/1208394035/%EA%B1%B0%EB%A7%8C%EC%96%B4-100-day-16-flash-cards
d16-032,16,irreconcilable,"(차이가 너무 커서) 해소할 수 없는, 화해될 수 없는; (사상, 의견이) 양립할 수 없는",https://quizlet.com/kr/1208394035/%EA%B1%B0%EB%A7%8C%EC%96%B4-100-day-16-flash-cards
d16-033,16,irregular,"1. 고르지(가지런하지) 못한
2. (시간적 간격이) 불규칙적인
3. 변칙적인, 비정상적인 abnormal",https://quizlet.com/kr/1208394035/%EA%B1%B0%EB%A7%8C%EC%96%B4-100-day-16-flash-cards
d16-034,16,irrelevent,"무관한, 중요하지 않은, (지금 다루어지는 문제와) 관련없는
extraneous, immaterial",https://quizlet.com/kr/1208394035/%EA%B1%B0%EB%A7%8C%EC%96%B4-100-day-16-flash-cards
d16-035,16,irreparable,"돌이킬 수 없는, 고칠 수 없는",https://quizlet.com/kr/1208394035/%EA%B1%B0%EB%A7%8C%EC%96%B4-100-day-16-flash-cards
d16-036,16,irreproachable,"비난의 여지가 없는, 흠잡을 데 없는",https://quizlet.com/kr/1208394035/%EA%B1%B0%EB%A7%8C%EC%96%B4-100-day-16-flash-cards
d16-037,16,irresolution,"주저함, 마음의 불확실",https://quizlet.com/kr/1208394035/%EA%B1%B0%EB%A7%8C%EC%96%B4-100-day-16-flash-cards
d16-038,16,irreverent,"불손한, 불경스런",https://quizlet.com/kr/1208394035/%EA%B1%B0%EB%A7%8C%EC%96%B4-100-day-16-flash-cards
d16-039,16,irrevocable,"돌이킬 수 없는, 취소[변경]할 수 없는",https://quizlet.com/kr/1208394035/%EA%B1%B0%EB%A7%8C%EC%96%B4-100-day-16-flash-cards
d16-040,16,issue,"나오다, 흘러나오다; 방출하다, 지급하다; 발표하다",https://quizlet.com/kr/1208394035/%EA%B1%B0%EB%A7%8C%EC%96%B4-100-day-16-flash-cards
d16-041,16,jaded,"지친, 지긋지긋한, 싫증난",https://quizlet.com/kr/1208394035/%EA%B1%B0%EB%A7%8C%EC%96%B4-100-day-16-flash-cards
d16-042,16,jargon,전문어,https://quizlet.com/kr/1208394035/%EA%B1%B0%EB%A7%8C%EC%96%B4-100-day-16-flash-cards
d16-043,16,jarring,"몹시 조화롭지 못한, (소리가) 귀에 거슬리는, 불쾌한",https://quizlet.com/kr/1208394035/%EA%B1%B0%EB%A7%8C%EC%96%B4-100-day-16-flash-cards
d16-044,16,jaundice,"편파적으로 대하다, 불리하게 처리하다; 편견, 시기, 질투",https://quizlet.com/kr/1208394035/%EA%B1%B0%EB%A7%8C%EC%96%B4-100-day-16-flash-cards
d16-045,16,jeer,"야유, 조롱하다",https://quizlet.com/kr/1208394035/%EA%B1%B0%EB%A7%8C%EC%96%B4-100-day-16-flash-cards
d16-046,16,jejune,"단순한; 무미건조한, 재미없는
platitudinous",https://quizlet.com/kr/1208394035/%EA%B1%B0%EB%A7%8C%EC%96%B4-100-day-16-flash-cards
d16-047,16,jest,농담; 농담하다,https://quizlet.com/kr/1208394035/%EA%B1%B0%EB%A7%8C%EC%96%B4-100-day-16-flash-cards
d16-048,16,jettison,"(배나, 비행기 등에서) 내던지다, 투하하다, 투척하다; (더 이상 필요 없다고) 버리다",https://quizlet.com/kr/1208394035/%EA%B1%B0%EB%A7%8C%EC%96%B4-100-day-16-flash-cards
d16-049,16,jibe,"모욕적인 말; ~와 어울리다, 일치하다",https://quizlet.com/kr/1208394035/%EA%B1%B0%EB%A7%8C%EC%96%B4-100-day-16-flash-cards
d16-050,16,jittery,"신경질적인, 초조해하는",https://quizlet.com/kr/1208394035/%EA%B1%B0%EB%A7%8C%EC%96%B4-100-day-16-flash-cards
d16-051,16,jocular,"익살맞은, 까부는, 웃기는",https://quizlet.com/kr/1208394035/%EA%B1%B0%EB%A7%8C%EC%96%B4-100-day-16-flash-cards
d16-052,16,jocund,쾌활한,https://quizlet.com/kr/1208394035/%EA%B1%B0%EB%A7%8C%EC%96%B4-100-day-16-flash-cards
d16-053,16,jubiliant,"승리감이 넘치는, 환희에 가득찬, 매우 기뻐하는",https://quizlet.com/kr/1208394035/%EA%B1%B0%EB%A7%8C%EC%96%B4-100-day-16-flash-cards
d16-054,16,judicious,현명한,https://quizlet.com/kr/1208394035/%EA%B1%B0%EB%A7%8C%EC%96%B4-100-day-16-flash-cards
d16-055,16,juggernaut,"불가항력, 대파괴력",https://quizlet.com/kr/1208394035/%EA%B1%B0%EB%A7%8C%EC%96%B4-100-day-16-flash-cards
d16-056,16,jumble,"1.뒤범벅이 되다
2.뒤범벅, 혼란 gallimaufry",https://quizlet.com/kr/1208394035/%EA%B1%B0%EB%A7%8C%EC%96%B4-100-day-16-flash-cards
d16-057,16,juxtaposition,"병렬, 병치",https://quizlet.com/kr/1208394035/%EA%B1%B0%EB%A7%8C%EC%96%B4-100-day-16-flash-cards
d16-058,16,keen,"열렬한, 몰두한; 예리한, 날카로운",https://quizlet.com/kr/1208394035/%EA%B1%B0%EB%A7%8C%EC%96%B4-100-day-16-flash-cards
d16-059,16,keep ~ at bay,"~을 저지하다, 막다",https://quizlet.com/kr/1208394035/%EA%B1%B0%EB%A7%8C%EC%96%B4-100-day-16-flash-cards
d16-060,16,kindle,"(불을) 붙이다; (관심, 감정 등을) 불붙이다, 자극하다",https://quizlet.com/kr/1208394035/%EA%B1%B0%EB%A7%8C%EC%96%B4-100-day-16-flash-cards
d16-061,16,kindred,"1. 일가친척, 일가친척 관계
2. 유사한, 관련된 affiliated",https://quizlet.com/kr/1208394035/%EA%B1%B0%EB%A7%8C%EC%96%B4-100-day-16-flash-cards
d16-062,16,kinfolk,"친척
relative",https://quizlet.com/kr/1208394035/%EA%B1%B0%EB%A7%8C%EC%96%B4-100-day-16-flash-cards
d16-063,16,knotty,"1. 매듭으로 가득한
2. 복잡한, 풀기 어려운 complicated",https://quizlet.com/kr/1208394035/%EA%B1%B0%EB%A7%8C%EC%96%B4-100-day-16-flash-cards
d16-064,16,kudos,"영광, 찬양, 인정",https://quizlet.com/kr/1208394035/%EA%B1%B0%EB%A7%8C%EC%96%B4-100-day-16-flash-cards
d16-065,16,labyrinthine,"복잡한, 미로같은, 얽히고 설킨",https://quizlet.com/kr/1208394035/%EA%B1%B0%EB%A7%8C%EC%96%B4-100-day-16-flash-cards
d16-066,16,lacerate,"찢다; 깊은 상처를 주다, 괴롭히다",https://quizlet.com/kr/1208394035/%EA%B1%B0%EB%A7%8C%EC%96%B4-100-day-16-flash-cards
d16-067,16,lachrymose,"눈물이 많은, 잘 (걸핏하면) 우는; 구슬픈, 서러운",https://quizlet.com/kr/1208394035/%EA%B1%B0%EB%A7%8C%EC%96%B4-100-day-16-flash-cards
d16-068,16,lackluster,빛(광택)이 없는; 활기없는,https://quizlet.com/kr/1208394035/%EA%B1%B0%EB%A7%8C%EC%96%B4-100-day-16-flash-cards
d16-069,16,laconic,"간결한, 과묵한
taciturn, reticent",https://quizlet.com/kr/1208394035/%EA%B1%B0%EB%A7%8C%EC%96%B4-100-day-16-flash-cards
d16-070,16,lag,"꾸물거리다, 처지다",https://quizlet.com/kr/1208394035/%EA%B1%B0%EB%A7%8C%EC%96%B4-100-day-16-flash-cards
d16-071,16,laic,"속인의; 속인, 평신도",https://quizlet.com/kr/1208394035/%EA%B1%B0%EB%A7%8C%EC%96%B4-100-day-16-flash-cards
d16-072,16,laissez faire,자유방임주의,https://quizlet.com/kr/1208394035/%EA%B1%B0%EB%A7%8C%EC%96%B4-100-day-16-flash-cards
d16-073,16,lambaste,"심하게 비난하다
deride, excoriate, reprobate, denounce",https://quizlet.com/kr/1208394035/%EA%B1%B0%EB%A7%8C%EC%96%B4-100-day-16-flash-cards
d16-074,16,lament,"한탄하다, 슬퍼하다, 애통해하다; 아쉬워 하다, 유감으로 생각하다",https://quizlet.com/kr/1208394035/%EA%B1%B0%EB%A7%8C%EC%96%B4-100-day-16-flash-cards
d16-075,16,lampoon,풍자하다; 풍자,https://quizlet.com/kr/1208394035/%EA%B1%B0%EB%A7%8C%EC%96%B4-100-day-16-flash-cards
d16-076,16,landslide,(산)사태; (선거에서) 압승,https://quizlet.com/kr/1208394035/%EA%B1%B0%EB%A7%8C%EC%96%B4-100-day-16-flash-cards
d16-077,16,languid,"늘어진, 나른한, 기력없는",https://quizlet.com/kr/1208394035/%EA%B1%B0%EB%A7%8C%EC%96%B4-100-day-16-flash-cards
d16-078,16,languish,"기력을 잃다, 쇠약해지다",https://quizlet.com/kr/1208394035/%EA%B1%B0%EB%A7%8C%EC%96%B4-100-day-16-flash-cards
d16-079,16,languor,"쇠약; 무기력, 권태; 무관심",https://quizlet.com/kr/1208394035/%EA%B1%B0%EB%A7%8C%EC%96%B4-100-day-16-flash-cards
d16-080,16,lapse,"(일시적인) 쇠퇴, 잘못, 과실; 시간의 경과; (서서히 악화되어) ~한 상태가 되다, 전락하다",https://quizlet.com/kr/1208394035/%EA%B1%B0%EB%A7%8C%EC%96%B4-100-day-16-flash-cards
d16-081,16,largesse,"후함
philanthropy",https://quizlet.com/kr/1208394035/%EA%B1%B0%EB%A7%8C%EC%96%B4-100-day-16-flash-cards
d16-082,16,lascivious,음탕한,https://quizlet.com/kr/1208394035/%EA%B1%B0%EB%A7%8C%EC%96%B4-100-day-16-flash-cards
d16-083,16,lassitude,무기력,https://quizlet.com/kr/1208394035/%EA%B1%B0%EB%A7%8C%EC%96%B4-100-day-16-flash-cards
d16-084,16,latent,잠재성의,https://quizlet.com/kr/1208394035/%EA%B1%B0%EB%A7%8C%EC%96%B4-100-day-16-flash-cards
d16-085,16,latitude,"(행동, 사항, 견해) 자유, 허용 정도
leeway",https://quizlet.com/kr/1208394035/%EA%B1%B0%EB%A7%8C%EC%96%B4-100-day-16-flash-cards
d16-086,16,laud,"칭찬하다, 찬양하다",https://quizlet.com/kr/1208394035/%EA%B1%B0%EB%A7%8C%EC%96%B4-100-day-16-flash-cards
d16-087,16,lavish,"아낌없는, 아주 후한; 사치스런",https://quizlet.com/kr/1208394035/%EA%B1%B0%EB%A7%8C%EC%96%B4-100-day-16-flash-cards
d16-088,16,lax,"축 늘어진; 엄하지 않은, 관대한, 느슨한",https://quizlet.com/kr/1208394035/%EA%B1%B0%EB%A7%8C%EC%96%B4-100-day-16-flash-cards
d16-089,16,layperson,"문외한
non-specialist",https://quizlet.com/kr/1208394035/%EA%B1%B0%EB%A7%8C%EC%96%B4-100-day-16-flash-cards
d16-090,16,leaden,"납빛의, 탁한 회색의; 무거운; 활기없는",https://quizlet.com/kr/1208394035/%EA%B1%B0%EB%A7%8C%EC%96%B4-100-day-16-flash-cards
d16-091,16,leaning,성향,https://quizlet.com/kr/1208394035/%EA%B1%B0%EB%A7%8C%EC%96%B4-100-day-16-flash-cards
d16-092,16,learned,"유식한; (훈련, 경험을 통해) 학습된, 후천적인
erudite",https://quizlet.com/kr/1208394035/%EA%B1%B0%EB%A7%8C%EC%96%B4-100-day-16-flash-cards
d16-093,16,leaven,(더 재미있게) 변화(생기)를 주다 (with),https://quizlet.com/kr/1208394035/%EA%B1%B0%EB%A7%8C%EC%96%B4-100-day-16-flash-cards
d16-094,16,leeway,"자유, 재량
latitude",https://quizlet.com/kr/1208394035/%EA%B1%B0%EB%A7%8C%EC%96%B4-100-day-16-flash-cards
d16-095,16,legerdemain,속임수,https://quizlet.com/kr/1208394035/%EA%B1%B0%EB%A7%8C%EC%96%B4-100-day-16-flash-cards
d16-096,16,legendary,"전설적인, 매우 유명한",https://quizlet.com/kr/1208394035/%EA%B1%B0%EB%A7%8C%EC%96%B4-100-day-16-flash-cards
d16-097,16,legible,"읽을 수 있는, 이해할 수 있는",https://quizlet.com/kr/1208394035/%EA%B1%B0%EB%A7%8C%EC%96%B4-100-day-16-flash-cards
d16-098,16,legitimacy,"합법성, 적합성",https://quizlet.com/kr/1208394035/%EA%B1%B0%EB%A7%8C%EC%96%B4-100-day-16-flash-cards
d16-099,16,lenient,"(처벌, 규칙 적용이) 관대한",https://quizlet.com/kr/1208394035/%EA%B1%B0%EB%A7%8C%EC%96%B4-100-day-16-flash-cards
d16-100,16,letdown,"환멸, 실망",https://quizlet.com/kr/1208394035/%EA%B1%B0%EB%A7%8C%EC%96%B4-100-day-16-flash-cards
d17-001,17,lethargy,무기력,https://quizlet.com/kr/1208394115/%EA%B1%B0%EB%A7%8C%EC%96%B4-100-day-17-flash-cards
d17-002,17,lettered,"박식한, 교육받은; 글자를 넣은",https://quizlet.com/kr/1208394115/%EA%B1%B0%EB%A7%8C%EC%96%B4-100-day-17-flash-cards
d17-003,17,level,평평하게 만들다,https://quizlet.com/kr/1208394115/%EA%B1%B0%EB%A7%8C%EC%96%B4-100-day-17-flash-cards
d17-004,17,level-headed,"차분한, 현명한, 분별력 있는
sensible",https://quizlet.com/kr/1208394115/%EA%B1%B0%EB%A7%8C%EC%96%B4-100-day-17-flash-cards
d17-005,17,levity,"(말, 태도의) 가벼움, 경솔함, 경박함",https://quizlet.com/kr/1208394115/%EA%B1%B0%EB%A7%8C%EC%96%B4-100-day-17-flash-cards
d17-006,17,liable,"~을 하기 쉬운 (to-v); ~에 취약한, ~을 겪기 쉬운(to-n/-ing)",https://quizlet.com/kr/1208394115/%EA%B1%B0%EB%A7%8C%EC%96%B4-100-day-17-flash-cards
d17-007,17,liability,"(법적) 책임, 의무; 골칫거리(인 사람), 방해가 되는 것(사람), 당황스러운 것",https://quizlet.com/kr/1208394115/%EA%B1%B0%EB%A7%8C%EC%96%B4-100-day-17-flash-cards
d17-008,17,libel,문서에 의한 명예훼손; (문서로) 명예를 훼손하다,https://quizlet.com/kr/1208394115/%EA%B1%B0%EB%A7%8C%EC%96%B4-100-day-17-flash-cards
d17-009,17,liberality,후함; 관대함,https://quizlet.com/kr/1208394115/%EA%B1%B0%EB%A7%8C%EC%96%B4-100-day-17-flash-cards
d17-010,17,liberalize,"(법률, 정치, 종교적 시스템을) 완화하다; 관대하게 하다",https://quizlet.com/kr/1208394115/%EA%B1%B0%EB%A7%8C%EC%96%B4-100-day-17-flash-cards
d17-011,17,libertine,난봉꾼,https://quizlet.com/kr/1208394115/%EA%B1%B0%EB%A7%8C%EC%96%B4-100-day-17-flash-cards
d17-012,17,license,"허락, 인가하다; 방종, 지나친 자유",https://quizlet.com/kr/1208394115/%EA%B1%B0%EB%A7%8C%EC%96%B4-100-day-17-flash-cards
d17-013,17,licentious,"음란한, 문란한",https://quizlet.com/kr/1208394115/%EA%B1%B0%EB%A7%8C%EC%96%B4-100-day-17-flash-cards
d17-014,17,lighthearted,"걱정이 없는, 쾌활한, 명랑한",https://quizlet.com/kr/1208394115/%EA%B1%B0%EB%A7%8C%EC%96%B4-100-day-17-flash-cards
d17-015,17,liken,"비유하다, 비견하다",https://quizlet.com/kr/1208394115/%EA%B1%B0%EB%A7%8C%EC%96%B4-100-day-17-flash-cards
d17-016,17,limp,"절뚝거리다, 기운이 없는, 축 처진",https://quizlet.com/kr/1208394115/%EA%B1%B0%EB%A7%8C%EC%96%B4-100-day-17-flash-cards
d17-017,17,limpid,"(액체) 깨끗한; 명료한
pellucid",https://quizlet.com/kr/1208394115/%EA%B1%B0%EB%A7%8C%EC%96%B4-100-day-17-flash-cards
d17-018,17,linger,"(아쉬운 듯이) 남아있다, (떠나지 않고) 꾸물거리다; 서성대다",https://quizlet.com/kr/1208394115/%EA%B1%B0%EB%A7%8C%EC%96%B4-100-day-17-flash-cards
d17-019,17,lionize,"명사로 대접해주다, 치켜세우다",https://quizlet.com/kr/1208394115/%EA%B1%B0%EB%A7%8C%EC%96%B4-100-day-17-flash-cards
d17-020,17,list,"1. (한 쪽으로) 기울다
2. (특히 배가) 한 쪽으로 기울어진 상태 tilt",https://quizlet.com/kr/1208394115/%EA%B1%B0%EB%A7%8C%EC%96%B4-100-day-17-flash-cards
d17-021,17,lithe,"유연한, 우아한",https://quizlet.com/kr/1208394115/%EA%B1%B0%EB%A7%8C%EC%96%B4-100-day-17-flash-cards
d17-022,17,loath,내켜하지 않는,https://quizlet.com/kr/1208394115/%EA%B1%B0%EB%A7%8C%EC%96%B4-100-day-17-flash-cards
d17-023,17,loathe,혐오하다,https://quizlet.com/kr/1208394115/%EA%B1%B0%EB%A7%8C%EC%96%B4-100-day-17-flash-cards
d17-024,17,loathsome,혐오스러운,https://quizlet.com/kr/1208394115/%EA%B1%B0%EB%A7%8C%EC%96%B4-100-day-17-flash-cards
d17-025,17,locus,"(특정) 위치, 장소",https://quizlet.com/kr/1208394115/%EA%B1%B0%EB%A7%8C%EC%96%B4-100-day-17-flash-cards
d17-026,17,lofty,"높은, 높이 솟은; 숭고한; 오만한, 거만한",https://quizlet.com/kr/1208394115/%EA%B1%B0%EB%A7%8C%EC%96%B4-100-day-17-flash-cards
d17-027,17,longwinded,"(말이나 글이) 장황한, 지루하게 긴",https://quizlet.com/kr/1208394115/%EA%B1%B0%EB%A7%8C%EC%96%B4-100-day-17-flash-cards
d17-028,17,longevity,"장수, 오래 지속됨",https://quizlet.com/kr/1208394115/%EA%B1%B0%EB%A7%8C%EC%96%B4-100-day-17-flash-cards
d17-029,17,lopsided,"한쪽으로 기울어진, 불균형의",https://quizlet.com/kr/1208394115/%EA%B1%B0%EB%A7%8C%EC%96%B4-100-day-17-flash-cards
d17-030,17,loquacious,"수다스러운
garrulous",https://quizlet.com/kr/1208394115/%EA%B1%B0%EB%A7%8C%EC%96%B4-100-day-17-flash-cards
d17-031,17,lubricate,"기름칠하다, 매끄럽게 하다, 원활하게 하다",https://quizlet.com/kr/1208394115/%EA%B1%B0%EB%A7%8C%EC%96%B4-100-day-17-flash-cards
d17-032,17,lucid,"맑고 투명한; 명백한, 이해하기 쉬운; 제정신의",https://quizlet.com/kr/1208394115/%EA%B1%B0%EB%A7%8C%EC%96%B4-100-day-17-flash-cards
d17-033,17,lucrative,"수지 맞는, 돈벌이가 되는",https://quizlet.com/kr/1208394115/%EA%B1%B0%EB%A7%8C%EC%96%B4-100-day-17-flash-cards
d17-034,17,lucubration,"(특히 야간에) 열심히 일[공부] 하기; (학술 논문 등의) 노작, 역작",https://quizlet.com/kr/1208394115/%EA%B1%B0%EB%A7%8C%EC%96%B4-100-day-17-flash-cards
d17-035,17,ludicrous,"웃기는, 터무니 없는
amusing, risible",https://quizlet.com/kr/1208394115/%EA%B1%B0%EB%A7%8C%EC%96%B4-100-day-17-flash-cards
d17-036,17,lugubrious,"침울한, 슬픈
gloomy",https://quizlet.com/kr/1208394115/%EA%B1%B0%EB%A7%8C%EC%96%B4-100-day-17-flash-cards
d17-037,17,lukewarm,(물) 미지근한; 열의없는,https://quizlet.com/kr/1208394115/%EA%B1%B0%EB%A7%8C%EC%96%B4-100-day-17-flash-cards
d17-038,17,lull,"1. 일시적 잠잠함, 소강상태 respite
2. 달래다, 어르다, 재우다
3. (속여서) 안심시키다",https://quizlet.com/kr/1208394115/%EA%B1%B0%EB%A7%8C%EC%96%B4-100-day-17-flash-cards
d17-039,17,luminary,"선각자, 권위자, 유명인",https://quizlet.com/kr/1208394115/%EA%B1%B0%EB%A7%8C%EC%96%B4-100-day-17-flash-cards
d17-040,17,luminous,"빛나는, 반짝이는",https://quizlet.com/kr/1208394115/%EA%B1%B0%EB%A7%8C%EC%96%B4-100-day-17-flash-cards
d17-041,17,lure,"꾀다, 유혹하다",https://quizlet.com/kr/1208394115/%EA%B1%B0%EB%A7%8C%EC%96%B4-100-day-17-flash-cards
d17-042,17,lurid,"(색깔) 매우 밝은, 선정적인; 충격적인, 끔찍한",https://quizlet.com/kr/1208394115/%EA%B1%B0%EB%A7%8C%EC%96%B4-100-day-17-flash-cards
d17-043,17,lurk,"잠복하다, 숨어서 기다리다",https://quizlet.com/kr/1208394115/%EA%B1%B0%EB%A7%8C%EC%96%B4-100-day-17-flash-cards
d17-044,17,luxuriant,"무성한, 비옥한, 풍성한",https://quizlet.com/kr/1208394115/%EA%B1%B0%EB%A7%8C%EC%96%B4-100-day-17-flash-cards
d17-045,17,luxurious,"사치스러운, 호사스런",https://quizlet.com/kr/1208394115/%EA%B1%B0%EB%A7%8C%EC%96%B4-100-day-17-flash-cards
d17-046,17,lyrical,"서정적인, (작가의) 감정이 (아름답게) 표현된",https://quizlet.com/kr/1208394115/%EA%B1%B0%EB%A7%8C%EC%96%B4-100-day-17-flash-cards
d17-047,17,machination,교묘한 책략(술책),https://quizlet.com/kr/1208394115/%EA%B1%B0%EB%A7%8C%EC%96%B4-100-day-17-flash-cards
d17-048,17,maculate,"반점이 있는, 더러워진; 반점을 찍다, 더럽히다",https://quizlet.com/kr/1208394115/%EA%B1%B0%EB%A7%8C%EC%96%B4-100-day-17-flash-cards
d17-049,17,madcap,"무모한, 무분별한, 황급한, 미친",https://quizlet.com/kr/1208394115/%EA%B1%B0%EB%A7%8C%EC%96%B4-100-day-17-flash-cards
d17-050,17,maelstrom,"큰 소용돌이, 대혼란",https://quizlet.com/kr/1208394115/%EA%B1%B0%EB%A7%8C%EC%96%B4-100-day-17-flash-cards
d17-051,17,magnanimity,"(특히 적이나 경쟁자에게) 도량이 넓음, 관대함",https://quizlet.com/kr/1208394115/%EA%B1%B0%EB%A7%8C%EC%96%B4-100-day-17-flash-cards
d17-052,17,magniloquent,"호언 장담하는, 과장된",https://quizlet.com/kr/1208394115/%EA%B1%B0%EB%A7%8C%EC%96%B4-100-day-17-flash-cards
d17-053,17,majestic,"장엄한, 위풍당당한",https://quizlet.com/kr/1208394115/%EA%B1%B0%EB%A7%8C%EC%96%B4-100-day-17-flash-cards
d17-054,17,makeshift,"임시의, 간이의",https://quizlet.com/kr/1208394115/%EA%B1%B0%EB%A7%8C%EC%96%B4-100-day-17-flash-cards
d17-055,17,maladroit,"솜씨 없는, 서투른",https://quizlet.com/kr/1208394115/%EA%B1%B0%EB%A7%8C%EC%96%B4-100-day-17-flash-cards
d17-056,17,malady,"질병, 병폐, 심각한 문제",https://quizlet.com/kr/1208394115/%EA%B1%B0%EB%A7%8C%EC%96%B4-100-day-17-flash-cards
d17-057,17,malaise,"(원인을 알기힘든 전반적인) 불쾌감; (설명, 규명하기 힘든) 문제들",https://quizlet.com/kr/1208394115/%EA%B1%B0%EB%A7%8C%EC%96%B4-100-day-17-flash-cards
d17-058,17,malefaction,"비행, 범죄, 악행",https://quizlet.com/kr/1208394115/%EA%B1%B0%EB%A7%8C%EC%96%B4-100-day-17-flash-cards
d17-059,17,malevolent,"악의적인, 사악한",https://quizlet.com/kr/1208394115/%EA%B1%B0%EB%A7%8C%EC%96%B4-100-day-17-flash-cards
d17-060,17,malfeasance,"(특히 공무원의) 불법(부정) 행위
fraudulence",https://quizlet.com/kr/1208394115/%EA%B1%B0%EB%A7%8C%EC%96%B4-100-day-17-flash-cards
d17-061,17,malicious,"악의[적의]있는, 심술궂은",https://quizlet.com/kr/1208394115/%EA%B1%B0%EB%A7%8C%EC%96%B4-100-day-17-flash-cards
d17-062,17,malign,"헐뜯다; 해로운, 악성의",https://quizlet.com/kr/1208394115/%EA%B1%B0%EB%A7%8C%EC%96%B4-100-day-17-flash-cards
d17-063,17,malinger,"꾀병을 부리다, (의무) 회피하다",https://quizlet.com/kr/1208394115/%EA%B1%B0%EB%A7%8C%EC%96%B4-100-day-17-flash-cards
d17-064,17,malleable,"(금속) 변형이 잘 되는; (사람들, 사상 등이) 영향을 잘 받는, 잘 변하는",https://quizlet.com/kr/1208394115/%EA%B1%B0%EB%A7%8C%EC%96%B4-100-day-17-flash-cards
d17-065,17,malodorous,악취가 나는,https://quizlet.com/kr/1208394115/%EA%B1%B0%EB%A7%8C%EC%96%B4-100-day-17-flash-cards
d17-066,17,manacle,"속박하다
rein in",https://quizlet.com/kr/1208394115/%EA%B1%B0%EB%A7%8C%EC%96%B4-100-day-17-flash-cards
d17-067,17,mandate,"명령하다, 요구하다; (정부, 위원회에) 권한을 주다, (통치권) 위임하다; 명령; 권한",https://quizlet.com/kr/1208394115/%EA%B1%B0%EB%A7%8C%EC%96%B4-100-day-17-flash-cards
d17-068,17,maneuver,"계략을 써서 조종하다; 계략, 책략",https://quizlet.com/kr/1208394115/%EA%B1%B0%EB%A7%8C%EC%96%B4-100-day-17-flash-cards
d17-069,17,manifest,"1. 뚜렷한, 명백한 self-evident
2. 명시하다, 명확히 밝히다 reveal",https://quizlet.com/kr/1208394115/%EA%B1%B0%EB%A7%8C%EC%96%B4-100-day-17-flash-cards
d17-070,17,manipulate,"(기계, 도구) 잘 다루다, 조작하다; 조작하다, 고의로 바꾸다; (대중, 사람) 속여서 통제하다, 조종하다",https://quizlet.com/kr/1208394115/%EA%B1%B0%EB%A7%8C%EC%96%B4-100-day-17-flash-cards
d17-071,17,mannered,"억지로 꾸민, 부자연스러운",https://quizlet.com/kr/1208394115/%EA%B1%B0%EB%A7%8C%EC%96%B4-100-day-17-flash-cards
d17-072,17,manumit,해방하다,https://quizlet.com/kr/1208394115/%EA%B1%B0%EB%A7%8C%EC%96%B4-100-day-17-flash-cards
d17-073,17,mar,"망치다, 손상하다",https://quizlet.com/kr/1208394115/%EA%B1%B0%EB%A7%8C%EC%96%B4-100-day-17-flash-cards
d17-074,17,marbled,대리석 무늬의; (비유적 의미) 확고해진,https://quizlet.com/kr/1208394115/%EA%B1%B0%EB%A7%8C%EC%96%B4-100-day-17-flash-cards
d17-075,17,marginal,"사소한, 중요하지 않은, 미미한, 많지 않은
peripheral",https://quizlet.com/kr/1208394115/%EA%B1%B0%EB%A7%8C%EC%96%B4-100-day-17-flash-cards
d17-076,17,marshal,"배열하다, 정돈하다",https://quizlet.com/kr/1208394115/%EA%B1%B0%EB%A7%8C%EC%96%B4-100-day-17-flash-cards
d17-077,17,martinet,"엄격한 규율가, 엄격한 교관, 원칙주의자",https://quizlet.com/kr/1208394115/%EA%B1%B0%EB%A7%8C%EC%96%B4-100-day-17-flash-cards
d17-078,17,mask,"숨기다, 가리다
belie",https://quizlet.com/kr/1208394115/%EA%B1%B0%EB%A7%8C%EC%96%B4-100-day-17-flash-cards
d17-079,17,massacre,대학살,https://quizlet.com/kr/1208394115/%EA%B1%B0%EB%A7%8C%EC%96%B4-100-day-17-flash-cards
d17-080,17,material,"(판결에 영향을 줄 만큼) 중요한, 관련 있는
pertinent",https://quizlet.com/kr/1208394115/%EA%B1%B0%EB%A7%8C%EC%96%B4-100-day-17-flash-cards
d17-081,17,masterful,"명인 솜씨의, 대가의, 훌륭한; 주인행세를 하는, 오만한",https://quizlet.com/kr/1208394115/%EA%B1%B0%EB%A7%8C%EC%96%B4-100-day-17-flash-cards
d17-082,17,matter-of-fact,감정이 배제되고 실질적인; 가감없는 사실에 충실한,https://quizlet.com/kr/1208394115/%EA%B1%B0%EB%A7%8C%EC%96%B4-100-day-17-flash-cards
d17-083,17,maudin,"지나치게 감상적인, 취하면 우는",https://quizlet.com/kr/1208394115/%EA%B1%B0%EB%A7%8C%EC%96%B4-100-day-17-flash-cards
d17-084,17,maunder,"두서없이 지껄이다, 맥락없이 말하다",https://quizlet.com/kr/1208394115/%EA%B1%B0%EB%A7%8C%EC%96%B4-100-day-17-flash-cards
d17-085,17,maven,전문가,https://quizlet.com/kr/1208394115/%EA%B1%B0%EB%A7%8C%EC%96%B4-100-day-17-flash-cards
d17-086,17,maverick,"독불장군, 이단아
nonconformist",https://quizlet.com/kr/1208394115/%EA%B1%B0%EB%A7%8C%EC%96%B4-100-day-17-flash-cards
d17-087,17,mawkish,매우 감상적인,https://quizlet.com/kr/1208394115/%EA%B1%B0%EB%A7%8C%EC%96%B4-100-day-17-flash-cards
d17-088,17,meager,"부족한, 빈약한, 일천한
insufficient, paltry",https://quizlet.com/kr/1208394115/%EA%B1%B0%EB%A7%8C%EC%96%B4-100-day-17-flash-cards
d17-089,17,meander,"정처없이 거닐다, (강) 굽이굽이 흐르다, 이야기를 두서없이 하다",https://quizlet.com/kr/1208394115/%EA%B1%B0%EB%A7%8C%EC%96%B4-100-day-17-flash-cards
d17-090,17,measly,"(양) 아주 조금인, 쥐꼬리만한",https://quizlet.com/kr/1208394115/%EA%B1%B0%EB%A7%8C%EC%96%B4-100-day-17-flash-cards
d17-091,17,measured,"균형잡힌, 신중한; 심사숙고한, 철저히 준비한",https://quizlet.com/kr/1208394115/%EA%B1%B0%EB%A7%8C%EC%96%B4-100-day-17-flash-cards
d17-092,17,meddle,참견하다,https://quizlet.com/kr/1208394115/%EA%B1%B0%EB%A7%8C%EC%96%B4-100-day-17-flash-cards
d17-093,17,mediate,"유발시키다, 유도하다, 일으키다",https://quizlet.com/kr/1208394115/%EA%B1%B0%EB%A7%8C%EC%96%B4-100-day-17-flash-cards
d17-094,17,mediocre,"보통밖에 안되는, 썩 좋지는 않은",https://quizlet.com/kr/1208394115/%EA%B1%B0%EB%A7%8C%EC%96%B4-100-day-17-flash-cards
d17-095,17,meet,"적절한
condign",https://quizlet.com/kr/1208394115/%EA%B1%B0%EB%A7%8C%EC%96%B4-100-day-17-flash-cards
d17-096,17,meld,혼합하다,https://quizlet.com/kr/1208394115/%EA%B1%B0%EB%A7%8C%EC%96%B4-100-day-17-flash-cards
d17-097,17,meliorate,"개량하다, 개선하다, 좋아지다",https://quizlet.com/kr/1208394115/%EA%B1%B0%EB%A7%8C%EC%96%B4-100-day-17-flash-cards
d17-098,17,mellifluous,"(소리, 말) 감미로운, 듣기 좋은",https://quizlet.com/kr/1208394115/%EA%B1%B0%EB%A7%8C%EC%96%B4-100-day-17-flash-cards
d17-099,17,melodious,듣기 좋은,https://quizlet.com/kr/1208394115/%EA%B1%B0%EB%A7%8C%EC%96%B4-100-day-17-flash-cards
d17-100,17,menace,위협하는 것(사람); 위협하다,https://quizlet.com/kr/1208394115/%EA%B1%B0%EB%A7%8C%EC%96%B4-100-day-17-flash-cards
d18-001,18,mend,"고치다, 수선하다; (문제, 불화 등을) 해결하다",https://quizlet.com/kr/1208394191/%EA%B1%B0%EB%A7%8C%EC%96%B4-100-day-18-flash-cards
d18-002,18,mendacious,"거짓말하는, 허위의",https://quizlet.com/kr/1208394191/%EA%B1%B0%EB%A7%8C%EC%96%B4-100-day-18-flash-cards
d18-003,18,mendicant,"거지; 거지의, 구걸하는",https://quizlet.com/kr/1208394191/%EA%B1%B0%EB%A7%8C%EC%96%B4-100-day-18-flash-cards
d18-004,18,menial,"하인의, 비천한",https://quizlet.com/kr/1208394191/%EA%B1%B0%EB%A7%8C%EC%96%B4-100-day-18-flash-cards
d18-005,18,mercenary,용병; 돈 버는 데만 관심이 있는; 욕심많은,https://quizlet.com/kr/1208394191/%EA%B1%B0%EB%A7%8C%EC%96%B4-100-day-18-flash-cards
d18-006,18,mercurial,변덕스러운; 쾌활한,https://quizlet.com/kr/1208394191/%EA%B1%B0%EB%A7%8C%EC%96%B4-100-day-18-flash-cards
d18-007,18,meretricious,"1. (천하게) 겉이 번지르르한 showy
2. (내용이 성적으로) 추잡스러운",https://quizlet.com/kr/1208394191/%EA%B1%B0%EB%A7%8C%EC%96%B4-100-day-18-flash-cards
d18-008,18,merriment,"명랑함
laughter",https://quizlet.com/kr/1208394191/%EA%B1%B0%EB%A7%8C%EC%96%B4-100-day-18-flash-cards
d18-009,18,merit,"(칭찬, 관심 등을) 받을 만하다, 자격이 있다, 가치가 있다",https://quizlet.com/kr/1208394191/%EA%B1%B0%EB%A7%8C%EC%96%B4-100-day-18-flash-cards
d18-010,18,metamorphose,변형하다,https://quizlet.com/kr/1208394191/%EA%B1%B0%EB%A7%8C%EC%96%B4-100-day-18-flash-cards
d18-011,18,metaphorical,"은유의, 은유적인",https://quizlet.com/kr/1208394191/%EA%B1%B0%EB%A7%8C%EC%96%B4-100-day-18-flash-cards
d18-012,18,metaphysical,"형이상학적인, 순수 철학의, 철학적인; 극히 추상적인",https://quizlet.com/kr/1208394191/%EA%B1%B0%EB%A7%8C%EC%96%B4-100-day-18-flash-cards
d18-013,18,meteoric,"유성같이 빠른, 밝은, 금방 사라지는",https://quizlet.com/kr/1208394191/%EA%B1%B0%EB%A7%8C%EC%96%B4-100-day-18-flash-cards
d18-014,18,methodical,"질서정연한, 체계적인, 꼼꼼한",https://quizlet.com/kr/1208394191/%EA%B1%B0%EB%A7%8C%EC%96%B4-100-day-18-flash-cards
d18-015,18,meticulous,"매우 꼼꼼한, 주의깊은, 정확한
thorough, exacting, painstaking",https://quizlet.com/kr/1208394191/%EA%B1%B0%EB%A7%8C%EC%96%B4-100-day-18-flash-cards
d18-016,18,mettlesome,"(사람이나 동물이) 위세 등등한, 용감한, 씩씩한",https://quizlet.com/kr/1208394191/%EA%B1%B0%EB%A7%8C%EC%96%B4-100-day-18-flash-cards
d18-017,18,milestone,"이정표; 기념비적인(획기적인) 사건, 일",https://quizlet.com/kr/1208394191/%EA%B1%B0%EB%A7%8C%EC%96%B4-100-day-18-flash-cards
d18-018,18,milleu,(한 사람의) 사회적 환경,https://quizlet.com/kr/1208394191/%EA%B1%B0%EB%A7%8C%EC%96%B4-100-day-18-flash-cards
d18-019,18,minatory,"위협적인
menacing",https://quizlet.com/kr/1208394191/%EA%B1%B0%EB%A7%8C%EC%96%B4-100-day-18-flash-cards
d18-020,18,mindful,"인식하는, 알고 있는, ~에 유념하는
vigilant",https://quizlet.com/kr/1208394191/%EA%B1%B0%EB%A7%8C%EC%96%B4-100-day-18-flash-cards
d18-021,18,minion,"하인, 아랫것",https://quizlet.com/kr/1208394191/%EA%B1%B0%EB%A7%8C%EC%96%B4-100-day-18-flash-cards
d18-022,18,mint,"대량, 다량; 화폐주조소, 조폐국",https://quizlet.com/kr/1208394191/%EA%B1%B0%EB%A7%8C%EC%96%B4-100-day-18-flash-cards
d18-023,18,minuscule,"하찮은, 매우 작은
diminutive",https://quizlet.com/kr/1208394191/%EA%B1%B0%EB%A7%8C%EC%96%B4-100-day-18-flash-cards
d18-024,18,minute,"매우 작은; 하찮은; 상세한, 세세한",https://quizlet.com/kr/1208394191/%EA%B1%B0%EB%A7%8C%EC%96%B4-100-day-18-flash-cards
d18-025,18,minutia,작고 사소한 세부사항,https://quizlet.com/kr/1208394191/%EA%B1%B0%EB%A7%8C%EC%96%B4-100-day-18-flash-cards
d18-026,18,mire,"진흙탕, 수렁, 곤경; (어려운 상황에) 얽히게 하다",https://quizlet.com/kr/1208394191/%EA%B1%B0%EB%A7%8C%EC%96%B4-100-day-18-flash-cards
d18-027,18,mirthful,"즐거운, 유쾌한",https://quizlet.com/kr/1208394191/%EA%B1%B0%EB%A7%8C%EC%96%B4-100-day-18-flash-cards
d18-028,18,misanthrope,"인간을 싫어하는 사람, 염세가",https://quizlet.com/kr/1208394191/%EA%B1%B0%EB%A7%8C%EC%96%B4-100-day-18-flash-cards
d18-029,18,miscellaneous,갖가지 잡다한; 잡동사니의,https://quizlet.com/kr/1208394191/%EA%B1%B0%EB%A7%8C%EC%96%B4-100-day-18-flash-cards
d18-030,18,misconstrue,오해하다,https://quizlet.com/kr/1208394191/%EA%B1%B0%EB%A7%8C%EC%96%B4-100-day-18-flash-cards
d18-031,18,miscreant,범법자,https://quizlet.com/kr/1208394191/%EA%B1%B0%EB%A7%8C%EC%96%B4-100-day-18-flash-cards
d18-032,18,misdemean,나쁜 행동을 하다,https://quizlet.com/kr/1208394191/%EA%B1%B0%EB%A7%8C%EC%96%B4-100-day-18-flash-cards
d18-033,18,miserly,"인색한, 욕심 많은",https://quizlet.com/kr/1208394191/%EA%B1%B0%EB%A7%8C%EC%96%B4-100-day-18-flash-cards
d18-034,18,misgiving,"걱정, 불안, 의구심
trepidation",https://quizlet.com/kr/1208394191/%EA%B1%B0%EB%A7%8C%EC%96%B4-100-day-18-flash-cards
d18-035,18,misguided,"잘못 이해한, 잘못 판단한",https://quizlet.com/kr/1208394191/%EA%B1%B0%EB%A7%8C%EC%96%B4-100-day-18-flash-cards
d18-036,18,mishap,불행한 일,https://quizlet.com/kr/1208394191/%EA%B1%B0%EB%A7%8C%EC%96%B4-100-day-18-flash-cards
d18-037,18,misnomer,"오칭, 부적절한 명칭",https://quizlet.com/kr/1208394191/%EA%B1%B0%EB%A7%8C%EC%96%B4-100-day-18-flash-cards
d18-038,18,mitigate,"완화시키다
ameliorate, abate",https://quizlet.com/kr/1208394191/%EA%B1%B0%EB%A7%8C%EC%96%B4-100-day-18-flash-cards
d18-039,18,moderate,"완화시키다, 누그러뜨리다
temper",https://quizlet.com/kr/1208394191/%EA%B1%B0%EB%A7%8C%EC%96%B4-100-day-18-flash-cards
d18-040,18,modest,"1. (크기, 양, 중요성) 대단하지 않은, 적은, 많지 않은, 보통의 unremarkable
2. (장소, 집, 건물) 작고 누추한
3. 겸손한 unassuming, bland",https://quizlet.com/kr/1208394191/%EA%B1%B0%EB%A7%8C%EC%96%B4-100-day-18-flash-cards
d18-041,18,modicum,소량,https://quizlet.com/kr/1208394191/%EA%B1%B0%EB%A7%8C%EC%96%B4-100-day-18-flash-cards
d18-042,18,modish,"유행의, 유행을 따르는",https://quizlet.com/kr/1208394191/%EA%B1%B0%EB%A7%8C%EC%96%B4-100-day-18-flash-cards
d18-043,18,modulate,"조절하다, 조정하다, 가감하다
temper",https://quizlet.com/kr/1208394191/%EA%B1%B0%EB%A7%8C%EC%96%B4-100-day-18-flash-cards
d18-044,18,mold,"만들다, 주조하다",https://quizlet.com/kr/1208394191/%EA%B1%B0%EB%A7%8C%EC%96%B4-100-day-18-flash-cards
d18-045,18,mollify,"달래다, 진정시키다",https://quizlet.com/kr/1208394191/%EA%B1%B0%EB%A7%8C%EC%96%B4-100-day-18-flash-cards
d18-046,18,momentous,매우 중요한,https://quizlet.com/kr/1208394191/%EA%B1%B0%EB%A7%8C%EC%96%B4-100-day-18-flash-cards
d18-047,18,momentum,"운동량; 여세, 추진력",https://quizlet.com/kr/1208394191/%EA%B1%B0%EB%A7%8C%EC%96%B4-100-day-18-flash-cards
d18-048,18,monolithic,획일적인; (건물) 매우 거대한,https://quizlet.com/kr/1208394191/%EA%B1%B0%EB%A7%8C%EC%96%B4-100-day-18-flash-cards
d18-049,18,monopolize,독점하다,https://quizlet.com/kr/1208394191/%EA%B1%B0%EB%A7%8C%EC%96%B4-100-day-18-flash-cards
d18-050,18,moralistic,"지나치게 도덕적인, 도덕주의자처럼 구는
sententious",https://quizlet.com/kr/1208394191/%EA%B1%B0%EB%A7%8C%EC%96%B4-100-day-18-flash-cards
d18-051,18,moratorium,활동 중단; 지불 유예(정지),https://quizlet.com/kr/1208394191/%EA%B1%B0%EB%A7%8C%EC%96%B4-100-day-18-flash-cards
d18-052,18,morbid,"병의, 병적인",https://quizlet.com/kr/1208394191/%EA%B1%B0%EB%A7%8C%EC%96%B4-100-day-18-flash-cards
d18-053,18,mordant,"신랄한, 통렬한",https://quizlet.com/kr/1208394191/%EA%B1%B0%EB%A7%8C%EC%96%B4-100-day-18-flash-cards
d18-054,18,mores,"관례, 관습",https://quizlet.com/kr/1208394191/%EA%B1%B0%EB%A7%8C%EC%96%B4-100-day-18-flash-cards
d18-055,18,moribund,"소멸, 절멸 직전의, 다 죽어가는",https://quizlet.com/kr/1208394191/%EA%B1%B0%EB%A7%8C%EC%96%B4-100-day-18-flash-cards
d18-056,18,morose,시무룩하고 언짢은,https://quizlet.com/kr/1208394191/%EA%B1%B0%EB%A7%8C%EC%96%B4-100-day-18-flash-cards
d18-057,18,morph,"변하다, 바뀌다",https://quizlet.com/kr/1208394191/%EA%B1%B0%EB%A7%8C%EC%96%B4-100-day-18-flash-cards
d18-058,18,motley,"잡동사니의, 잡색의",https://quizlet.com/kr/1208394191/%EA%B1%B0%EB%A7%8C%EC%96%B4-100-day-18-flash-cards
d18-059,18,muddle,"1. 뒤죽박죽을 만들다, 혼란스럽게 하다 obfuscate
2. 혼란, 난잡",https://quizlet.com/kr/1208394191/%EA%B1%B0%EB%A7%8C%EC%96%B4-100-day-18-flash-cards
d18-060,18,multifaceted,"다면적인
eclectic",https://quizlet.com/kr/1208394191/%EA%B1%B0%EB%A7%8C%EC%96%B4-100-day-18-flash-cards
d18-061,18,multifarious,"가지각색의, 다양한",https://quizlet.com/kr/1208394191/%EA%B1%B0%EB%A7%8C%EC%96%B4-100-day-18-flash-cards
d18-062,18,mundane,"평범한, 흔한, 재미없는, 일상적인; 세속적인",https://quizlet.com/kr/1208394191/%EA%B1%B0%EB%A7%8C%EC%96%B4-100-day-18-flash-cards
d18-063,18,munificent,"(사람이) 아낌없이 주는; (선물 등이) 아낌없는, 후한",https://quizlet.com/kr/1208394191/%EA%B1%B0%EB%A7%8C%EC%96%B4-100-day-18-flash-cards
d18-064,18,murky,"어둑어둑한, 안개가 자욱한, 모호한, 애매한",https://quizlet.com/kr/1208394191/%EA%B1%B0%EB%A7%8C%EC%96%B4-100-day-18-flash-cards
d18-065,18,mushroom,"(버섯처럼) 빨리 성장[발전]하다, 급격히 퍼지다",https://quizlet.com/kr/1208394191/%EA%B1%B0%EB%A7%8C%EC%96%B4-100-day-18-flash-cards
d18-066,18,muster,"모으다, 소집하다",https://quizlet.com/kr/1208394191/%EA%B1%B0%EB%A7%8C%EC%96%B4-100-day-18-flash-cards
d18-067,18,mutability,변화성,https://quizlet.com/kr/1208394191/%EA%B1%B0%EB%A7%8C%EC%96%B4-100-day-18-flash-cards
d18-068,18,mutate,"변화하다, 변화시키다",https://quizlet.com/kr/1208394191/%EA%B1%B0%EB%A7%8C%EC%96%B4-100-day-18-flash-cards
d18-069,18,mute,"무언의, 침묵하는; 약화, 완화하다",https://quizlet.com/kr/1208394191/%EA%B1%B0%EB%A7%8C%EC%96%B4-100-day-18-flash-cards
d18-070,18,mutiny,"반항, 반란, 폭동, 폭동(반란)을 일으키다",https://quizlet.com/kr/1208394191/%EA%B1%B0%EB%A7%8C%EC%96%B4-100-day-18-flash-cards
d18-071,18,myopia,"근시; 통찰력의 결여, 근시안적임",https://quizlet.com/kr/1208394191/%EA%B1%B0%EB%A7%8C%EC%96%B4-100-day-18-flash-cards
d18-072,18,myriad,"무수히 많음; 무수한, 무수히 많은",https://quizlet.com/kr/1208394191/%EA%B1%B0%EB%A7%8C%EC%96%B4-100-day-18-flash-cards
d18-073,18,nadir,"천저, 밑바닥, 최악의 순간(상태)",https://quizlet.com/kr/1208394191/%EA%B1%B0%EB%A7%8C%EC%96%B4-100-day-18-flash-cards
d18-074,18,naivete,"순진, 신진한 행위, 경험 없음",https://quizlet.com/kr/1208394191/%EA%B1%B0%EB%A7%8C%EC%96%B4-100-day-18-flash-cards
d18-075,18,nascent,지금 막 생겨난,https://quizlet.com/kr/1208394191/%EA%B1%B0%EB%A7%8C%EC%96%B4-100-day-18-flash-cards
d18-076,18,naysay,"반대하다, 부인하다",https://quizlet.com/kr/1208394191/%EA%B1%B0%EB%A7%8C%EC%96%B4-100-day-18-flash-cards
d18-077,18,nebulous,"흐릿한, 모호한
vague",https://quizlet.com/kr/1208394191/%EA%B1%B0%EB%A7%8C%EC%96%B4-100-day-18-flash-cards
d18-078,18,necessitate,필요하게 하다,https://quizlet.com/kr/1208394191/%EA%B1%B0%EB%A7%8C%EC%96%B4-100-day-18-flash-cards
d18-079,18,nefarious,"사악한, 범법의",https://quizlet.com/kr/1208394191/%EA%B1%B0%EB%A7%8C%EC%96%B4-100-day-18-flash-cards
d18-080,18,negligent,태만한; 적절한 주의를 기울이지 못하는,https://quizlet.com/kr/1208394191/%EA%B1%B0%EB%A7%8C%EC%96%B4-100-day-18-flash-cards
d18-081,18,negligible,"무시해도 될 정도의, 하찮은, 미미한
nominal",https://quizlet.com/kr/1208394191/%EA%B1%B0%EB%A7%8C%EC%96%B4-100-day-18-flash-cards
d18-082,18,nemesis,"복수의 화신; 강적; 응당 받아야 할(피할 수 없는)벌, 천벌; 강적",https://quizlet.com/kr/1208394191/%EA%B1%B0%EB%A7%8C%EC%96%B4-100-day-18-flash-cards
d18-083,18,neophyte,"초보자, 초심자; 개종자",https://quizlet.com/kr/1208394191/%EA%B1%B0%EB%A7%8C%EC%96%B4-100-day-18-flash-cards
d18-084,18,nepotism,"친족등용, 족벌주의",https://quizlet.com/kr/1208394191/%EA%B1%B0%EB%A7%8C%EC%96%B4-100-day-18-flash-cards
d18-085,18,nervy,"건방진, 뻔뻔스런",https://quizlet.com/kr/1208394191/%EA%B1%B0%EB%A7%8C%EC%96%B4-100-day-18-flash-cards
d18-086,18,nettle,"화나게 하다, 안절부절 못하게 하다",https://quizlet.com/kr/1208394191/%EA%B1%B0%EB%A7%8C%EC%96%B4-100-day-18-flash-cards
d18-087,18,nibble,"조금씩 물어뜯다, 잠식하다",https://quizlet.com/kr/1208394191/%EA%B1%B0%EB%A7%8C%EC%96%B4-100-day-18-flash-cards
d18-088,18,nice,"철저한, 꼼꼼한, 정확한; 미묘한",https://quizlet.com/kr/1208394191/%EA%B1%B0%EB%A7%8C%EC%96%B4-100-day-18-flash-cards
d18-089,18,nimble,"빠른, 날렵한; 민첩한, 영리한",https://quizlet.com/kr/1208394191/%EA%B1%B0%EB%A7%8C%EC%96%B4-100-day-18-flash-cards
d18-090,18,nitpick,트집잡다,https://quizlet.com/kr/1208394191/%EA%B1%B0%EB%A7%8C%EC%96%B4-100-day-18-flash-cards
d18-091,18,nocturnal,야행성의,https://quizlet.com/kr/1208394191/%EA%B1%B0%EB%A7%8C%EC%96%B4-100-day-18-flash-cards
d18-092,18,noisome,"불쾌한, 해로운, 악취가 나는",https://quizlet.com/kr/1208394191/%EA%B1%B0%EB%A7%8C%EC%96%B4-100-day-18-flash-cards
d18-093,18,nomad,"유목민, 방랑자",https://quizlet.com/kr/1208394191/%EA%B1%B0%EB%A7%8C%EC%96%B4-100-day-18-flash-cards
d18-094,18,nominal,"1. 이름만의, 명목상의
2. (비용, 양) 매우 적은, 상징적인 negligible",https://quizlet.com/kr/1208394191/%EA%B1%B0%EB%A7%8C%EC%96%B4-100-day-18-flash-cards
d18-095,18,nonchalant,"걱정없는, 무사태평한, 무심한, 태연한",https://quizlet.com/kr/1208394191/%EA%B1%B0%EB%A7%8C%EC%96%B4-100-day-18-flash-cards
d18-096,18,noncommittal,"분명한 의견을 표명하지 않은, 애매한, 확실하지 않은",https://quizlet.com/kr/1208394191/%EA%B1%B0%EB%A7%8C%EC%96%B4-100-day-18-flash-cards
d18-097,18,nonconformist,"관행을 따르지 않는 사람
maverick",https://quizlet.com/kr/1208394191/%EA%B1%B0%EB%A7%8C%EC%96%B4-100-day-18-flash-cards
d18-098,18,nondescript,"뚜렷한 특징이 없는, 평범한
unexceptional",https://quizlet.com/kr/1208394191/%EA%B1%B0%EB%A7%8C%EC%96%B4-100-day-18-flash-cards
d18-099,18,nonplus,"어찌할 줄 모르게 하다, 당황(혼란)스럽게 하다",https://quizlet.com/kr/1208394191/%EA%B1%B0%EB%A7%8C%EC%96%B4-100-day-18-flash-cards
d18-100,18,notoriety,(악명으로) 유명함,https://quizlet.com/kr/1208394191/%EA%B1%B0%EB%A7%8C%EC%96%B4-100-day-18-flash-cards
d19-001,19,novice,초보자,https://quizlet.com/kr/1208394308/%EA%B1%B0%EB%A7%8C%EC%96%B4-100-day-19-flash-cards
d19-002,19,noxious,"유독한, 유해한, 불쾌한
insalubrious",https://quizlet.com/kr/1208394308/%EA%B1%B0%EB%A7%8C%EC%96%B4-100-day-19-flash-cards
d19-003,19,nuance,미묘한 차이,https://quizlet.com/kr/1208394308/%EA%B1%B0%EB%A7%8C%EC%96%B4-100-day-19-flash-cards
d19-004,19,nugatory,"중요하지 않은, 하찮은, 미미한",https://quizlet.com/kr/1208394308/%EA%B1%B0%EB%A7%8C%EC%96%B4-100-day-19-flash-cards
d19-005,19,nuisance,"귀찮은 것, 성가신 것, 폐",https://quizlet.com/kr/1208394308/%EA%B1%B0%EB%A7%8C%EC%96%B4-100-day-19-flash-cards
d19-006,19,nullify,무효화하다,https://quizlet.com/kr/1208394308/%EA%B1%B0%EB%A7%8C%EC%96%B4-100-day-19-flash-cards
d19-007,19,numinous,"신비한, 초자연적인, 신의 존재를 생각하게 하는",https://quizlet.com/kr/1208394308/%EA%B1%B0%EB%A7%8C%EC%96%B4-100-day-19-flash-cards
d19-008,19,nurture,"양육하다, 돌보다
foster",https://quizlet.com/kr/1208394308/%EA%B1%B0%EB%A7%8C%EC%96%B4-100-day-19-flash-cards
d19-009,19,obdurate,고집센,https://quizlet.com/kr/1208394308/%EA%B1%B0%EB%A7%8C%EC%96%B4-100-day-19-flash-cards
d19-010,19,obeisant,정중한,https://quizlet.com/kr/1208394308/%EA%B1%B0%EB%A7%8C%EC%96%B4-100-day-19-flash-cards
d19-011,19,obfuscate,"1. 애매하게 만들다
2. 혼란시키다, 당황하게 만들다 muddle",https://quizlet.com/kr/1208394308/%EA%B1%B0%EB%A7%8C%EC%96%B4-100-day-19-flash-cards
d19-012,19,obligate,"의무를 지우다; (기생충, 기생균 등이) 어떤 특정 환경에서만 생활할 수 있는",https://quizlet.com/kr/1208394308/%EA%B1%B0%EB%A7%8C%EC%96%B4-100-day-19-flash-cards
d19-013,19,obliging,"친절한, 상냥한, 남을 기꺼이 도우려하는",https://quizlet.com/kr/1208394308/%EA%B1%B0%EB%A7%8C%EC%96%B4-100-day-19-flash-cards
d19-014,19,oblique,"기울어진, 비스듬한; 완곡한, 모호한",https://quizlet.com/kr/1208394308/%EA%B1%B0%EB%A7%8C%EC%96%B4-100-day-19-flash-cards
d19-015,19,obliterate,"완전히 제거하다, (흔적을) 지우다",https://quizlet.com/kr/1208394308/%EA%B1%B0%EB%A7%8C%EC%96%B4-100-day-19-flash-cards
d19-016,19,oblivion,"망각, 지각 못하는 상태, 잊혀진 상태",https://quizlet.com/kr/1208394308/%EA%B1%B0%EB%A7%8C%EC%96%B4-100-day-19-flash-cards
d19-017,19,oblivious,"알아채지 못한, 염두에 없는, 망각한",https://quizlet.com/kr/1208394308/%EA%B1%B0%EB%A7%8C%EC%96%B4-100-day-19-flash-cards
d19-018,19,obloquy,"악평, 비난, 오명, 불명예",https://quizlet.com/kr/1208394308/%EA%B1%B0%EB%A7%8C%EC%96%B4-100-day-19-flash-cards
d19-019,19,obscure,"1. 불명확하게 하다;
2. 불명확한; 유명하지 않은 opaque, anonymous",https://quizlet.com/kr/1208394308/%EA%B1%B0%EB%A7%8C%EC%96%B4-100-day-19-flash-cards
d19-020,19,obsequious,"아부하는
sycophantic",https://quizlet.com/kr/1208394308/%EA%B1%B0%EB%A7%8C%EC%96%B4-100-day-19-flash-cards
d19-021,19,observant,"예민한, 기민한",https://quizlet.com/kr/1208394308/%EA%B1%B0%EB%A7%8C%EC%96%B4-100-day-19-flash-cards
d19-022,19,obsolete,"구식의, 못쓰게 된",https://quizlet.com/kr/1208394308/%EA%B1%B0%EB%A7%8C%EC%96%B4-100-day-19-flash-cards
d19-023,19,obstinate,"완고한, 완강한",https://quizlet.com/kr/1208394308/%EA%B1%B0%EB%A7%8C%EC%96%B4-100-day-19-flash-cards
d19-024,19,obstreperous,"통제가 안되는, 시끄러운, 떠들썩한",https://quizlet.com/kr/1208394308/%EA%B1%B0%EB%A7%8C%EC%96%B4-100-day-19-flash-cards
d19-025,19,obstructionist,(입법행위) 의사방해자,https://quizlet.com/kr/1208394308/%EA%B1%B0%EB%A7%8C%EC%96%B4-100-day-19-flash-cards
d19-026,19,obtrusive,"돌출한, 눈에 거슬리는; 나서는, 주제넘은",https://quizlet.com/kr/1208394308/%EA%B1%B0%EB%A7%8C%EC%96%B4-100-day-19-flash-cards
d19-027,19,obtuse,"둔한, 이해가 매우 느린; 뭉퉁한, 둔한",https://quizlet.com/kr/1208394308/%EA%B1%B0%EB%A7%8C%EC%96%B4-100-day-19-flash-cards
d19-028,19,obviate,"1. 미리 막다, 피하다
2. (필요성이나 어려움) 제거하다 displace",https://quizlet.com/kr/1208394308/%EA%B1%B0%EB%A7%8C%EC%96%B4-100-day-19-flash-cards
d19-029,19,occlude,"닫다, (통로, 틈색 등을) 막다, (빛을) 보이지 않게 차단하다",https://quizlet.com/kr/1208394308/%EA%B1%B0%EB%A7%8C%EC%96%B4-100-day-19-flash-cards
d19-030,19,occult,"소수만 아는, 어려운; 초자연적인, 불가사의한; (천체가) 다른 천체를 가리다",https://quizlet.com/kr/1208394308/%EA%B1%B0%EB%A7%8C%EC%96%B4-100-day-19-flash-cards
d19-031,19,odious,"몹시 불쾌한, 혐오스런",https://quizlet.com/kr/1208394308/%EA%B1%B0%EB%A7%8C%EC%96%B4-100-day-19-flash-cards
d19-032,19,offbeat,색다른,https://quizlet.com/kr/1208394308/%EA%B1%B0%EB%A7%8C%EC%96%B4-100-day-19-flash-cards
d19-033,19,officious,참견이 심한,https://quizlet.com/kr/1208394308/%EA%B1%B0%EB%A7%8C%EC%96%B4-100-day-19-flash-cards
d19-034,19,offset,"상쇄하다
counterbalance",https://quizlet.com/kr/1208394308/%EA%B1%B0%EB%A7%8C%EC%96%B4-100-day-19-flash-cards
d19-035,19,omnipotent,"전능한, 능력이 출중한",https://quizlet.com/kr/1208394308/%EA%B1%B0%EB%A7%8C%EC%96%B4-100-day-19-flash-cards
d19-036,19,omnipresent,어디에나 있는,https://quizlet.com/kr/1208394308/%EA%B1%B0%EB%A7%8C%EC%96%B4-100-day-19-flash-cards
d19-037,19,omniscient,"(격식) 전지의, 박식한",https://quizlet.com/kr/1208394308/%EA%B1%B0%EB%A7%8C%EC%96%B4-100-day-19-flash-cards
d19-038,19,on a par with,동등한,https://quizlet.com/kr/1208394308/%EA%B1%B0%EB%A7%8C%EC%96%B4-100-day-19-flash-cards
d19-039,19,onerous,"(일 등) 힘든, 성가신, 부담되는, 짐스러운
burdensome",https://quizlet.com/kr/1208394308/%EA%B1%B0%EB%A7%8C%EC%96%B4-100-day-19-flash-cards
d19-040,19,onset,"시작, 출현",https://quizlet.com/kr/1208394308/%EA%B1%B0%EB%A7%8C%EC%96%B4-100-day-19-flash-cards
d19-041,19,opaque,"불투명한; 불분명한, 이해하기 힘든
inaccessible, obscure",https://quizlet.com/kr/1208394308/%EA%B1%B0%EB%A7%8C%EC%96%B4-100-day-19-flash-cards
d19-042,19,opinionated,"의견을 고집하는, 독단적인",https://quizlet.com/kr/1208394308/%EA%B1%B0%EB%A7%8C%EC%96%B4-100-day-19-flash-cards
d19-043,19,opportune,"(시기, 시간) 적절한
timely",https://quizlet.com/kr/1208394308/%EA%B1%B0%EB%A7%8C%EC%96%B4-100-day-19-flash-cards
d19-044,19,opportunistic,기회주의적인,https://quizlet.com/kr/1208394308/%EA%B1%B0%EB%A7%8C%EC%96%B4-100-day-19-flash-cards
d19-045,19,opprobrium,"불명예, 비난
disdain",https://quizlet.com/kr/1208394308/%EA%B1%B0%EB%A7%8C%EC%96%B4-100-day-19-flash-cards
d19-046,19,opulent,"부유한, 풍성한",https://quizlet.com/kr/1208394308/%EA%B1%B0%EB%A7%8C%EC%96%B4-100-day-19-flash-cards
d19-047,19,oracular,"신탁의; 수수께끼같은, 난해한",https://quizlet.com/kr/1208394308/%EA%B1%B0%EB%A7%8C%EC%96%B4-100-day-19-flash-cards
d19-048,19,orient,(~을) 지향하게 하다; (특정 목적에) 맞추다; (새로운 상황에) 적응하다(익숙해지다),https://quizlet.com/kr/1208394308/%EA%B1%B0%EB%A7%8C%EC%96%B4-100-day-19-flash-cards
d19-049,19,orthodox,"정설, 정교의",https://quizlet.com/kr/1208394308/%EA%B1%B0%EB%A7%8C%EC%96%B4-100-day-19-flash-cards
d19-050,19,oscillate,"진동하다, 주저하다, 흔들리다
waver",https://quizlet.com/kr/1208394308/%EA%B1%B0%EB%A7%8C%EC%96%B4-100-day-19-flash-cards
d19-051,19,ossify,골화되다; 보수화되다,https://quizlet.com/kr/1208394308/%EA%B1%B0%EB%A7%8C%EC%96%B4-100-day-19-flash-cards
d19-052,19,ostensible,표면적인,https://quizlet.com/kr/1208394308/%EA%B1%B0%EB%A7%8C%EC%96%B4-100-day-19-flash-cards
d19-053,19,ostentatious,"자랑/과시하는, 허세부리는",https://quizlet.com/kr/1208394308/%EA%B1%B0%EB%A7%8C%EC%96%B4-100-day-19-flash-cards
d19-054,19,ostracize,"(사람을) 배척하다, 따돌리다
shun",https://quizlet.com/kr/1208394308/%EA%B1%B0%EB%A7%8C%EC%96%B4-100-day-19-flash-cards
d19-055,19,oust,"(지위, 장소에서) 내쫓다, 축출하다
expel",https://quizlet.com/kr/1208394308/%EA%B1%B0%EB%A7%8C%EC%96%B4-100-day-19-flash-cards
d19-056,19,outlandish,"별난, 기이한, 희한한; 이국적인",https://quizlet.com/kr/1208394308/%EA%B1%B0%EB%A7%8C%EC%96%B4-100-day-19-flash-cards
d19-057,19,outlaw,"범법자, 무법자; 금하다",https://quizlet.com/kr/1208394308/%EA%B1%B0%EB%A7%8C%EC%96%B4-100-day-19-flash-cards
d19-058,19,outmaneuver,"책략으로 이기다, 더 빨리 움직여 피하다",https://quizlet.com/kr/1208394308/%EA%B1%B0%EB%A7%8C%EC%96%B4-100-day-19-flash-cards
d19-059,19,outmoded,"구식의
unfashionable",https://quizlet.com/kr/1208394308/%EA%B1%B0%EB%A7%8C%EC%96%B4-100-day-19-flash-cards
d19-060,19,outspoken,거침없이 말하는; 솔직한,https://quizlet.com/kr/1208394308/%EA%B1%B0%EB%A7%8C%EC%96%B4-100-day-19-flash-cards
d19-061,19,outstrip,"능가하다, 뛰어나다",https://quizlet.com/kr/1208394308/%EA%B1%B0%EB%A7%8C%EC%96%B4-100-day-19-flash-cards
d19-062,19,overarching,"모든 것을 포괄하는, 가장 중요한",https://quizlet.com/kr/1208394308/%EA%B1%B0%EB%A7%8C%EC%96%B4-100-day-19-flash-cards
d19-063,19,overbearing,"고압적인, 거만한; 압도적인",https://quizlet.com/kr/1208394308/%EA%B1%B0%EB%A7%8C%EC%96%B4-100-day-19-flash-cards
d19-064,19,overblown,"도가 지나친, 과장된
exaggerated",https://quizlet.com/kr/1208394308/%EA%B1%B0%EB%A7%8C%EC%96%B4-100-day-19-flash-cards
d19-065,19,overhaul,정밀 점검하다; 전면 개보수하다; (경주에서 남을) 앞지르다,https://quizlet.com/kr/1208394308/%EA%B1%B0%EB%A7%8C%EC%96%B4-100-day-19-flash-cards
d19-066,19,overpower,"제압하다; 압도하다, 사로잡다",https://quizlet.com/kr/1208394308/%EA%B1%B0%EB%A7%8C%EC%96%B4-100-day-19-flash-cards
d19-067,19,override,"기각하다; ~보다 더 중요하다, ~보다 우선하다",https://quizlet.com/kr/1208394308/%EA%B1%B0%EB%A7%8C%EC%96%B4-100-day-19-flash-cards
d19-068,19,overriding,"가장 중요한, 최우선의",https://quizlet.com/kr/1208394308/%EA%B1%B0%EB%A7%8C%EC%96%B4-100-day-19-flash-cards
d19-069,19,overrule,"(결정 등) 뒤엎다, 파기하다",https://quizlet.com/kr/1208394308/%EA%B1%B0%EB%A7%8C%EC%96%B4-100-day-19-flash-cards
d19-070,19,overshadow,"그림자(그늘)를 드리우다; ~의 관심을 빼앗다, ~보다 훨씬 중요하다; 빛을 잃게(무색하게) 만들다",https://quizlet.com/kr/1208394308/%EA%B1%B0%EB%A7%8C%EC%96%B4-100-day-19-flash-cards
d19-071,19,overt,"공공연한, 명백한, 숨김없는",https://quizlet.com/kr/1208394308/%EA%B1%B0%EB%A7%8C%EC%96%B4-100-day-19-flash-cards
d19-072,19,overweening,지나치게 자신감이 강한,https://quizlet.com/kr/1208394308/%EA%B1%B0%EB%A7%8C%EC%96%B4-100-day-19-flash-cards
d19-073,19,overwhelming,압도적인,https://quizlet.com/kr/1208394308/%EA%B1%B0%EB%A7%8C%EC%96%B4-100-day-19-flash-cards
d19-074,19,overwrought,"잔뜩 긴장한, 몹시 걱정하는",https://quizlet.com/kr/1208394308/%EA%B1%B0%EB%A7%8C%EC%96%B4-100-day-19-flash-cards
d19-075,19,pacify,"달래다, 진정시키다",https://quizlet.com/kr/1208394308/%EA%B1%B0%EB%A7%8C%EC%96%B4-100-day-19-flash-cards
d19-076,19,painstaking,"면밀한, 철저한; 애쓰는, 수고하는
meticulous",https://quizlet.com/kr/1208394308/%EA%B1%B0%EB%A7%8C%EC%96%B4-100-day-19-flash-cards
d19-077,19,palatable,"맛있는; 마음에 드는, 구미에 맞는",https://quizlet.com/kr/1208394308/%EA%B1%B0%EB%A7%8C%EC%96%B4-100-day-19-flash-cards
d19-078,19,palliate,"(병을 치료하지는 않고) 증상만 완화시키다; (두려움이나 의심을) 줄여주다, 완화시키다
allay",https://quizlet.com/kr/1208394308/%EA%B1%B0%EB%A7%8C%EC%96%B4-100-day-19-flash-cards
d19-079,19,palliative,(병 · 아픔을) 완화하는; (병 · 아픔의) 완화제,https://quizlet.com/kr/1208394308/%EA%B1%B0%EB%A7%8C%EC%96%B4-100-day-19-flash-cards
d19-080,19,pallid,(얼굴) 창백한,https://quizlet.com/kr/1208394308/%EA%B1%B0%EB%A7%8C%EC%96%B4-100-day-19-flash-cards
d19-081,19,palpable,"느껴서 알 수 있는; 명백한, 뚜렷한",https://quizlet.com/kr/1208394308/%EA%B1%B0%EB%A7%8C%EC%96%B4-100-day-19-flash-cards
d19-082,19,palpitate,(심장) 빠르게 뛰다,https://quizlet.com/kr/1208394308/%EA%B1%B0%EB%A7%8C%EC%96%B4-100-day-19-flash-cards
d19-083,19,palter,"둘러대다, 얼버무리다, 속이다",https://quizlet.com/kr/1208394308/%EA%B1%B0%EB%A7%8C%EC%96%B4-100-day-19-flash-cards
d19-084,19,paltry,"(양) 쥐꼬리만한, 얼마 안되는, 시시한, 하찮은
meager",https://quizlet.com/kr/1208394308/%EA%B1%B0%EB%A7%8C%EC%96%B4-100-day-19-flash-cards
d19-085,19,pan,혹평하다; 혹평,https://quizlet.com/kr/1208394308/%EA%B1%B0%EB%A7%8C%EC%96%B4-100-day-19-flash-cards
d19-086,19,panacea,"만병통치약
cure-all",https://quizlet.com/kr/1208394308/%EA%B1%B0%EB%A7%8C%EC%96%B4-100-day-19-flash-cards
d19-087,19,panache,"당당한 태도, 품격, 기백, 과시",https://quizlet.com/kr/1208394308/%EA%B1%B0%EB%A7%8C%EC%96%B4-100-day-19-flash-cards
d19-088,19,pandemonium,"대혼란, 아수라장",https://quizlet.com/kr/1208394308/%EA%B1%B0%EB%A7%8C%EC%96%B4-100-day-19-flash-cards
d19-089,19,panegyric,"칭송, 찬양",https://quizlet.com/kr/1208394308/%EA%B1%B0%EB%A7%8C%EC%96%B4-100-day-19-flash-cards
d19-090,19,panoply,"(많은 수의 인상적인) 모음[집합]; 화려함, 장식, 화려한 차림새",https://quizlet.com/kr/1208394308/%EA%B1%B0%EB%A7%8C%EC%96%B4-100-day-19-flash-cards
d19-091,19,paradigm,전형; 범례,https://quizlet.com/kr/1208394308/%EA%B1%B0%EB%A7%8C%EC%96%B4-100-day-19-flash-cards
d19-092,19,paradox,역설,https://quizlet.com/kr/1208394308/%EA%B1%B0%EB%A7%8C%EC%96%B4-100-day-19-flash-cards
d19-093,19,paragon,"(사람, 사물) 완벽한 예, 전형, 모범",https://quizlet.com/kr/1208394308/%EA%B1%B0%EB%A7%8C%EC%96%B4-100-day-19-flash-cards
d19-094,19,parallel,"1. 평행한
2. 유사한 것 counterpart
3. 유사하다",https://quizlet.com/kr/1208394308/%EA%B1%B0%EB%A7%8C%EC%96%B4-100-day-19-flash-cards
d19-095,19,paralyze,마비시키다,https://quizlet.com/kr/1208394308/%EA%B1%B0%EB%A7%8C%EC%96%B4-100-day-19-flash-cards
d19-096,19,paramount,가장 중요한; 최고의,https://quizlet.com/kr/1208394308/%EA%B1%B0%EB%A7%8C%EC%96%B4-100-day-19-flash-cards
d19-097,19,paranoid,"편집증의, 지나치게 의심하는",https://quizlet.com/kr/1208394308/%EA%B1%B0%EB%A7%8C%EC%96%B4-100-day-19-flash-cards
d19-098,19,pariah,"사회적으로 경멸받고 따돌림 당하는 사람, 추방자",https://quizlet.com/kr/1208394308/%EA%B1%B0%EB%A7%8C%EC%96%B4-100-day-19-flash-cards
d19-099,19,parity,"동등, 동격, 동량",https://quizlet.com/kr/1208394308/%EA%B1%B0%EB%A7%8C%EC%96%B4-100-day-19-flash-cards
d19-100,19,parochial,"편협한, 지역주의적인
insular",https://quizlet.com/kr/1208394308/%EA%B1%B0%EB%A7%8C%EC%96%B4-100-day-19-flash-cards
d20-001,20,paroxysm,"갑작스런 발작, 감정의 폭발",https://quizlet.com/kr/1208394383/%EA%B1%B0%EB%A7%8C%EC%96%B4-100-day-20-flash-cards
d20-002,20,parry,"(무기, 공격 등) 쳐내다, 막다; (대답 등) 회피하다",https://quizlet.com/kr/1208394383/%EA%B1%B0%EB%A7%8C%EC%96%B4-100-day-20-flash-cards
d20-003,20,parsimony,인색함,https://quizlet.com/kr/1208394383/%EA%B1%B0%EB%A7%8C%EC%96%B4-100-day-20-flash-cards
d20-004,20,partisan,열렬한 지지자 (당원); 편파적인,https://quizlet.com/kr/1208394383/%EA%B1%B0%EB%A7%8C%EC%96%B4-100-day-20-flash-cards
d20-005,20,pastiche,"1. 혼합물, 파스티셰(그림 등이 여러 스타일을 혼합한 작품) hodgepodge
2. 모방작품",https://quizlet.com/kr/1208394383/%EA%B1%B0%EB%A7%8C%EC%96%B4-100-day-20-flash-cards
d20-006,20,pastoral,전원적인,https://quizlet.com/kr/1208394383/%EA%B1%B0%EB%A7%8C%EC%96%B4-100-day-20-flash-cards
d20-007,20,patchwork,"그러모은 것, 잡동사니
hodgepodge",https://quizlet.com/kr/1208394383/%EA%B1%B0%EB%A7%8C%EC%96%B4-100-day-20-flash-cards
d20-008,20,patent,"명백한, 눈에 띄는; 특허",https://quizlet.com/kr/1208394383/%EA%B1%B0%EB%A7%8C%EC%96%B4-100-day-20-flash-cards
d20-009,20,pathogen,"병원균, 병원체",https://quizlet.com/kr/1208394383/%EA%B1%B0%EB%A7%8C%EC%96%B4-100-day-20-flash-cards
d20-010,20,pathological,"병적인; 병의, 병에 의한; 병리학의",https://quizlet.com/kr/1208394383/%EA%B1%B0%EB%A7%8C%EC%96%B4-100-day-20-flash-cards
d20-011,20,patronize,"후원하다; 단골이 되다; 가르치려 들다, 깔보는 듯한 태도로 대하다, 아랫사람 대하듯 하다, 생색내다",https://quizlet.com/kr/1208394383/%EA%B1%B0%EB%A7%8C%EC%96%B4-100-day-20-flash-cards
d20-012,20,paucity,"소량, 결핍, 부족
dearth",https://quizlet.com/kr/1208394383/%EA%B1%B0%EB%A7%8C%EC%96%B4-100-day-20-flash-cards
d20-013,20,peccadillo,"가벼운 죄, 사소한 실수",https://quizlet.com/kr/1208394383/%EA%B1%B0%EB%A7%8C%EC%96%B4-100-day-20-flash-cards
d20-014,20,pecuniary,"금전적인, 금전상의
economic",https://quizlet.com/kr/1208394383/%EA%B1%B0%EB%A7%8C%EC%96%B4-100-day-20-flash-cards
d20-015,20,pedagogue,선생님; 교육자; 남을 가르치기 좋아하는 사람,https://quizlet.com/kr/1208394383/%EA%B1%B0%EB%A7%8C%EC%96%B4-100-day-20-flash-cards
d20-016,20,pedantic,"현학적인, 아는척 하는; 규칙에 목메는 (세세한 것에 얽매이는)",https://quizlet.com/kr/1208394383/%EA%B1%B0%EB%A7%8C%EC%96%B4-100-day-20-flash-cards
d20-017,20,pedestrian,"상상력이나 재미가 없는
banal",https://quizlet.com/kr/1208394383/%EA%B1%B0%EB%A7%8C%EC%96%B4-100-day-20-flash-cards
d20-018,20,pedigree,"유래, 기원, 역사
origin",https://quizlet.com/kr/1208394383/%EA%B1%B0%EB%A7%8C%EC%96%B4-100-day-20-flash-cards
d20-019,20,peerless,"적수가 없는, 최고의",https://quizlet.com/kr/1208394383/%EA%B1%B0%EB%A7%8C%EC%96%B4-100-day-20-flash-cards
d20-020,20,peeve,화나게 하다,https://quizlet.com/kr/1208394383/%EA%B1%B0%EB%A7%8C%EC%96%B4-100-day-20-flash-cards
d20-021,20,peevish,"화, 짜증을 잘 내는",https://quizlet.com/kr/1208394383/%EA%B1%B0%EB%A7%8C%EC%96%B4-100-day-20-flash-cards
d20-022,20,pejorative,"경멸적인, 비난적인",https://quizlet.com/kr/1208394383/%EA%B1%B0%EB%A7%8C%EC%96%B4-100-day-20-flash-cards
d20-023,20,pell-mell,"황급히, 허둥지둥",https://quizlet.com/kr/1208394383/%EA%B1%B0%EB%A7%8C%EC%96%B4-100-day-20-flash-cards
d20-024,20,pellucid,"1. 투명한 limpid
2. 명쾌한, 명료한",https://quizlet.com/kr/1208394383/%EA%B1%B0%EB%A7%8C%EC%96%B4-100-day-20-flash-cards
d20-025,20,penchant,"강한 기호, 경향, 좋아함
predilection",https://quizlet.com/kr/1208394383/%EA%B1%B0%EB%A7%8C%EC%96%B4-100-day-20-flash-cards
d20-026,20,penetrate,"관통하다, 꿰뚫다; (사실, 진리) 간파하다, 통찰하다, 이해하다",https://quizlet.com/kr/1208394383/%EA%B1%B0%EB%A7%8C%EC%96%B4-100-day-20-flash-cards
d20-027,20,penitent,"참회하는, 뉘우치는; 참회하는 사람, 회개자",https://quizlet.com/kr/1208394383/%EA%B1%B0%EB%A7%8C%EC%96%B4-100-day-20-flash-cards
d20-028,20,pensive,깊은 생각에 잠긴,https://quizlet.com/kr/1208394383/%EA%B1%B0%EB%A7%8C%EC%96%B4-100-day-20-flash-cards
d20-029,20,penury,(지독한) 가난; 결핍,https://quizlet.com/kr/1208394383/%EA%B1%B0%EB%A7%8C%EC%96%B4-100-day-20-flash-cards
d20-030,20,pep,"활기, 원기, 활력",https://quizlet.com/kr/1208394383/%EA%B1%B0%EB%A7%8C%EC%96%B4-100-day-20-flash-cards
d20-031,20,perceive,"감지하다, 인지하다, 인식하다, 이해하다",https://quizlet.com/kr/1208394383/%EA%B1%B0%EB%A7%8C%EC%96%B4-100-day-20-flash-cards
d20-032,20,perceptive,"통찰력(직관력) 있는; 지각의
discerning",https://quizlet.com/kr/1208394383/%EA%B1%B0%EB%A7%8C%EC%96%B4-100-day-20-flash-cards
d20-033,20,percolate,스며들다,https://quizlet.com/kr/1208394383/%EA%B1%B0%EB%A7%8C%EC%96%B4-100-day-20-flash-cards
d20-034,20,peregrination,"긴 여행, (느리고 긴) 여정",https://quizlet.com/kr/1208394383/%EA%B1%B0%EB%A7%8C%EC%96%B4-100-day-20-flash-cards
d20-035,20,peremptory,"단호한, 지엄한; 위압적인, 독단적인
imperious",https://quizlet.com/kr/1208394383/%EA%B1%B0%EB%A7%8C%EC%96%B4-100-day-20-flash-cards
d20-036,20,perennial,"지속적인, 영원한
long-standing",https://quizlet.com/kr/1208394383/%EA%B1%B0%EB%A7%8C%EC%96%B4-100-day-20-flash-cards
d20-037,20,perfidy,"배신, 속임",https://quizlet.com/kr/1208394383/%EA%B1%B0%EB%A7%8C%EC%96%B4-100-day-20-flash-cards
d20-038,20,perforate,구멍 뚫다,https://quizlet.com/kr/1208394383/%EA%B1%B0%EB%A7%8C%EC%96%B4-100-day-20-flash-cards
d20-039,20,perforce,"부득불, 어쩔 수 없이, 필연적으로",https://quizlet.com/kr/1208394383/%EA%B1%B0%EB%A7%8C%EC%96%B4-100-day-20-flash-cards
d20-040,20,perfunctory,"형식적인, 기계적인, 성의 없는
cursory",https://quizlet.com/kr/1208394383/%EA%B1%B0%EB%A7%8C%EC%96%B4-100-day-20-flash-cards
d20-041,20,perimeter,"주변, 주위; 한계, 한도",https://quizlet.com/kr/1208394383/%EA%B1%B0%EB%A7%8C%EC%96%B4-100-day-20-flash-cards
d20-042,20,peripatetic,"순회하는, 돌아다니는
itinerant",https://quizlet.com/kr/1208394383/%EA%B1%B0%EB%A7%8C%EC%96%B4-100-day-20-flash-cards
d20-043,20,peripheral,"주변부의, 중요하지 않은
marginal",https://quizlet.com/kr/1208394383/%EA%B1%B0%EB%A7%8C%EC%96%B4-100-day-20-flash-cards
d20-044,20,periphrasis,"완곡어법
circumlocution",https://quizlet.com/kr/1208394383/%EA%B1%B0%EB%A7%8C%EC%96%B4-100-day-20-flash-cards
d20-045,20,perjury,위증죄,https://quizlet.com/kr/1208394383/%EA%B1%B0%EB%A7%8C%EC%96%B4-100-day-20-flash-cards
d20-046,20,permeate,"스며들다, 침투하다",https://quizlet.com/kr/1208394383/%EA%B1%B0%EB%A7%8C%EC%96%B4-100-day-20-flash-cards
d20-047,20,permute,"변경하다, 순서를 바꾸다",https://quizlet.com/kr/1208394383/%EA%B1%B0%EB%A7%8C%EC%96%B4-100-day-20-flash-cards
d20-048,20,pernicious,"치명적인, 해로운",https://quizlet.com/kr/1208394383/%EA%B1%B0%EB%A7%8C%EC%96%B4-100-day-20-flash-cards
d20-049,20,perpetrate,"(범죄, 과실, 실책) 범하다, 저지르다",https://quizlet.com/kr/1208394383/%EA%B1%B0%EB%A7%8C%EC%96%B4-100-day-20-flash-cards
d20-050,20,perpetual,영원한,https://quizlet.com/kr/1208394383/%EA%B1%B0%EB%A7%8C%EC%96%B4-100-day-20-flash-cards
d20-051,20,perpetuate,"영속하게 하다, 불멸하게 하다",https://quizlet.com/kr/1208394383/%EA%B1%B0%EB%A7%8C%EC%96%B4-100-day-20-flash-cards
d20-052,20,perplex,"혼란, 당혹스럽게 하다",https://quizlet.com/kr/1208394383/%EA%B1%B0%EB%A7%8C%EC%96%B4-100-day-20-flash-cards
d20-053,20,perquisite,"(직위로 인해 얻는, 급료 이외의) 특전",https://quizlet.com/kr/1208394383/%EA%B1%B0%EB%A7%8C%EC%96%B4-100-day-20-flash-cards
d20-054,20,persecute,"(특히 인종, 종교, 정치적 이유로) 박해하다; 귀찮게(못살게) 굴다",https://quizlet.com/kr/1208394383/%EA%B1%B0%EB%A7%8C%EC%96%B4-100-day-20-flash-cards
d20-055,20,perservere,"인내하다, 견디다",https://quizlet.com/kr/1208394383/%EA%B1%B0%EB%A7%8C%EC%96%B4-100-day-20-flash-cards
d20-056,20,persistent,"끈질긴, 집요한; 지속하는",https://quizlet.com/kr/1208394383/%EA%B1%B0%EB%A7%8C%EC%96%B4-100-day-20-flash-cards
d20-057,20,personable,매력적인,https://quizlet.com/kr/1208394383/%EA%B1%B0%EB%A7%8C%EC%96%B4-100-day-20-flash-cards
d20-058,20,personify,~을 전형적으로 보여주다; 의인화하다,https://quizlet.com/kr/1208394383/%EA%B1%B0%EB%A7%8C%EC%96%B4-100-day-20-flash-cards
d20-059,20,perspective,"관점, 시각; 원근법",https://quizlet.com/kr/1208394383/%EA%B1%B0%EB%A7%8C%EC%96%B4-100-day-20-flash-cards
d20-060,20,perspicacious,"통찰력 있는, 명민한",https://quizlet.com/kr/1208394383/%EA%B1%B0%EB%A7%8C%EC%96%B4-100-day-20-flash-cards
d20-061,20,perspicuous,"명확한, 명료한",https://quizlet.com/kr/1208394383/%EA%B1%B0%EB%A7%8C%EC%96%B4-100-day-20-flash-cards
d20-062,20,pertain,"관계 있다, 적합하다, 적용되다(to); (특정한 상황, 때에) 존재하다",https://quizlet.com/kr/1208394383/%EA%B1%B0%EB%A7%8C%EC%96%B4-100-day-20-flash-cards
d20-063,20,pertinacious,"끈질긴, 끈덕진, 완고한, 고집센",https://quizlet.com/kr/1208394383/%EA%B1%B0%EB%A7%8C%EC%96%B4-100-day-20-flash-cards
d20-064,20,pertinent,"관련된, 적절한
material",https://quizlet.com/kr/1208394383/%EA%B1%B0%EB%A7%8C%EC%96%B4-100-day-20-flash-cards
d20-065,20,perturb,"마음을 동요시키다
discompose",https://quizlet.com/kr/1208394383/%EA%B1%B0%EB%A7%8C%EC%96%B4-100-day-20-flash-cards
d20-066,20,pervade,"온통 가득하다, 퍼지다",https://quizlet.com/kr/1208394383/%EA%B1%B0%EB%A7%8C%EC%96%B4-100-day-20-flash-cards
d20-067,20,pervasive,"퍼지는, 만연하는
ubiquitous",https://quizlet.com/kr/1208394383/%EA%B1%B0%EB%A7%8C%EC%96%B4-100-day-20-flash-cards
d20-068,20,pester,"괴롭히다, 끈덕지게 조르다",https://quizlet.com/kr/1208394383/%EA%B1%B0%EB%A7%8C%EC%96%B4-100-day-20-flash-cards
d20-069,20,petrify,"아연실색케 하다, 망연자실하게 하다",https://quizlet.com/kr/1208394383/%EA%B1%B0%EB%A7%8C%EC%96%B4-100-day-20-flash-cards
d20-070,20,petulant,"(사람이나 행동이) 심술 부리는, 화 잘 내는",https://quizlet.com/kr/1208394383/%EA%B1%B0%EB%A7%8C%EC%96%B4-100-day-20-flash-cards
d20-071,20,phenomenal,"경이로운, 대단한; 경험으로 알 수 있는, 현상의",https://quizlet.com/kr/1208394383/%EA%B1%B0%EB%A7%8C%EC%96%B4-100-day-20-flash-cards
d20-072,20,philanthropy,"박애주의
largesse",https://quizlet.com/kr/1208394383/%EA%B1%B0%EB%A7%8C%EC%96%B4-100-day-20-flash-cards
d20-073,20,phlegmatic,"감정을 잘 드러내지 않는, 침착한, 냉정한, 점액질의
stolid",https://quizlet.com/kr/1208394383/%EA%B1%B0%EB%A7%8C%EC%96%B4-100-day-20-flash-cards
d20-074,20,phony,"가짜의, 모조품의; 사기꾼, 모조품",https://quizlet.com/kr/1208394383/%EA%B1%B0%EB%A7%8C%EC%96%B4-100-day-20-flash-cards
d20-075,20,piecemeal,"조금씩 하는, 단편적인, 체계적이지 않은",https://quizlet.com/kr/1208394383/%EA%B1%B0%EB%A7%8C%EC%96%B4-100-day-20-flash-cards
d20-076,20,pigeonhole,분류하다,https://quizlet.com/kr/1208394383/%EA%B1%B0%EB%A7%8C%EC%96%B4-100-day-20-flash-cards
d20-077,20,pilfer,훔치다,https://quizlet.com/kr/1208394383/%EA%B1%B0%EB%A7%8C%EC%96%B4-100-day-20-flash-cards
d20-078,20,pillory,"공개적으로 조롱하다, 공격하다",https://quizlet.com/kr/1208394383/%EA%B1%B0%EB%A7%8C%EC%96%B4-100-day-20-flash-cards
d20-079,20,pine,그리워하다; (그리움으로) 수척해지다,https://quizlet.com/kr/1208394383/%EA%B1%B0%EB%A7%8C%EC%96%B4-100-day-20-flash-cards
d20-080,20,pinion,"손발을 묶다, 구속/속박하다",https://quizlet.com/kr/1208394383/%EA%B1%B0%EB%A7%8C%EC%96%B4-100-day-20-flash-cards
d20-081,20,pinnacle,"절정, 전성기, 정상",https://quizlet.com/kr/1208394383/%EA%B1%B0%EB%A7%8C%EC%96%B4-100-day-20-flash-cards
d20-082,20,pious,"신실한, 경건한; 신실한 척하는",https://quizlet.com/kr/1208394383/%EA%B1%B0%EB%A7%8C%EC%96%B4-100-day-20-flash-cards
d20-083,20,piquant,"매콤하게 맛있는; 짜릿한, 흥미진진한",https://quizlet.com/kr/1208394383/%EA%B1%B0%EB%A7%8C%EC%96%B4-100-day-20-flash-cards
d20-084,20,pique,(호기심과 흥미를) 자극하다; 화나게 하다,https://quizlet.com/kr/1208394383/%EA%B1%B0%EB%A7%8C%EC%96%B4-100-day-20-flash-cards
d20-085,20,pit against,"싸우게 하다, 겨루게 하다, (~와) 대항시키다",https://quizlet.com/kr/1208394383/%EA%B1%B0%EB%A7%8C%EC%96%B4-100-day-20-flash-cards
d20-086,20,pitfall,"함정, 숨겨진 위험",https://quizlet.com/kr/1208394383/%EA%B1%B0%EB%A7%8C%EC%96%B4-100-day-20-flash-cards
d20-087,20,pithy,간결한,https://quizlet.com/kr/1208394383/%EA%B1%B0%EB%A7%8C%EC%96%B4-100-day-20-flash-cards
d20-088,20,pittance,"아주 적은 용돈, 수당, 보상",https://quizlet.com/kr/1208394383/%EA%B1%B0%EB%A7%8C%EC%96%B4-100-day-20-flash-cards
d20-089,20,placate,달래다,https://quizlet.com/kr/1208394383/%EA%B1%B0%EB%A7%8C%EC%96%B4-100-day-20-flash-cards
d20-090,20,placid,"평온한, 고요한, 차분한
complacency (noun)",https://quizlet.com/kr/1208394383/%EA%B1%B0%EB%A7%8C%EC%96%B4-100-day-20-flash-cards
d20-091,20,plagiarism,표절,https://quizlet.com/kr/1208394383/%EA%B1%B0%EB%A7%8C%EC%96%B4-100-day-20-flash-cards
d20-092,20,plague,괴롭히다,https://quizlet.com/kr/1208394383/%EA%B1%B0%EB%A7%8C%EC%96%B4-100-day-20-flash-cards
d20-093,20,plaintive,"슬픈, 불쌍한, 애처로운",https://quizlet.com/kr/1208394383/%EA%B1%B0%EB%A7%8C%EC%96%B4-100-day-20-flash-cards
d20-094,20,plastic,"변형이 쉬운, 형태를 만들기 쉬운, 가소성이 있는
ductile",https://quizlet.com/kr/1208394383/%EA%B1%B0%EB%A7%8C%EC%96%B4-100-day-20-flash-cards
d20-095,20,platitude,진부한 말; 진부함,https://quizlet.com/kr/1208394383/%EA%B1%B0%EB%A7%8C%EC%96%B4-100-day-20-flash-cards
d20-096,20,plaudit,"박수, 찬양, 갈채",https://quizlet.com/kr/1208394383/%EA%B1%B0%EB%A7%8C%EC%96%B4-100-day-20-flash-cards
d20-097,20,plausible,그럴듯한,https://quizlet.com/kr/1208394383/%EA%B1%B0%EB%A7%8C%EC%96%B4-100-day-20-flash-cards
d20-098,20,plead,"간청하다; 변호하다, 변론하다; 항변하다; (소송 사실 등을) 말하다",https://quizlet.com/kr/1208394383/%EA%B1%B0%EB%A7%8C%EC%96%B4-100-day-20-flash-cards
d20-099,20,plebeian,"평민의, 천한
humble",https://quizlet.com/kr/1208394383/%EA%B1%B0%EB%A7%8C%EC%96%B4-100-day-20-flash-cards
d20-100,20,plentitude,풍성함,https://quizlet.com/kr/1208394383/%EA%B1%B0%EB%A7%8C%EC%96%B4-100-day-20-flash-cards
d21-001,21,plethora,"초과, 과다
surfeit, profusion",https://quizlet.com/kr/1208394462/%EA%B1%B0%EB%A7%8C%EC%96%B4-100-day-21-flash-cards
d21-002,21,pliant,모양이 잘 휘는; 고분고분한,https://quizlet.com/kr/1208394462/%EA%B1%B0%EB%A7%8C%EC%96%B4-100-day-21-flash-cards
d21-003,21,plod,"터벅터벅 걷다, 힘겹게 걷다; 열심히 꾸준히 일하다",https://quizlet.com/kr/1208394462/%EA%B1%B0%EB%A7%8C%EC%96%B4-100-day-21-flash-cards
d21-004,21,plot,"음모; (극, 이야기) 구성, 플롯",https://quizlet.com/kr/1208394462/%EA%B1%B0%EB%A7%8C%EC%96%B4-100-day-21-flash-cards
d21-005,21,plucky,용감한,https://quizlet.com/kr/1208394462/%EA%B1%B0%EB%A7%8C%EC%96%B4-100-day-21-flash-cards
d21-006,21,plumb,"1. 면밀히 조사하다 fathom
2. 깊이를 재다",https://quizlet.com/kr/1208394462/%EA%B1%B0%EB%A7%8C%EC%96%B4-100-day-21-flash-cards
d21-007,21,plummet,"수직으로 떨어지다, 급락하다",https://quizlet.com/kr/1208394462/%EA%B1%B0%EB%A7%8C%EC%96%B4-100-day-21-flash-cards
d21-008,21,plunder,"약탈하다, 훔치다",https://quizlet.com/kr/1208394462/%EA%B1%B0%EB%A7%8C%EC%96%B4-100-day-21-flash-cards
d21-009,21,poach,(불법 침입하여) 밀렵하다; (불법적으로) 침입하다,https://quizlet.com/kr/1208394462/%EA%B1%B0%EB%A7%8C%EC%96%B4-100-day-21-flash-cards
d21-010,21,poignant,"마음에 사무치는, 슬픔과 후회를 자아내는",https://quizlet.com/kr/1208394462/%EA%B1%B0%EB%A7%8C%EC%96%B4-100-day-21-flash-cards
d21-011,21,poised,"차분한, 침착한; (to 부정사) ~할 태세를 갖추다",https://quizlet.com/kr/1208394462/%EA%B1%B0%EB%A7%8C%EC%96%B4-100-day-21-flash-cards
d21-012,21,polarity,"양극성, 극과 극으로 다름",https://quizlet.com/kr/1208394462/%EA%B1%B0%EB%A7%8C%EC%96%B4-100-day-21-flash-cards
d21-013,21,polarize,"양극화하다, 분열시키다",https://quizlet.com/kr/1208394462/%EA%B1%B0%EB%A7%8C%EC%96%B4-100-day-21-flash-cards
d21-014,21,polemical,"논쟁적인, 격론을 벌이는
contentious",https://quizlet.com/kr/1208394462/%EA%B1%B0%EB%A7%8C%EC%96%B4-100-day-21-flash-cards
d21-015,21,politic,"현명한, 분별력 있는",https://quizlet.com/kr/1208394462/%EA%B1%B0%EB%A7%8C%EC%96%B4-100-day-21-flash-cards
d21-016,21,polymath,박식한 사람,https://quizlet.com/kr/1208394462/%EA%B1%B0%EB%A7%8C%EC%96%B4-100-day-21-flash-cards
d21-017,21,pompous,"(태도, 말) 오만한, 거만한, 과장된",https://quizlet.com/kr/1208394462/%EA%B1%B0%EB%A7%8C%EC%96%B4-100-day-21-flash-cards
d21-018,21,ponder,심사숙고하다,https://quizlet.com/kr/1208394462/%EA%B1%B0%EB%A7%8C%EC%96%B4-100-day-21-flash-cards
d21-019,21,ponderous,"무거운, 육중한; 지루한",https://quizlet.com/kr/1208394462/%EA%B1%B0%EB%A7%8C%EC%96%B4-100-day-21-flash-cards
d21-020,21,pontificate,"오만하고 독단적으로 말하다, 거들먹거리며 말하다",https://quizlet.com/kr/1208394462/%EA%B1%B0%EB%A7%8C%EC%96%B4-100-day-21-flash-cards
d21-021,21,pool,"(자금, 정보 등을) 공동 출자하다; ~을 공동 이권으로 하다",https://quizlet.com/kr/1208394462/%EA%B1%B0%EB%A7%8C%EC%96%B4-100-day-21-flash-cards
d21-022,21,populace,"서민, 민중",https://quizlet.com/kr/1208394462/%EA%B1%B0%EB%A7%8C%EC%96%B4-100-day-21-flash-cards
d21-023,21,populist,"대중주의적인, 대중의 이익을 대변하는",https://quizlet.com/kr/1208394462/%EA%B1%B0%EB%A7%8C%EC%96%B4-100-day-21-flash-cards
d21-024,21,porous,"다공성의, (기체, 액체) 쉽게 통과하는; 침투하기 쉬운",https://quizlet.com/kr/1208394462/%EA%B1%B0%EB%A7%8C%EC%96%B4-100-day-21-flash-cards
d21-025,21,portend,"~의 전조가 되다, ~을 예고하다
predict, presage",https://quizlet.com/kr/1208394462/%EA%B1%B0%EB%A7%8C%EC%96%B4-100-day-21-flash-cards
d21-026,21,portentous,"불길한 징후가 되는; 거들먹거리는, 허세부리는",https://quizlet.com/kr/1208394462/%EA%B1%B0%EB%A7%8C%EC%96%B4-100-day-21-flash-cards
d21-027,21,poseur,"허세부리는 사람, 젠체하는 사람",https://quizlet.com/kr/1208394462/%EA%B1%B0%EB%A7%8C%EC%96%B4-100-day-21-flash-cards
d21-028,21,posit,"가정하다, 당연하게 여기다",https://quizlet.com/kr/1208394462/%EA%B1%B0%EB%A7%8C%EC%96%B4-100-day-21-flash-cards
d21-029,21,postulate,"가정하다, 가설을 세워 주장하다; 요구하다",https://quizlet.com/kr/1208394462/%EA%B1%B0%EB%A7%8C%EC%96%B4-100-day-21-flash-cards
d21-030,21,posture,"~인 척하다, 허세부리다",https://quizlet.com/kr/1208394462/%EA%B1%B0%EB%A7%8C%EC%96%B4-100-day-21-flash-cards
d21-031,21,potable,마시기에 적당한,https://quizlet.com/kr/1208394462/%EA%B1%B0%EB%A7%8C%EC%96%B4-100-day-21-flash-cards
d21-032,21,potent,"강력한, 영향력이 있는",https://quizlet.com/kr/1208394462/%EA%B1%B0%EB%A7%8C%EC%96%B4-100-day-21-flash-cards
d21-033,21,prate,(지루하게) 지껄이다,https://quizlet.com/kr/1208394462/%EA%B1%B0%EB%A7%8C%EC%96%B4-100-day-21-flash-cards
d21-034,21,preachy,"설교같은, 훈계조의, 지루한",https://quizlet.com/kr/1208394462/%EA%B1%B0%EB%A7%8C%EC%96%B4-100-day-21-flash-cards
d21-035,21,precarious,"위태로운, 불확실한
uncertain, perilous",https://quizlet.com/kr/1208394462/%EA%B1%B0%EB%A7%8C%EC%96%B4-100-day-21-flash-cards
d21-036,21,precedent,"선례, 전례",https://quizlet.com/kr/1208394462/%EA%B1%B0%EB%A7%8C%EC%96%B4-100-day-21-flash-cards
d21-037,21,precipitate,"1. 촉발시키다, 재촉하다
2. 가라앉게 하다, 침전하게 하다
3. 성급한 rash
4. (변화, 감소) 급격한",https://quizlet.com/kr/1208394462/%EA%B1%B0%EB%A7%8C%EC%96%B4-100-day-21-flash-cards
d21-038,21,precipitation,"서두르기, 허둥대기; 강수, 강우; 침전",https://quizlet.com/kr/1208394462/%EA%B1%B0%EB%A7%8C%EC%96%B4-100-day-21-flash-cards
d21-039,21,precipitous,"급경사의; (변화, 감소) 급격한; 성급한",https://quizlet.com/kr/1208394462/%EA%B1%B0%EB%A7%8C%EC%96%B4-100-day-21-flash-cards
d21-040,21,preclude,"배제하다, 막다
rule out, prevent",https://quizlet.com/kr/1208394462/%EA%B1%B0%EB%A7%8C%EC%96%B4-100-day-21-flash-cards
d21-041,21,precocious,조숙한,https://quizlet.com/kr/1208394462/%EA%B1%B0%EB%A7%8C%EC%96%B4-100-day-21-flash-cards
d21-042,21,preconception,"선입견, 편견",https://quizlet.com/kr/1208394462/%EA%B1%B0%EB%A7%8C%EC%96%B4-100-day-21-flash-cards
d21-043,21,precursor,"선구자, 선행하는 것; 불길한 징조, 전조",https://quizlet.com/kr/1208394462/%EA%B1%B0%EB%A7%8C%EC%96%B4-100-day-21-flash-cards
d21-044,21,predate,"선행하다, 앞서다",https://quizlet.com/kr/1208394462/%EA%B1%B0%EB%A7%8C%EC%96%B4-100-day-21-flash-cards
d21-045,21,predation,"포식, 약탈
rapacity",https://quizlet.com/kr/1208394462/%EA%B1%B0%EB%A7%8C%EC%96%B4-100-day-21-flash-cards
d21-046,21,predecessor,"선구자, 선행하는 것",https://quizlet.com/kr/1208394462/%EA%B1%B0%EB%A7%8C%EC%96%B4-100-day-21-flash-cards
d21-047,21,predestined,운명 지어진,https://quizlet.com/kr/1208394462/%EA%B1%B0%EB%A7%8C%EC%96%B4-100-day-21-flash-cards
d21-048,21,predicament,"곤경, 궁지",https://quizlet.com/kr/1208394462/%EA%B1%B0%EB%A7%8C%EC%96%B4-100-day-21-flash-cards
d21-049,21,predicate,"기초를 두다, 기반을 두다, 전제하다; (문법) 서술어부, 술부(의)",https://quizlet.com/kr/1208394462/%EA%B1%B0%EB%A7%8C%EC%96%B4-100-day-21-flash-cards
d21-050,21,predilection,"매우 좋아함, 성향, 경향
proclivity, penchant",https://quizlet.com/kr/1208394462/%EA%B1%B0%EB%A7%8C%EC%96%B4-100-day-21-flash-cards
d21-051,21,predominant,"우세한, 지배적인, 두드러진, 뚜렷한",https://quizlet.com/kr/1208394462/%EA%B1%B0%EB%A7%8C%EC%96%B4-100-day-21-flash-cards
d21-052,21,preeminent,"탁월한, 월등한, 독보적인",https://quizlet.com/kr/1208394462/%EA%B1%B0%EB%A7%8C%EC%96%B4-100-day-21-flash-cards
d21-053,21,preempt,"선제적으로 막다; 선취하다, 선점하다",https://quizlet.com/kr/1208394462/%EA%B1%B0%EB%A7%8C%EC%96%B4-100-day-21-flash-cards
d21-054,21,preemptive,선제적인; 선점할 수 있는,https://quizlet.com/kr/1208394462/%EA%B1%B0%EB%A7%8C%EC%96%B4-100-day-21-flash-cards
d21-055,21,prefigure,"1. 예시하다, 미리 보여주다, 전조가 되다 anticipate
2. 예상하다",https://quizlet.com/kr/1208394462/%EA%B1%B0%EB%A7%8C%EC%96%B4-100-day-21-flash-cards
d21-056,21,premeditated,미리 계획된,https://quizlet.com/kr/1208394462/%EA%B1%B0%EB%A7%8C%EC%96%B4-100-day-21-flash-cards
d21-057,21,preoccupied,"몰두한, (다른 일에) 마음을 빼앗긴",https://quizlet.com/kr/1208394462/%EA%B1%B0%EB%A7%8C%EC%96%B4-100-day-21-flash-cards
d21-058,21,preponderant,"우세한, 압도적인, 능가하는",https://quizlet.com/kr/1208394462/%EA%B1%B0%EB%A7%8C%EC%96%B4-100-day-21-flash-cards
d21-059,21,prepossessing,매력있는,https://quizlet.com/kr/1208394462/%EA%B1%B0%EB%A7%8C%EC%96%B4-100-day-21-flash-cards
d21-060,21,preposterous,"비상식적인, 터무니없는",https://quizlet.com/kr/1208394462/%EA%B1%B0%EB%A7%8C%EC%96%B4-100-day-21-flash-cards
d21-061,21,prerequisite,"전제조건, 필수과목, 선행조건; 사전에 필요한",https://quizlet.com/kr/1208394462/%EA%B1%B0%EB%A7%8C%EC%96%B4-100-day-21-flash-cards
d21-062,21,prerogative,특권,https://quizlet.com/kr/1208394462/%EA%B1%B0%EB%A7%8C%EC%96%B4-100-day-21-flash-cards
d21-063,21,presage,"1. 전조가 되다, 예언하다 portend, foretell
2. 전조",https://quizlet.com/kr/1208394462/%EA%B1%B0%EB%A7%8C%EC%96%B4-100-day-21-flash-cards
d21-064,21,prescience,"예지력; 통찰력
foresight",https://quizlet.com/kr/1208394462/%EA%B1%B0%EB%A7%8C%EC%96%B4-100-day-21-flash-cards
d21-065,21,prescribe,"규정하다, 명령하다; 처방하다",https://quizlet.com/kr/1208394462/%EA%B1%B0%EB%A7%8C%EC%96%B4-100-day-21-flash-cards
d21-066,21,preservative,방부제,https://quizlet.com/kr/1208394462/%EA%B1%B0%EB%A7%8C%EC%96%B4-100-day-21-flash-cards
d21-067,21,pressing,"시급한, 긴급한
exigent, critical",https://quizlet.com/kr/1208394462/%EA%B1%B0%EB%A7%8C%EC%96%B4-100-day-21-flash-cards
d21-068,21,presume,"전제하다, 추정하다; 주제넘게 ~하다",https://quizlet.com/kr/1208394462/%EA%B1%B0%EB%A7%8C%EC%96%B4-100-day-21-flash-cards
d21-069,21,presumptous,"건방진, 주제넘은
impertinent",https://quizlet.com/kr/1208394462/%EA%B1%B0%EB%A7%8C%EC%96%B4-100-day-21-flash-cards
d21-070,21,pretentious,"허세부리는, 과시하는",https://quizlet.com/kr/1208394462/%EA%B1%B0%EB%A7%8C%EC%96%B4-100-day-21-flash-cards
d21-071,21,preternatural,"비상한, 비범한; 초자연적인
prodigious",https://quizlet.com/kr/1208394462/%EA%B1%B0%EB%A7%8C%EC%96%B4-100-day-21-flash-cards
d21-072,21,pretext,"핑계, 구실",https://quizlet.com/kr/1208394462/%EA%B1%B0%EB%A7%8C%EC%96%B4-100-day-21-flash-cards
d21-073,21,prevailing,"우세한, 지배적인, 유행하는",https://quizlet.com/kr/1208394462/%EA%B1%B0%EB%A7%8C%EC%96%B4-100-day-21-flash-cards
d21-074,21,prevalent,"일반적인, 널리 퍼져있는
widespread, extensive",https://quizlet.com/kr/1208394462/%EA%B1%B0%EB%A7%8C%EC%96%B4-100-day-21-flash-cards
d21-075,21,prevaricate,"얼버무리다, 둘러대다, 속이다",https://quizlet.com/kr/1208394462/%EA%B1%B0%EB%A7%8C%EC%96%B4-100-day-21-flash-cards
d21-076,21,prickly,"성을 잘 내는, 화를 잘 내는; 성가신, 골치 아픈, 어려운",https://quizlet.com/kr/1208394462/%EA%B1%B0%EB%A7%8C%EC%96%B4-100-day-21-flash-cards
d21-077,21,prime,"가장 중요한, 가장 우선적인; 최초의, 근간이 되는; 가장 뛰어난, 탁월한",https://quizlet.com/kr/1208394462/%EA%B1%B0%EB%A7%8C%EC%96%B4-100-day-21-flash-cards
d21-078,21,primeval,원시시대의; 본능적인,https://quizlet.com/kr/1208394462/%EA%B1%B0%EB%A7%8C%EC%96%B4-100-day-21-flash-cards
d21-079,21,primordial,"원시의, 태고의, 옛날의; 기본적인, 근본적인, 본능적인",https://quizlet.com/kr/1208394462/%EA%B1%B0%EB%A7%8C%EC%96%B4-100-day-21-flash-cards
d21-080,21,principled,"윤리적인, 규율이 있는",https://quizlet.com/kr/1208394462/%EA%B1%B0%EB%A7%8C%EC%96%B4-100-day-21-flash-cards
d21-081,21,pristine,"1. 원래 그대로의 undisturbed
2. 순수한, 오염되지 않은, 깨끗한",https://quizlet.com/kr/1208394462/%EA%B1%B0%EB%A7%8C%EC%96%B4-100-day-21-flash-cards
d21-082,21,privation,궁핍,https://quizlet.com/kr/1208394462/%EA%B1%B0%EB%A7%8C%EC%96%B4-100-day-21-flash-cards
d21-083,21,probity,"정직, 청렴",https://quizlet.com/kr/1208394462/%EA%B1%B0%EB%A7%8C%EC%96%B4-100-day-21-flash-cards
d21-084,21,proclaim,"발표하다, 공표하다, 공식적으로 주장하다
profess",https://quizlet.com/kr/1208394462/%EA%B1%B0%EB%A7%8C%EC%96%B4-100-day-21-flash-cards
d21-085,21,proclivity,"성향, 경향
predilection, disposition, affinity",https://quizlet.com/kr/1208394462/%EA%B1%B0%EB%A7%8C%EC%96%B4-100-day-21-flash-cards
d21-086,21,procrastinate,"미루다, 지연하다, 늑장부리다",https://quizlet.com/kr/1208394462/%EA%B1%B0%EB%A7%8C%EC%96%B4-100-day-21-flash-cards
d21-087,21,procreate,아이를 낳다,https://quizlet.com/kr/1208394462/%EA%B1%B0%EB%A7%8C%EC%96%B4-100-day-21-flash-cards
d21-088,21,procure,"획득하다, 입수하다, 입수해주다",https://quizlet.com/kr/1208394462/%EA%B1%B0%EB%A7%8C%EC%96%B4-100-day-21-flash-cards
d21-089,21,prodigal,"1. 낭비하는, 탕진하는 spendthrift
2. 낭비하는 사람, 돌아온 탕자",https://quizlet.com/kr/1208394462/%EA%B1%B0%EB%A7%8C%EC%96%B4-100-day-21-flash-cards
d21-090,21,prodigious,"1. 거대한, 규모가 큰 ample, voracious
2. 놀라운, 대단한 preternatural",https://quizlet.com/kr/1208394462/%EA%B1%B0%EB%A7%8C%EC%96%B4-100-day-21-flash-cards
d21-091,21,prodigy,"천재, 신동; 경이로움, 놀라운 것, 그러한 예",https://quizlet.com/kr/1208394462/%EA%B1%B0%EB%A7%8C%EC%96%B4-100-day-21-flash-cards
d21-092,21,profane,신성모독의; 세속적인; 신성을 모독하다,https://quizlet.com/kr/1208394462/%EA%B1%B0%EB%A7%8C%EC%96%B4-100-day-21-flash-cards
d21-093,21,profess,"1. (특히 사실이 아닌 것을 사실이라고) 주장하다
2. 공언하다 proclaim",https://quizlet.com/kr/1208394462/%EA%B1%B0%EB%A7%8C%EC%96%B4-100-day-21-flash-cards
d21-094,21,professed,"(거짓이지만) 공공연한; 공언하는, 공공연히 주장하는",https://quizlet.com/kr/1208394462/%EA%B1%B0%EB%A7%8C%EC%96%B4-100-day-21-flash-cards
d21-095,21,profligate,"1. 탕진하는, 낭비하는
2. 음란한, 방탕한 debauched
3. 음란하고 방탕한 사람",https://quizlet.com/kr/1208394462/%EA%B1%B0%EB%A7%8C%EC%96%B4-100-day-21-flash-cards
d21-096,21,profit monger,탐욕적인 사람,https://quizlet.com/kr/1208394462/%EA%B1%B0%EB%A7%8C%EC%96%B4-100-day-21-flash-cards
d21-097,21,profound,"(변화) 광범위한, 강력한, 철저한; (감정) 강렬한; (사람) 통찰력이 있는; (주제) 깊은",https://quizlet.com/kr/1208394462/%EA%B1%B0%EB%A7%8C%EC%96%B4-100-day-21-flash-cards
d21-098,21,profuse,"(양) 풍성한, 많은, (감사, 사과 등) 후한, 넘치는; (잎, 초목) 무성한, 풍부한",https://quizlet.com/kr/1208394462/%EA%B1%B0%EB%A7%8C%EC%96%B4-100-day-21-flash-cards
d21-099,21,prognostication,예언,https://quizlet.com/kr/1208394462/%EA%B1%B0%EB%A7%8C%EC%96%B4-100-day-21-flash-cards
d21-100,21,prohibitive,"(가격) 지나치게 비싼; 금지하는, 제한하는",https://quizlet.com/kr/1208394462/%EA%B1%B0%EB%A7%8C%EC%96%B4-100-day-21-flash-cards
d22-001,22,proliferate,"급증하다, (빠르게) 확산되다
abound",https://quizlet.com/kr/1208394531/%EA%B1%B0%EB%A7%8C%EC%96%B4-100-day-22-flash-cards
d22-002,22,prolific,"풍부한; 다작의; 다산의, 비옥한",https://quizlet.com/kr/1208394531/%EA%B1%B0%EB%A7%8C%EC%96%B4-100-day-22-flash-cards
d22-003,22,prolix,"(말이나 글이) 장황한, 지루하게 긴",https://quizlet.com/kr/1208394531/%EA%B1%B0%EB%A7%8C%EC%96%B4-100-day-22-flash-cards
d22-004,22,prominent,"1. 돌출한
2. (사물) 눈에 띄는, 두드러진 conspicuous
3. 중요한, 유명한",https://quizlet.com/kr/1208394531/%EA%B1%B0%EB%A7%8C%EC%96%B4-100-day-22-flash-cards
d22-005,22,promulgate,"널리 알리다; (법, 제도) 공표하다",https://quizlet.com/kr/1208394531/%EA%B1%B0%EB%A7%8C%EC%96%B4-100-day-22-flash-cards
d22-006,22,pronounced,"눈에 띄는, 확연한, (인상) 강한",https://quizlet.com/kr/1208394531/%EA%B1%B0%EB%A7%8C%EC%96%B4-100-day-22-flash-cards
d22-007,22,propaganda,"선전, (정치적으로 편향된) 정보, 허위보도",https://quizlet.com/kr/1208394531/%EA%B1%B0%EB%A7%8C%EC%96%B4-100-day-22-flash-cards
d22-008,22,propagate,"번식/증식시키다, 번식하다; 보급하다, 전파하다, 선전하다",https://quizlet.com/kr/1208394531/%EA%B1%B0%EB%A7%8C%EC%96%B4-100-day-22-flash-cards
d22-009,22,propensity,(특정한 행동을 하는) 경향[성향],https://quizlet.com/kr/1208394531/%EA%B1%B0%EB%A7%8C%EC%96%B4-100-day-22-flash-cards
d22-010,22,property,"재산, 소유물; (사물의) 속성, 특성",https://quizlet.com/kr/1208394531/%EA%B1%B0%EB%A7%8C%EC%96%B4-100-day-22-flash-cards
d22-011,22,prophylactic,"예방의, 예방을 위한",https://quizlet.com/kr/1208394531/%EA%B1%B0%EB%A7%8C%EC%96%B4-100-day-22-flash-cards
d22-012,22,propitiate,"비위를 맞추다, 달래다
coddle",https://quizlet.com/kr/1208394531/%EA%B1%B0%EB%A7%8C%EC%96%B4-100-day-22-flash-cards
d22-013,22,propitious,"유리한, ~하기에 좋은; 길조의",https://quizlet.com/kr/1208394531/%EA%B1%B0%EB%A7%8C%EC%96%B4-100-day-22-flash-cards
d22-014,22,proponent,지지자,https://quizlet.com/kr/1208394531/%EA%B1%B0%EB%A7%8C%EC%96%B4-100-day-22-flash-cards
d22-015,22,propound,"제시하다, 제출하다, 제기하다",https://quizlet.com/kr/1208394531/%EA%B1%B0%EB%A7%8C%EC%96%B4-100-day-22-flash-cards
d22-016,22,proprietary,"소유자의, 소유권의",https://quizlet.com/kr/1208394531/%EA%B1%B0%EB%A7%8C%EC%96%B4-100-day-22-flash-cards
d22-017,22,propriety,"예의 바름, 단정함, 예절",https://quizlet.com/kr/1208394531/%EA%B1%B0%EB%A7%8C%EC%96%B4-100-day-22-flash-cards
d22-018,22,prosaic,"진부한, 재미없는, 지겨운; 산문형식의",https://quizlet.com/kr/1208394531/%EA%B1%B0%EB%A7%8C%EC%96%B4-100-day-22-flash-cards
d22-019,22,proscribe,"(공식적으로) 금지하다
disallow",https://quizlet.com/kr/1208394531/%EA%B1%B0%EB%A7%8C%EC%96%B4-100-day-22-flash-cards
d22-020,22,prosecution,기소,https://quizlet.com/kr/1208394531/%EA%B1%B0%EB%A7%8C%EC%96%B4-100-day-22-flash-cards
d22-021,22,proselytize,개종시키다; 개종하다; (신념이나 행동을) 주창하다,https://quizlet.com/kr/1208394531/%EA%B1%B0%EB%A7%8C%EC%96%B4-100-day-22-flash-cards
d22-022,22,prospect,"전망, 가능성; (금을 찾아서) 조사하다, 시굴하다",https://quizlet.com/kr/1208394531/%EA%B1%B0%EB%A7%8C%EC%96%B4-100-day-22-flash-cards
d22-023,22,protean,"1. 변화무쌍한
2. (사람) 다재다능한, 여러 가지를 할 수 있는 versatile",https://quizlet.com/kr/1208394531/%EA%B1%B0%EB%A7%8C%EC%96%B4-100-day-22-flash-cards
d22-024,22,protract,"(시간을) 오래끌다, 연장하다",https://quizlet.com/kr/1208394531/%EA%B1%B0%EB%A7%8C%EC%96%B4-100-day-22-flash-cards
d22-025,22,protuberance,"돌출, 돌기, 융기",https://quizlet.com/kr/1208394531/%EA%B1%B0%EB%A7%8C%EC%96%B4-100-day-22-flash-cards
d22-026,22,provenance,"기원, 출처, 유래
origin",https://quizlet.com/kr/1208394531/%EA%B1%B0%EB%A7%8C%EC%96%B4-100-day-22-flash-cards
d22-027,22,provident,"현명한, 선견지명이 있는; (미래를 대비하여) 검소한",https://quizlet.com/kr/1208394531/%EA%B1%B0%EB%A7%8C%EC%96%B4-100-day-22-flash-cards
d22-028,22,providential,"시기적절한, 운이 좋은; 섭리의, 신의 뜻에 의한",https://quizlet.com/kr/1208394531/%EA%B1%B0%EB%A7%8C%EC%96%B4-100-day-22-flash-cards
d22-029,22,provincial,"지방의, 촌스러운, 세련되지 못한; 시야가 좁은, 편협한",https://quizlet.com/kr/1208394531/%EA%B1%B0%EB%A7%8C%EC%96%B4-100-day-22-flash-cards
d22-030,22,provision,"조항; 보급품, (복수형으로) 식량",https://quizlet.com/kr/1208394531/%EA%B1%B0%EB%A7%8C%EC%96%B4-100-day-22-flash-cards
d22-031,22,provisional,"임시의, 잠시의, 일시적인",https://quizlet.com/kr/1208394531/%EA%B1%B0%EB%A7%8C%EC%96%B4-100-day-22-flash-cards
d22-032,22,provoke,"(감정, 반응) 유발시키다; 화나게 하다; 자극하다",https://quizlet.com/kr/1208394531/%EA%B1%B0%EB%A7%8C%EC%96%B4-100-day-22-flash-cards
d22-033,22,prowess,"뛰어난 솜씨, 전문성; (전쟁터에서의) 용맹함",https://quizlet.com/kr/1208394531/%EA%B1%B0%EB%A7%8C%EC%96%B4-100-day-22-flash-cards
d22-034,22,proximate,"(관계, 원인, 장소, 시간) 가장 가까운; 근사값의",https://quizlet.com/kr/1208394531/%EA%B1%B0%EB%A7%8C%EC%96%B4-100-day-22-flash-cards
d22-035,22,proxy,"대리인, 대리판사",https://quizlet.com/kr/1208394531/%EA%B1%B0%EB%A7%8C%EC%96%B4-100-day-22-flash-cards
d22-036,22,prudent,"현명한, 신중한; 검소한",https://quizlet.com/kr/1208394531/%EA%B1%B0%EB%A7%8C%EC%96%B4-100-day-22-flash-cards
d22-037,22,prudish,"(성적인 것에 대하여) 고상한 체하는, 얌전떠는",https://quizlet.com/kr/1208394531/%EA%B1%B0%EB%A7%8C%EC%96%B4-100-day-22-flash-cards
d22-038,22,pry,"사적인 문제를 지나치게 캐묻다; 엿보다, 엿듣다",https://quizlet.com/kr/1208394531/%EA%B1%B0%EB%A7%8C%EC%96%B4-100-day-22-flash-cards
d22-039,22,pseudonym,"(작가) 필명, 가명",https://quizlet.com/kr/1208394531/%EA%B1%B0%EB%A7%8C%EC%96%B4-100-day-22-flash-cards
d22-040,22,puerile,"유치한
callow",https://quizlet.com/kr/1208394531/%EA%B1%B0%EB%A7%8C%EC%96%B4-100-day-22-flash-cards
d22-041,22,puff pieces,"과대 칭찬, 과대 선전",https://quizlet.com/kr/1208394531/%EA%B1%B0%EB%A7%8C%EC%96%B4-100-day-22-flash-cards
d22-042,22,pugnacious,"호전적인
truculent",https://quizlet.com/kr/1208394531/%EA%B1%B0%EB%A7%8C%EC%96%B4-100-day-22-flash-cards
d22-043,22,pulchritude,아름다움,https://quizlet.com/kr/1208394531/%EA%B1%B0%EB%A7%8C%EC%96%B4-100-day-22-flash-cards
d22-044,22,pull no punches,숨기지 않고 다 말해주다,https://quizlet.com/kr/1208394531/%EA%B1%B0%EB%A7%8C%EC%96%B4-100-day-22-flash-cards
d22-045,22,pulverize,분쇄하다,https://quizlet.com/kr/1208394531/%EA%B1%B0%EB%A7%8C%EC%96%B4-100-day-22-flash-cards
d22-046,22,punctilious,"격식에 치우친, 세심한, 꼼꼼한",https://quizlet.com/kr/1208394531/%EA%B1%B0%EB%A7%8C%EC%96%B4-100-day-22-flash-cards
d22-047,22,punctuate,중단시키다,https://quizlet.com/kr/1208394531/%EA%B1%B0%EB%A7%8C%EC%96%B4-100-day-22-flash-cards
d22-048,22,pundit,"권위자, (미디어에 출연해서 의견을 말하는) 전문가",https://quizlet.com/kr/1208394531/%EA%B1%B0%EB%A7%8C%EC%96%B4-100-day-22-flash-cards
d22-049,22,pungent,"날카로운, 신랄한",https://quizlet.com/kr/1208394531/%EA%B1%B0%EB%A7%8C%EC%96%B4-100-day-22-flash-cards
d22-050,22,puny,"작고 연약한, 하찮은, 보잘 것 없는",https://quizlet.com/kr/1208394531/%EA%B1%B0%EB%A7%8C%EC%96%B4-100-day-22-flash-cards
d22-051,22,purport,"(사실과 달리) ~해 보이다, ~라고 주장하다",https://quizlet.com/kr/1208394531/%EA%B1%B0%EB%A7%8C%EC%96%B4-100-day-22-flash-cards
d22-052,22,purposiveness,"목적 있음, 의도적임",https://quizlet.com/kr/1208394531/%EA%B1%B0%EB%A7%8C%EC%96%B4-100-day-22-flash-cards
d22-053,22,purvey,"공급하다, 조달하다
supply",https://quizlet.com/kr/1208394531/%EA%B1%B0%EB%A7%8C%EC%96%B4-100-day-22-flash-cards
d22-054,22,purview,"범위, 권한",https://quizlet.com/kr/1208394531/%EA%B1%B0%EB%A7%8C%EC%96%B4-100-day-22-flash-cards
d22-055,22,pusillanimous,"소심한, 심약한, 우유부단한",https://quizlet.com/kr/1208394531/%EA%B1%B0%EB%A7%8C%EC%96%B4-100-day-22-flash-cards
d22-056,22,putative,"추정상의, 소문에 들리는",https://quizlet.com/kr/1208394531/%EA%B1%B0%EB%A7%8C%EC%96%B4-100-day-22-flash-cards
d22-057,22,quack,"돌팔이 의사, 사기꾼",https://quizlet.com/kr/1208394531/%EA%B1%B0%EB%A7%8C%EC%96%B4-100-day-22-flash-cards
d22-058,22,quagmire,"진흙탕; 어렵고 복잡한 상황, 궁지, 수렁",https://quizlet.com/kr/1208394531/%EA%B1%B0%EB%A7%8C%EC%96%B4-100-day-22-flash-cards
d22-059,22,quaint,"(옛스런 정취로 인해) 멋진, 예쁜, 고풍스런; (특히 오래되어서) 이상한",https://quizlet.com/kr/1208394531/%EA%B1%B0%EB%A7%8C%EC%96%B4-100-day-22-flash-cards
d22-060,22,qualify,"자격을 주다, 적합하게 하다; 자격을 갖추다; (앞에 한 진술에) 단서를 달다, 제한하다",https://quizlet.com/kr/1208394531/%EA%B1%B0%EB%A7%8C%EC%96%B4-100-day-22-flash-cards
d22-061,22,qualm,"양심의 가책, 양심의 가책 때문에 불편한 마음
inhibition",https://quizlet.com/kr/1208394531/%EA%B1%B0%EB%A7%8C%EC%96%B4-100-day-22-flash-cards
d22-062,22,quandary,"난처함, 궁지",https://quizlet.com/kr/1208394531/%EA%B1%B0%EB%A7%8C%EC%96%B4-100-day-22-flash-cards
d22-063,22,quarry,"채석하다; 사냥감; 추구하는 것, 연구의 대상",https://quizlet.com/kr/1208394531/%EA%B1%B0%EB%A7%8C%EC%96%B4-100-day-22-flash-cards
d22-064,22,quash,"억제하다, 억누르다",https://quizlet.com/kr/1208394531/%EA%B1%B0%EB%A7%8C%EC%96%B4-100-day-22-flash-cards
d22-065,22,queasy,"멀미하는; 멀미나게 하는; 걱정, 염려하는, 긴장한",https://quizlet.com/kr/1208394531/%EA%B1%B0%EB%A7%8C%EC%96%B4-100-day-22-flash-cards
d22-066,22,quell,진압하다; (강렬하거나 불쾌한 감정을) 가라앉히다[누그러뜨리다],https://quizlet.com/kr/1208394531/%EA%B1%B0%EB%A7%8C%EC%96%B4-100-day-22-flash-cards
d22-067,22,quench,"1. 갈증을 해소하다, 만족시키다 slake
2. (감정) 억누르다
3. (뜨거운 것) 열로 식히다; 불을 끄다",https://quizlet.com/kr/1208394531/%EA%B1%B0%EB%A7%8C%EC%96%B4-100-day-22-flash-cards
d22-068,22,querulous,"불평이 많은, 징징거리는",https://quizlet.com/kr/1208394531/%EA%B1%B0%EB%A7%8C%EC%96%B4-100-day-22-flash-cards
d22-069,22,query,"질문하다, 의문을 제기하다",https://quizlet.com/kr/1208394531/%EA%B1%B0%EB%A7%8C%EC%96%B4-100-day-22-flash-cards
d22-070,22,quibble,"(사소한, 작은) 반대, 트집잡기; 사소한 문제에 트집잡다",https://quizlet.com/kr/1208394531/%EA%B1%B0%EB%A7%8C%EC%96%B4-100-day-22-flash-cards
d22-071,22,quiescent,활동이 없는,https://quizlet.com/kr/1208394531/%EA%B1%B0%EB%A7%8C%EC%96%B4-100-day-22-flash-cards
d22-072,22,quip,"재치있게 말하다, 재담을 하다; 재치있는 말, 재담",https://quizlet.com/kr/1208394531/%EA%B1%B0%EB%A7%8C%EC%96%B4-100-day-22-flash-cards
d22-073,22,quirky,"별난, 특이한",https://quizlet.com/kr/1208394531/%EA%B1%B0%EB%A7%8C%EC%96%B4-100-day-22-flash-cards
d22-074,22,quixotic,"지나치게 이상적인; 비현실적인
idealistic",https://quizlet.com/kr/1208394531/%EA%B1%B0%EB%A7%8C%EC%96%B4-100-day-22-flash-cards
d22-075,22,quizzical,"(표현, 행동) 기묘한, 엉뚱한, 우스꽝스러운",https://quizlet.com/kr/1208394531/%EA%B1%B0%EB%A7%8C%EC%96%B4-100-day-22-flash-cards
d22-076,22,quotidian,"매일매일의, 평범한, 일상적인, 진부한; 실질적인
workaday; pragmatic",https://quizlet.com/kr/1208394531/%EA%B1%B0%EB%A7%8C%EC%96%B4-100-day-22-flash-cards
d22-077,22,rabid,"과격한, 광신적인, 맹렬한",https://quizlet.com/kr/1208394531/%EA%B1%B0%EB%A7%8C%EC%96%B4-100-day-22-flash-cards
d22-078,22,radical,"(변화가) 근본적인, 철저한; 급진적인, 과격한; 혁신적인",https://quizlet.com/kr/1208394531/%EA%B1%B0%EB%A7%8C%EC%96%B4-100-day-22-flash-cards
d22-079,22,raffish,"상스런, 평판이 나쁜, 방탕한",https://quizlet.com/kr/1208394531/%EA%B1%B0%EB%A7%8C%EC%96%B4-100-day-22-flash-cards
d22-080,22,rail,몹시 비난하다,https://quizlet.com/kr/1208394531/%EA%B1%B0%EB%A7%8C%EC%96%B4-100-day-22-flash-cards
d22-081,22,railery,(악의 없는) 농담,https://quizlet.com/kr/1208394531/%EA%B1%B0%EB%A7%8C%EC%96%B4-100-day-22-flash-cards
d22-082,22,raiment,"의복, 의류
caparison",https://quizlet.com/kr/1208394531/%EA%B1%B0%EB%A7%8C%EC%96%B4-100-day-22-flash-cards
d22-083,22,rally,"세를 규합하다; 집회로 모이다; (사기) 진작시키다; (건강,기세) 회복시키다, 회복하다; (정치적, 종교적) 집회, 대회; 궐기 대회
coalesce",https://quizlet.com/kr/1208394531/%EA%B1%B0%EB%A7%8C%EC%96%B4-100-day-22-flash-cards
d22-084,22,ramble,맥락없이 장황하게 이야기하다/쓰다,https://quizlet.com/kr/1208394531/%EA%B1%B0%EB%A7%8C%EC%96%B4-100-day-22-flash-cards
d22-085,22,rambunctious,(사람이) 떠들석한; 왁자지껄한,https://quizlet.com/kr/1208394531/%EA%B1%B0%EB%A7%8C%EC%96%B4-100-day-22-flash-cards
d22-086,22,ramification,"(사건의) 결과, 추이",https://quizlet.com/kr/1208394531/%EA%B1%B0%EB%A7%8C%EC%96%B4-100-day-22-flash-cards
d22-087,22,rampant,"(나쁜 것) 만연하는, 횡행하는, 제어할 수 없는; (사람, 행동) 사나운, 미쳐 날뛰는",https://quizlet.com/kr/1208394531/%EA%B1%B0%EB%A7%8C%EC%96%B4-100-day-22-flash-cards
d22-088,22,ramshackle,"(집 등) 쓰러져가는, 상태가 매우 안 좋은",https://quizlet.com/kr/1208394531/%EA%B1%B0%EB%A7%8C%EC%96%B4-100-day-22-flash-cards
d22-089,22,rancid,(부패로) 악취나는,https://quizlet.com/kr/1208394531/%EA%B1%B0%EB%A7%8C%EC%96%B4-100-day-22-flash-cards
d22-090,22,rancor,"원한, 악의",https://quizlet.com/kr/1208394531/%EA%B1%B0%EB%A7%8C%EC%96%B4-100-day-22-flash-cards
d22-091,22,rankle,화나게 하다,https://quizlet.com/kr/1208394531/%EA%B1%B0%EB%A7%8C%EC%96%B4-100-day-22-flash-cards
d22-092,22,ransack,(무엇을 찾아서 어떤 곳을 엉망으로 만들며) 뒤지다[뒤집어엎다],https://quizlet.com/kr/1208394531/%EA%B1%B0%EB%A7%8C%EC%96%B4-100-day-22-flash-cards
d22-093,22,rant,"1. (흥분하여, 허세부리면서) 고함치다, 부르짖다, 폭언하다;
2. (흥분하여) 허세부리는 말, 비난하는 말 diatribe",https://quizlet.com/kr/1208394531/%EA%B1%B0%EB%A7%8C%EC%96%B4-100-day-22-flash-cards
d22-094,22,rapacious,"탐욕스러운
avaricious",https://quizlet.com/kr/1208394531/%EA%B1%B0%EB%A7%8C%EC%96%B4-100-day-22-flash-cards
d22-095,22,rapport,"친밀한 관계, 조화로운 관계",https://quizlet.com/kr/1208394531/%EA%B1%B0%EB%A7%8C%EC%96%B4-100-day-22-flash-cards
d22-096,22,rapprochement,"화해, 관계회복",https://quizlet.com/kr/1208394531/%EA%B1%B0%EB%A7%8C%EC%96%B4-100-day-22-flash-cards
d22-097,22,rapturous,"기쁨에 넘친, 황홀해하는
ecstatic",https://quizlet.com/kr/1208394531/%EA%B1%B0%EB%A7%8C%EC%96%B4-100-day-22-flash-cards
d22-098,22,rarefied,"난해한, 심오한; 일반 사회에로부터 동떨어진; 높은, 숭고한, 특별한",https://quizlet.com/kr/1208394531/%EA%B1%B0%EB%A7%8C%EC%96%B4-100-day-22-flash-cards
d22-099,22,rarity,희귀함; 희귀하고 진귀한 것,https://quizlet.com/kr/1208394531/%EA%B1%B0%EB%A7%8C%EC%96%B4-100-day-22-flash-cards
d22-100,22,rationale,이론적 근거,https://quizlet.com/kr/1208394531/%EA%B1%B0%EB%A7%8C%EC%96%B4-100-day-22-flash-cards
d23-001,23,rationalize,합리화하다,https://quizlet.com/kr/1208394601/%EA%B1%B0%EB%A7%8C%EC%96%B4-100-day-23-flash-cards
d23-002,23,raucous,"(소리) 거슬리는, 불쾌한, 시끄러운, 소란스러운",https://quizlet.com/kr/1208394601/%EA%B1%B0%EB%A7%8C%EC%96%B4-100-day-23-flash-cards
d23-003,23,ravage,"휩쓸어 파괴하다, 황폐화하다",https://quizlet.com/kr/1208394601/%EA%B1%B0%EB%A7%8C%EC%96%B4-100-day-23-flash-cards
d23-004,23,rave,횡설수설 말하다; 극찬하다,https://quizlet.com/kr/1208394601/%EA%B1%B0%EB%A7%8C%EC%96%B4-100-day-23-flash-cards
d23-005,23,ravenous,"탐욕스러운, 식탐이 강한",https://quizlet.com/kr/1208394601/%EA%B1%B0%EB%A7%8C%EC%96%B4-100-day-23-flash-cards
d23-006,23,reactionary,"개혁에 반대하는, 보수적인",https://quizlet.com/kr/1208394601/%EA%B1%B0%EB%A7%8C%EC%96%B4-100-day-23-flash-cards
d23-007,23,reassure,안심시키다,https://quizlet.com/kr/1208394601/%EA%B1%B0%EB%A7%8C%EC%96%B4-100-day-23-flash-cards
d23-008,23,rebuff,"퉁명스럽게 거부하다, 거절하다",https://quizlet.com/kr/1208394601/%EA%B1%B0%EB%A7%8C%EC%96%B4-100-day-23-flash-cards
d23-009,23,rebuke,심하게 꾸짖다,https://quizlet.com/kr/1208394601/%EA%B1%B0%EB%A7%8C%EC%96%B4-100-day-23-flash-cards
d23-010,23,rebut,"반박, 반증하다",https://quizlet.com/kr/1208394601/%EA%B1%B0%EB%A7%8C%EC%96%B4-100-day-23-flash-cards
d23-011,23,recalcitrant,"권위에 저항하는, 다루기 힘든, 고집센",https://quizlet.com/kr/1208394601/%EA%B1%B0%EB%A7%8C%EC%96%B4-100-day-23-flash-cards
d23-012,23,recant,"(주장) 철회하다; (신앙, 신념) 부정하다
repudiate, disavow",https://quizlet.com/kr/1208394601/%EA%B1%B0%EB%A7%8C%EC%96%B4-100-day-23-flash-cards
d23-013,23,recapitulate,요약하다,https://quizlet.com/kr/1208394601/%EA%B1%B0%EB%A7%8C%EC%96%B4-100-day-23-flash-cards
d23-014,23,recast,"고쳐만들다, 변경하다",https://quizlet.com/kr/1208394601/%EA%B1%B0%EB%A7%8C%EC%96%B4-100-day-23-flash-cards
d23-015,23,recede,물러나다; 감소하다,https://quizlet.com/kr/1208394601/%EA%B1%B0%EB%A7%8C%EC%96%B4-100-day-23-flash-cards
d23-016,23,recess,쉬는시간; 휴식기간; 활동의 임시적 중단,https://quizlet.com/kr/1208394601/%EA%B1%B0%EB%A7%8C%EC%96%B4-100-day-23-flash-cards
d23-017,23,recession,"경기침체기, 쇠퇴",https://quizlet.com/kr/1208394601/%EA%B1%B0%EB%A7%8C%EC%96%B4-100-day-23-flash-cards
d23-018,23,recidivism,상습적 범행,https://quizlet.com/kr/1208394601/%EA%B1%B0%EB%A7%8C%EC%96%B4-100-day-23-flash-cards
d23-019,23,reciprocal,"상호간의, 상호이익의, 교감하는, 호혜적인",https://quizlet.com/kr/1208394601/%EA%B1%B0%EB%A7%8C%EC%96%B4-100-day-23-flash-cards
d23-020,23,reckless,"무모한, 무분별한",https://quizlet.com/kr/1208394601/%EA%B1%B0%EB%A7%8C%EC%96%B4-100-day-23-flash-cards
d23-021,23,reckon,"생각하다, 추정하다; 간주하다; 고려하다, 생각해보다",https://quizlet.com/kr/1208394601/%EA%B1%B0%EB%A7%8C%EC%96%B4-100-day-23-flash-cards
d23-022,23,reclamation,"교화, 갱생, 회복, 재개발, 재생",https://quizlet.com/kr/1208394601/%EA%B1%B0%EB%A7%8C%EC%96%B4-100-day-23-flash-cards
d23-023,23,recluse,은둔자,https://quizlet.com/kr/1208394601/%EA%B1%B0%EB%A7%8C%EC%96%B4-100-day-23-flash-cards
d23-024,23,recoil,"물러나다, 움찔하다, 뒷걸음치다; (행위가) 되돌아가다, 되돌아오다",https://quizlet.com/kr/1208394601/%EA%B1%B0%EB%A7%8C%EC%96%B4-100-day-23-flash-cards
d23-025,23,reconcile,"화해시키다, 조화롭게 하다",https://quizlet.com/kr/1208394601/%EA%B1%B0%EB%A7%8C%EC%96%B4-100-day-23-flash-cards
d23-026,23,recondite,난해한,https://quizlet.com/kr/1208394601/%EA%B1%B0%EB%A7%8C%EC%96%B4-100-day-23-flash-cards
d23-027,23,reconnaissance,"(군사) 정찰활동; 사전조사, 검사, 답사",https://quizlet.com/kr/1208394601/%EA%B1%B0%EB%A7%8C%EC%96%B4-100-day-23-flash-cards
d23-028,23,reconnoiter,정찰활동을 하다; 정보를 얻기 위하여 사전조사를 하다,https://quizlet.com/kr/1208394601/%EA%B1%B0%EB%A7%8C%EC%96%B4-100-day-23-flash-cards
d23-029,23,recourse,"의지, 의뢰",https://quizlet.com/kr/1208394601/%EA%B1%B0%EB%A7%8C%EC%96%B4-100-day-23-flash-cards
d23-030,23,recrudescent,"(안 좋은 상황이) 재발하는
resurgent",https://quizlet.com/kr/1208394601/%EA%B1%B0%EB%A7%8C%EC%96%B4-100-day-23-flash-cards
d23-031,23,rectitude,"(행동) 정의로움, 옳음, 정직",https://quizlet.com/kr/1208394601/%EA%B1%B0%EB%A7%8C%EC%96%B4-100-day-23-flash-cards
d23-032,23,recuperate,"회복하다, 재기하다",https://quizlet.com/kr/1208394601/%EA%B1%B0%EB%A7%8C%EC%96%B4-100-day-23-flash-cards
d23-033,23,recurrent,"재현되는, 재발하는",https://quizlet.com/kr/1208394601/%EA%B1%B0%EB%A7%8C%EC%96%B4-100-day-23-flash-cards
d23-034,23,redeem,"보상하다, (벌점) 만회하다, 구해주다; (권리, 재산 등) 회복하다, 만회하다",https://quizlet.com/kr/1208394601/%EA%B1%B0%EB%A7%8C%EC%96%B4-100-day-23-flash-cards
d23-035,23,redolent,"향기로운; 떠오르게 하는, 기억나게 하는",https://quizlet.com/kr/1208394601/%EA%B1%B0%EB%A7%8C%EC%96%B4-100-day-23-flash-cards
d23-036,23,redoubtable,(적) 두렵고 존경스러운; 가공할만한,https://quizlet.com/kr/1208394601/%EA%B1%B0%EB%A7%8C%EC%96%B4-100-day-23-flash-cards
d23-037,23,reductive,"지나치게 단순하게 줄여서 보여주는, 환원주의적인",https://quizlet.com/kr/1208394601/%EA%B1%B0%EB%A7%8C%EC%96%B4-100-day-23-flash-cards
d23-038,23,redundant,"과잉의, 불필요한, 쓸모없는",https://quizlet.com/kr/1208394601/%EA%B1%B0%EB%A7%8C%EC%96%B4-100-day-23-flash-cards
d23-039,23,refract,굴절시키다,https://quizlet.com/kr/1208394601/%EA%B1%B0%EB%A7%8C%EC%96%B4-100-day-23-flash-cards
d23-040,23,refractory,"고집불통의, 다루기 힘든",https://quizlet.com/kr/1208394601/%EA%B1%B0%EB%A7%8C%EC%96%B4-100-day-23-flash-cards
d23-041,23,refrain,삼가다,https://quizlet.com/kr/1208394601/%EA%B1%B0%EB%A7%8C%EC%96%B4-100-day-23-flash-cards
d23-042,23,refulgent,"밝게 빛나는, 환히 빛나는, 찬란한",https://quizlet.com/kr/1208394601/%EA%B1%B0%EB%A7%8C%EC%96%B4-100-day-23-flash-cards
d23-043,23,refute,논박하다,https://quizlet.com/kr/1208394601/%EA%B1%B0%EB%A7%8C%EC%96%B4-100-day-23-flash-cards
d23-044,23,regime,"정권, 정부",https://quizlet.com/kr/1208394601/%EA%B1%B0%EB%A7%8C%EC%96%B4-100-day-23-flash-cards
d23-045,23,regimen,"섭생, 양생법, 식단",https://quizlet.com/kr/1208394601/%EA%B1%B0%EB%A7%8C%EC%96%B4-100-day-23-flash-cards
d23-046,23,regimentation,"조직화, 편성, 통제",https://quizlet.com/kr/1208394601/%EA%B1%B0%EB%A7%8C%EC%96%B4-100-day-23-flash-cards
d23-047,23,regression,"회귀, 복귀",https://quizlet.com/kr/1208394601/%EA%B1%B0%EB%A7%8C%EC%96%B4-100-day-23-flash-cards
d23-048,23,regurgitate,"토하다, 게워내다; 그대로 되뇌다",https://quizlet.com/kr/1208394601/%EA%B1%B0%EB%A7%8C%EC%96%B4-100-day-23-flash-cards
d23-049,23,rehabilitate,"사회로 복귀시키다, 기능 회복 훈련을 하다, 갱생시키다",https://quizlet.com/kr/1208394601/%EA%B1%B0%EB%A7%8C%EC%96%B4-100-day-23-flash-cards
d23-050,23,rehash,"재탕하다, 거의 그대로 반복하다
recycle",https://quizlet.com/kr/1208394601/%EA%B1%B0%EB%A7%8C%EC%96%B4-100-day-23-flash-cards
d23-051,23,reify,(추상적인 것을) 구체화하다,https://quizlet.com/kr/1208394601/%EA%B1%B0%EB%A7%8C%EC%96%B4-100-day-23-flash-cards
d23-052,23,rein,"억제하다, 멈추다
manacle",https://quizlet.com/kr/1208394601/%EA%B1%B0%EB%A7%8C%EC%96%B4-100-day-23-flash-cards
d23-053,23,reiterate,"되풀이하다, 반복하다",https://quizlet.com/kr/1208394601/%EA%B1%B0%EB%A7%8C%EC%96%B4-100-day-23-flash-cards
d23-054,23,rejuvenate,다시 젊게 하다,https://quizlet.com/kr/1208394601/%EA%B1%B0%EB%A7%8C%EC%96%B4-100-day-23-flash-cards
d23-055,23,rekindle,"다시 불 붙이다, (흥미, 관심) 다시 불러 일으키다",https://quizlet.com/kr/1208394601/%EA%B1%B0%EB%A7%8C%EC%96%B4-100-day-23-flash-cards
d23-056,23,relegate,강등시키다,https://quizlet.com/kr/1208394601/%EA%B1%B0%EB%A7%8C%EC%96%B4-100-day-23-flash-cards
d23-057,23,relent,"누그러지다; (날씨, 심한 것) 약해지다",https://quizlet.com/kr/1208394601/%EA%B1%B0%EB%A7%8C%EC%96%B4-100-day-23-flash-cards
d23-058,23,relentless,"누그러지지 않는, 끊임없는, 무자비한, 가차 없는",https://quizlet.com/kr/1208394601/%EA%B1%B0%EB%A7%8C%EC%96%B4-100-day-23-flash-cards
d23-059,23,relic,"유물, 유적, 나머지
vestige",https://quizlet.com/kr/1208394601/%EA%B1%B0%EB%A7%8C%EC%96%B4-100-day-23-flash-cards
d23-060,23,relinquish,"포기하다, 양보하다, 양도하다
cede",https://quizlet.com/kr/1208394601/%EA%B1%B0%EB%A7%8C%EC%96%B4-100-day-23-flash-cards
d23-061,23,relish,"1. 재미, 흥미, (큰) 즐거움, 기쁨
2. 즐기다, 좋아하다 delight in",https://quizlet.com/kr/1208394601/%EA%B1%B0%EB%A7%8C%EC%96%B4-100-day-23-flash-cards
d23-062,23,remedial,"치료하는, 치료상의; 교정하기 위한",https://quizlet.com/kr/1208394601/%EA%B1%B0%EB%A7%8C%EC%96%B4-100-day-23-flash-cards
d23-063,23,reminisce,회상하다,https://quizlet.com/kr/1208394601/%EA%B1%B0%EB%A7%8C%EC%96%B4-100-day-23-flash-cards
d23-064,23,remiss,"태만한, 성의없는, 소홀한",https://quizlet.com/kr/1208394601/%EA%B1%B0%EB%A7%8C%EC%96%B4-100-day-23-flash-cards
d23-065,23,remold,"(모양, 구조, 특징) 바꾸다, 개조하다",https://quizlet.com/kr/1208394601/%EA%B1%B0%EB%A7%8C%EC%96%B4-100-day-23-flash-cards
d23-066,23,remonstrate,"항의하다, 이의를 제기하다",https://quizlet.com/kr/1208394601/%EA%B1%B0%EB%A7%8C%EC%96%B4-100-day-23-flash-cards
d23-067,23,remorse,"양심의 가책, 후회",https://quizlet.com/kr/1208394601/%EA%B1%B0%EB%A7%8C%EC%96%B4-100-day-23-flash-cards
d23-068,23,remorseless,"가혹한, 무자비한, 뉘우치지 않는",https://quizlet.com/kr/1208394601/%EA%B1%B0%EB%A7%8C%EC%96%B4-100-day-23-flash-cards
d23-069,23,remunerate,"보답하다, 보수를 지불하다",https://quizlet.com/kr/1208394601/%EA%B1%B0%EB%A7%8C%EC%96%B4-100-day-23-flash-cards
d23-070,23,remunerative,"보수가 있는, 유리한, 보답하는",https://quizlet.com/kr/1208394601/%EA%B1%B0%EB%A7%8C%EC%96%B4-100-day-23-flash-cards
d23-071,23,rend,(잡아) 찢다,https://quizlet.com/kr/1208394601/%EA%B1%B0%EB%A7%8C%EC%96%B4-100-day-23-flash-cards
d23-072,23,render,"1. 만들다, 되게 하다
2. 표현하다, 묘사하다, (그림 등에) 나타내다 reproduce",https://quizlet.com/kr/1208394601/%EA%B1%B0%EB%A7%8C%EC%96%B4-100-day-23-flash-cards
d23-073,23,renegade,"배교자, 변절자; 반역자",https://quizlet.com/kr/1208394601/%EA%B1%B0%EB%A7%8C%EC%96%B4-100-day-23-flash-cards
d23-074,23,renege,"약속을 이행하지 못하다; (약속, 계약) 폐기시키다",https://quizlet.com/kr/1208394601/%EA%B1%B0%EB%A7%8C%EC%96%B4-100-day-23-flash-cards
d23-075,23,renounce,"공식적으로 포기하다, 철회하다; 거부하다",https://quizlet.com/kr/1208394601/%EA%B1%B0%EB%A7%8C%EC%96%B4-100-day-23-flash-cards
d23-076,23,repeal,"취소하다, 철회하다",https://quizlet.com/kr/1208394601/%EA%B1%B0%EB%A7%8C%EC%96%B4-100-day-23-flash-cards
d23-077,23,repel,물리치다; 불쾌감을 주다,https://quizlet.com/kr/1208394601/%EA%B1%B0%EB%A7%8C%EC%96%B4-100-day-23-flash-cards
d23-078,23,repellent,"1. 불쾌감을 주는 anathema
2. 방충제
3. 방수제",https://quizlet.com/kr/1208394601/%EA%B1%B0%EB%A7%8C%EC%96%B4-100-day-23-flash-cards
d23-079,23,replenish,"다시 채우다, 보충하여 회복시키다",https://quizlet.com/kr/1208394601/%EA%B1%B0%EB%A7%8C%EC%96%B4-100-day-23-flash-cards
d23-080,23,replete,"충분한, 가득한",https://quizlet.com/kr/1208394601/%EA%B1%B0%EB%A7%8C%EC%96%B4-100-day-23-flash-cards
d23-081,23,replicate,"복제, 복사하다; (실험 등을) 반복하다",https://quizlet.com/kr/1208394601/%EA%B1%B0%EB%A7%8C%EC%96%B4-100-day-23-flash-cards
d23-082,23,repose,휴식,https://quizlet.com/kr/1208394601/%EA%B1%B0%EB%A7%8C%EC%96%B4-100-day-23-flash-cards
d23-083,23,reprehend,"책망하다, 비난하다",https://quizlet.com/kr/1208394601/%EA%B1%B0%EB%A7%8C%EC%96%B4-100-day-23-flash-cards
d23-084,23,reprehensible,"비난받아 마땅한
deplorable",https://quizlet.com/kr/1208394601/%EA%B1%B0%EB%A7%8C%EC%96%B4-100-day-23-flash-cards
d23-085,23,repress,"억압하다, 억제하다",https://quizlet.com/kr/1208394601/%EA%B1%B0%EB%A7%8C%EC%96%B4-100-day-23-flash-cards
d23-086,23,reprisal,"보복, 앙갚음",https://quizlet.com/kr/1208394601/%EA%B1%B0%EB%A7%8C%EC%96%B4-100-day-23-flash-cards
d23-087,23,reproach,"비난하다, 질책하다",https://quizlet.com/kr/1208394601/%EA%B1%B0%EB%A7%8C%EC%96%B4-100-day-23-flash-cards
d23-088,23,reprobate,"1. 부도덕한 사람, 방탕아
2. 나무라다, 비난하다 lambaste",https://quizlet.com/kr/1208394601/%EA%B1%B0%EB%A7%8C%EC%96%B4-100-day-23-flash-cards
d23-089,23,reprove,"질책하다, 비난하다",https://quizlet.com/kr/1208394601/%EA%B1%B0%EB%A7%8C%EC%96%B4-100-day-23-flash-cards
d23-090,23,repudiate,"1. 거절하다, 거부하다 recant
2. 부인하다",https://quizlet.com/kr/1208394601/%EA%B1%B0%EB%A7%8C%EC%96%B4-100-day-23-flash-cards
d23-091,23,repugnance,"혐오함, 증오",https://quizlet.com/kr/1208394601/%EA%B1%B0%EB%A7%8C%EC%96%B4-100-day-23-flash-cards
d23-092,23,repulsive,"불쾌감을 주는, 역겨운",https://quizlet.com/kr/1208394601/%EA%B1%B0%EB%A7%8C%EC%96%B4-100-day-23-flash-cards
d23-093,23,repute,"간주하다, 평가하다; 평판; 호평",https://quizlet.com/kr/1208394601/%EA%B1%B0%EB%A7%8C%EC%96%B4-100-day-23-flash-cards
d23-094,23,requisite,"필요한, 필수적인; 필수적인 것",https://quizlet.com/kr/1208394601/%EA%B1%B0%EB%A7%8C%EC%96%B4-100-day-23-flash-cards
d23-095,23,requite,"보답하다; 복수하다, 보복하다",https://quizlet.com/kr/1208394601/%EA%B1%B0%EB%A7%8C%EC%96%B4-100-day-23-flash-cards
d23-096,23,rescind,"(법이나 명령을) 폐지하다, 철회하다",https://quizlet.com/kr/1208394601/%EA%B1%B0%EB%A7%8C%EC%96%B4-100-day-23-flash-cards
d23-097,23,resentful,분개한,https://quizlet.com/kr/1208394601/%EA%B1%B0%EB%A7%8C%EC%96%B4-100-day-23-flash-cards
d23-098,23,reserve,"제한, 한정, 제외, 조건, 의심; 자제, 내성적인 태도, 말없음; (주로 복수로) 비축물, 예비물; 보류하다",https://quizlet.com/kr/1208394601/%EA%B1%B0%EB%A7%8C%EC%96%B4-100-day-23-flash-cards
d23-099,23,reserved,"(사람, 기질) 마음을 털어 놓지 않는, 내성적인",https://quizlet.com/kr/1208394601/%EA%B1%B0%EB%A7%8C%EC%96%B4-100-day-23-flash-cards
d23-100,23,reside,"거주하다; 존재하다, 있다",https://quizlet.com/kr/1208394601/%EA%B1%B0%EB%A7%8C%EC%96%B4-100-day-23-flash-cards
d24-001,24,residue,"나머지, 잔류물",https://quizlet.com/kr/1208394665/%EA%B1%B0%EB%A7%8C%EC%96%B4-100-day-24-flash-cards
d24-002,24,resignation,"사퇴; 체념, 포기, 단념
diffidence",https://quizlet.com/kr/1208394665/%EA%B1%B0%EB%A7%8C%EC%96%B4-100-day-24-flash-cards
d24-003,24,resilient,탄력 있는; 회복력 있는,https://quizlet.com/kr/1208394665/%EA%B1%B0%EB%A7%8C%EC%96%B4-100-day-24-flash-cards
d24-004,24,resolute,"마음이 확고한, 굳게 결심한",https://quizlet.com/kr/1208394665/%EA%B1%B0%EB%A7%8C%EC%96%B4-100-day-24-flash-cards
d24-005,24,resolve,"1. 결심하다
2. 강한 결심 determination, tenacity",https://quizlet.com/kr/1208394665/%EA%B1%B0%EB%A7%8C%EC%96%B4-100-day-24-flash-cards
d24-006,24,resonant,"낭랑하게 울리는, 공명하는",https://quizlet.com/kr/1208394665/%EA%B1%B0%EB%A7%8C%EC%96%B4-100-day-24-flash-cards
d24-007,24,resonate,"1. 반향하다, 같은 감정을 불러 일으키다 ring true
2. 상기시키다, 떠올리게 하다(with)
3. 가득하다(with)",https://quizlet.com/kr/1208394665/%EA%B1%B0%EB%A7%8C%EC%96%B4-100-day-24-flash-cards
d24-008,24,resort to,"(다른 대안이 없어서, 특히 좋지 못한 것에) 기대다[의지하다]",https://quizlet.com/kr/1208394665/%EA%B1%B0%EB%A7%8C%EC%96%B4-100-day-24-flash-cards
d24-009,24,resourceful,"지략이 있는, 독창적인, 창의적인",https://quizlet.com/kr/1208394665/%EA%B1%B0%EB%A7%8C%EC%96%B4-100-day-24-flash-cards
d24-010,24,respite,"짧은 휴식
lull, break, relief",https://quizlet.com/kr/1208394665/%EA%B1%B0%EB%A7%8C%EC%96%B4-100-day-24-flash-cards
d24-011,24,resplendent,"화려한, 눈부신",https://quizlet.com/kr/1208394665/%EA%B1%B0%EB%A7%8C%EC%96%B4-100-day-24-flash-cards
d24-012,24,restitution,"손해 배상, 보상, 변상; 복권, 복직, 복원",https://quizlet.com/kr/1208394665/%EA%B1%B0%EB%A7%8C%EC%96%B4-100-day-24-flash-cards
d24-013,24,restive,"1. 안절부절 못하는 skittish
2. 통제하기 힘든 fractious",https://quizlet.com/kr/1208394665/%EA%B1%B0%EB%A7%8C%EC%96%B4-100-day-24-flash-cards
d24-014,24,restrain,"제한하다, 억제하다",https://quizlet.com/kr/1208394665/%EA%B1%B0%EB%A7%8C%EC%96%B4-100-day-24-flash-cards
d24-015,24,resurge,"다시 나타나다, 소생하다",https://quizlet.com/kr/1208394665/%EA%B1%B0%EB%A7%8C%EC%96%B4-100-day-24-flash-cards
d24-016,24,resurrect,"(죽은 사람을) 되살리다; (기억, 관습 등을) 되살리다",https://quizlet.com/kr/1208394665/%EA%B1%B0%EB%A7%8C%EC%96%B4-100-day-24-flash-cards
d24-017,24,resuscitate,"(사람, 동물을) 소생하다: (생각이나 사업 등을) 부활시키다",https://quizlet.com/kr/1208394665/%EA%B1%B0%EB%A7%8C%EC%96%B4-100-day-24-flash-cards
d24-018,24,retain,"보유하다, 유지하다",https://quizlet.com/kr/1208394665/%EA%B1%B0%EB%A7%8C%EC%96%B4-100-day-24-flash-cards
d24-019,24,retaliate,"(같은 수단으로) 보복하다, 복수하다, 앙갚음하다",https://quizlet.com/kr/1208394665/%EA%B1%B0%EB%A7%8C%EC%96%B4-100-day-24-flash-cards
d24-020,24,reticent,"과묵한
laconic",https://quizlet.com/kr/1208394665/%EA%B1%B0%EB%A7%8C%EC%96%B4-100-day-24-flash-cards
d24-021,24,retort,"(말) (빠르고 재치 있게, 신랄하게) 되받아 치다, 응수하다",https://quizlet.com/kr/1208394665/%EA%B1%B0%EB%A7%8C%EC%96%B4-100-day-24-flash-cards
d24-022,24,retract,"취소하다, 철회하다",https://quizlet.com/kr/1208394665/%EA%B1%B0%EB%A7%8C%EC%96%B4-100-day-24-flash-cards
d24-023,24,retreat,"(군대) 후퇴하다, 철수하다; 철회하다; (주가) 하락하다",https://quizlet.com/kr/1208394665/%EA%B1%B0%EB%A7%8C%EC%96%B4-100-day-24-flash-cards
d24-024,24,retrench,"(비용, 지출) 삭감하다",https://quizlet.com/kr/1208394665/%EA%B1%B0%EB%A7%8C%EC%96%B4-100-day-24-flash-cards
d24-025,24,retrieve,"되찾다, 회수하다",https://quizlet.com/kr/1208394665/%EA%B1%B0%EB%A7%8C%EC%96%B4-100-day-24-flash-cards
d24-026,24,revel in,"매우 기뻐하다, 즐거워하다, 마시고 흥청거리다",https://quizlet.com/kr/1208394665/%EA%B1%B0%EB%A7%8C%EC%96%B4-100-day-24-flash-cards
d24-027,24,reverberate,"반향하다, 울려퍼지다",https://quizlet.com/kr/1208394665/%EA%B1%B0%EB%A7%8C%EC%96%B4-100-day-24-flash-cards
d24-028,24,revere,깊이 존경하다,https://quizlet.com/kr/1208394665/%EA%B1%B0%EB%A7%8C%EC%96%B4-100-day-24-flash-cards
d24-029,24,revert,되돌아 가다,https://quizlet.com/kr/1208394665/%EA%B1%B0%EB%A7%8C%EC%96%B4-100-day-24-flash-cards
d24-030,24,revile,"비난하다, 매도하다",https://quizlet.com/kr/1208394665/%EA%B1%B0%EB%A7%8C%EC%96%B4-100-day-24-flash-cards
d24-031,24,revisionist,"수정(사회)주의의, 수정주의적인",https://quizlet.com/kr/1208394665/%EA%B1%B0%EB%A7%8C%EC%96%B4-100-day-24-flash-cards
d24-032,24,revulsion,"역겨움, 혐오감",https://quizlet.com/kr/1208394665/%EA%B1%B0%EB%A7%8C%EC%96%B4-100-day-24-flash-cards
d24-033,24,rhapsodic,"열광적인, 황홀한 감정을 마구 표출하는",https://quizlet.com/kr/1208394665/%EA%B1%B0%EB%A7%8C%EC%96%B4-100-day-24-flash-cards
d24-034,24,ribald,"야한, 외설적인",https://quizlet.com/kr/1208394665/%EA%B1%B0%EB%A7%8C%EC%96%B4-100-day-24-flash-cards
d24-035,24,rickety,"(구조물, 특히 다리나 계단) 곧 무너질 것 같은",https://quizlet.com/kr/1208394665/%EA%B1%B0%EB%A7%8C%EC%96%B4-100-day-24-flash-cards
d24-036,24,riddle,"~로 가득 채우다; 수수께끼, 난제",https://quizlet.com/kr/1208394665/%EA%B1%B0%EB%A7%8C%EC%96%B4-100-day-24-flash-cards
d24-037,24,rife,"가득한, 퍼져있는, 유행하는",https://quizlet.com/kr/1208394665/%EA%B1%B0%EB%A7%8C%EC%96%B4-100-day-24-flash-cards
d24-038,24,rift,"금, 균열; (우정, 애정) 균열, 다툼",https://quizlet.com/kr/1208394665/%EA%B1%B0%EB%A7%8C%EC%96%B4-100-day-24-flash-cards
d24-039,24,righteous,"도덕적인, 바른, 정의로운",https://quizlet.com/kr/1208394665/%EA%B1%B0%EB%A7%8C%EC%96%B4-100-day-24-flash-cards
d24-040,24,rigid,"튀지 않는, 융통성 없는, 엄격한",https://quizlet.com/kr/1208394665/%EA%B1%B0%EB%A7%8C%EC%96%B4-100-day-24-flash-cards
d24-041,24,rigor,"정확함, 엄격함; 역경, 힘든 상황",https://quizlet.com/kr/1208394665/%EA%B1%B0%EB%A7%8C%EC%96%B4-100-day-24-flash-cards
d24-042,24,rigorous,"1. 정확한, 아주 엄밀한, 면밀한 faithful
2. (사람, 규칙 등이) 엄격한, 엄중한",https://quizlet.com/kr/1208394665/%EA%B1%B0%EB%A7%8C%EC%96%B4-100-day-24-flash-cards
d24-043,24,rile,화나게 하다; 휘젓다,https://quizlet.com/kr/1208394665/%EA%B1%B0%EB%A7%8C%EC%96%B4-100-day-24-flash-cards
d24-044,24,ripen,"익다, 숙성하다, 익히다, 숙성시키다",https://quizlet.com/kr/1208394665/%EA%B1%B0%EB%A7%8C%EC%96%B4-100-day-24-flash-cards
d24-045,24,risible,"비웃음을 살 만한, 우스꽝스러운
ludicrous",https://quizlet.com/kr/1208394665/%EA%B1%B0%EB%A7%8C%EC%96%B4-100-day-24-flash-cards
d24-046,24,rite,"의식, 절차",https://quizlet.com/kr/1208394665/%EA%B1%B0%EB%A7%8C%EC%96%B4-100-day-24-flash-cards
d24-047,24,ritual,"의식, 절차, 전례",https://quizlet.com/kr/1208394665/%EA%B1%B0%EB%A7%8C%EC%96%B4-100-day-24-flash-cards
d24-048,24,rive,"찢다, 찢어발기다",https://quizlet.com/kr/1208394665/%EA%B1%B0%EB%A7%8C%EC%96%B4-100-day-24-flash-cards
d24-049,24,riveting,"대단히 매력적인, 푹 빠지게 하는",https://quizlet.com/kr/1208394665/%EA%B1%B0%EB%A7%8C%EC%96%B4-100-day-24-flash-cards
d24-050,24,robust,"(체계, 조직, 사물, 논리 등) 튼튼한
strong, healthy",https://quizlet.com/kr/1208394665/%EA%B1%B0%EB%A7%8C%EC%96%B4-100-day-24-flash-cards
d24-051,24,rococo,"매우 화려한, 꾸밈이 많은",https://quizlet.com/kr/1208394665/%EA%B1%B0%EB%A7%8C%EC%96%B4-100-day-24-flash-cards
d24-052,24,rogue,"악한, 불량배",https://quizlet.com/kr/1208394665/%EA%B1%B0%EB%A7%8C%EC%96%B4-100-day-24-flash-cards
d24-053,24,roil,"화나게 하다, 초조하게 만들다; 액체를 휘저어 흐리게 하다",https://quizlet.com/kr/1208394665/%EA%B1%B0%EB%A7%8C%EC%96%B4-100-day-24-flash-cards
d24-054,24,roost,"1. (새가) 앉는 나무 막대, 홰; 보금자리; 닭장
2. (새가) 앉아 쉬다",https://quizlet.com/kr/1208394665/%EA%B1%B0%EB%A7%8C%EC%96%B4-100-day-24-flash-cards
d24-055,24,rosy,"장밋빛의, 희망적인",https://quizlet.com/kr/1208394665/%EA%B1%B0%EB%A7%8C%EC%96%B4-100-day-24-flash-cards
d24-056,24,rote,"기계적인 반복, 기계적인 방법",https://quizlet.com/kr/1208394665/%EA%B1%B0%EB%A7%8C%EC%96%B4-100-day-24-flash-cards
d24-057,24,rotund,"둥근, 퉁퉁하게 살찐",https://quizlet.com/kr/1208394665/%EA%B1%B0%EB%A7%8C%EC%96%B4-100-day-24-flash-cards
d24-058,24,roundly,"철저하게, 완전히; 가차없이",https://quizlet.com/kr/1208394665/%EA%B1%B0%EB%A7%8C%EC%96%B4-100-day-24-flash-cards
d24-059,24,row,"시끄럽게 다투다; 말다툼, 소동",https://quizlet.com/kr/1208394665/%EA%B1%B0%EB%A7%8C%EC%96%B4-100-day-24-flash-cards
d24-060,24,rowdy,"소란스러운, 난폭한",https://quizlet.com/kr/1208394665/%EA%B1%B0%EB%A7%8C%EC%96%B4-100-day-24-flash-cards
d24-061,24,rubric,"제목, 항목, 부문; 설명, 지침",https://quizlet.com/kr/1208394665/%EA%B1%B0%EB%A7%8C%EC%96%B4-100-day-24-flash-cards
d24-062,24,rudimentary,"미발달의, 미성숙의; 기본적인
elemental, primitive, sketchy",https://quizlet.com/kr/1208394665/%EA%B1%B0%EB%A7%8C%EC%96%B4-100-day-24-flash-cards
d24-063,24,rue,"뉘우치다, 후회하다, 유감으로 여기다",https://quizlet.com/kr/1208394665/%EA%B1%B0%EB%A7%8C%EC%96%B4-100-day-24-flash-cards
d24-064,24,ruminate,"반추해보다, 깊이 생각해 보다",https://quizlet.com/kr/1208394665/%EA%B1%B0%EB%A7%8C%EC%96%B4-100-day-24-flash-cards
d24-065,24,run afoul of,"~에 저촉되다, ~과 충돌하다",https://quizlet.com/kr/1208394665/%EA%B1%B0%EB%A7%8C%EC%96%B4-100-day-24-flash-cards
d24-066,24,runaway,"걷잡을 수 없는, 아주 수월한[일방적인]",https://quizlet.com/kr/1208394665/%EA%B1%B0%EB%A7%8C%EC%96%B4-100-day-24-flash-cards
d24-067,24,ruse,"계략, 책략, 음모",https://quizlet.com/kr/1208394665/%EA%B1%B0%EB%A7%8C%EC%96%B4-100-day-24-flash-cards
d24-068,24,rustic,"전원적인, 시골의",https://quizlet.com/kr/1208394665/%EA%B1%B0%EB%A7%8C%EC%96%B4-100-day-24-flash-cards
d24-069,24,sabotage,"고의적으로 방해하다, 파괴하다",https://quizlet.com/kr/1208394665/%EA%B1%B0%EB%A7%8C%EC%96%B4-100-day-24-flash-cards
d24-070,24,saccharine,"지나치게 달콤한, 지나치게 감상적인",https://quizlet.com/kr/1208394665/%EA%B1%B0%EB%A7%8C%EC%96%B4-100-day-24-flash-cards
d24-071,24,sacrilegious,"신성을 더럽히는, 신성모독의",https://quizlet.com/kr/1208394665/%EA%B1%B0%EB%A7%8C%EC%96%B4-100-day-24-flash-cards
d24-072,24,sacrosanct,"신성불가침의
inviolable",https://quizlet.com/kr/1208394665/%EA%B1%B0%EB%A7%8C%EC%96%B4-100-day-24-flash-cards
d24-073,24,sagacious,"현명한, 기민한",https://quizlet.com/kr/1208394665/%EA%B1%B0%EB%A7%8C%EC%96%B4-100-day-24-flash-cards
d24-074,24,salacious,"호색의, 음란한, 방탕한",https://quizlet.com/kr/1208394665/%EA%B1%B0%EB%A7%8C%EC%96%B4-100-day-24-flash-cards
d24-075,24,salient,"눈에 띄든, 중요한
visible",https://quizlet.com/kr/1208394665/%EA%B1%B0%EB%A7%8C%EC%96%B4-100-day-24-flash-cards
d24-076,24,saline,염분을 함유한; 짠,https://quizlet.com/kr/1208394665/%EA%B1%B0%EB%A7%8C%EC%96%B4-100-day-24-flash-cards
d24-077,24,sally,"반격, 돌격(하다)",https://quizlet.com/kr/1208394665/%EA%B1%B0%EB%A7%8C%EC%96%B4-100-day-24-flash-cards
d24-078,24,salubrious,"건강에 좋은, 유익한; (장소) 살기 좋은",https://quizlet.com/kr/1208394665/%EA%B1%B0%EB%A7%8C%EC%96%B4-100-day-24-flash-cards
d24-079,24,salutary,"유익한, 도움이 되는",https://quizlet.com/kr/1208394665/%EA%B1%B0%EB%A7%8C%EC%96%B4-100-day-24-flash-cards
d24-080,24,salvage,"(난파선이나 그 화물을) 구조하다, 해난구조하다",https://quizlet.com/kr/1208394665/%EA%B1%B0%EB%A7%8C%EC%96%B4-100-day-24-flash-cards
d24-081,24,salvation,"(죄로부터) 구원, 구제; 구출, 구제수단",https://quizlet.com/kr/1208394665/%EA%B1%B0%EB%A7%8C%EC%96%B4-100-day-24-flash-cards
d24-082,24,sanctimonious,"독실한 척하는, 위선적인",https://quizlet.com/kr/1208394665/%EA%B1%B0%EB%A7%8C%EC%96%B4-100-day-24-flash-cards
d24-083,24,sanction,"1. 허가하다, 승인하다 countenance, endorse
2. 제재",https://quizlet.com/kr/1208394665/%EA%B1%B0%EB%A7%8C%EC%96%B4-100-day-24-flash-cards
d24-084,24,sanctuary,"피난처, (동식물) 보호구역",https://quizlet.com/kr/1208394665/%EA%B1%B0%EB%A7%8C%EC%96%B4-100-day-24-flash-cards
d24-085,24,sangfroid,"침착, 냉정",https://quizlet.com/kr/1208394665/%EA%B1%B0%EB%A7%8C%EC%96%B4-100-day-24-flash-cards
d24-086,24,sanguine,"낙관적인, 쾌활한",https://quizlet.com/kr/1208394665/%EA%B1%B0%EB%A7%8C%EC%96%B4-100-day-24-flash-cards
d24-087,24,sap,쇠약하게 만들다,https://quizlet.com/kr/1208394665/%EA%B1%B0%EB%A7%8C%EC%96%B4-100-day-24-flash-cards
d24-088,24,sapient,"슬기로운, 지혜로운",https://quizlet.com/kr/1208394665/%EA%B1%B0%EB%A7%8C%EC%96%B4-100-day-24-flash-cards
d24-089,24,sarcastic,"빈정대는, 비아냥거리는",https://quizlet.com/kr/1208394665/%EA%B1%B0%EB%A7%8C%EC%96%B4-100-day-24-flash-cards
d24-090,24,sartorial,"재단사의, 의복의",https://quizlet.com/kr/1208394665/%EA%B1%B0%EB%A7%8C%EC%96%B4-100-day-24-flash-cards
d24-091,24,sate,충분히 만족시키다,https://quizlet.com/kr/1208394665/%EA%B1%B0%EB%A7%8C%EC%96%B4-100-day-24-flash-cards
d24-092,24,satiate,"충분히 만족시키다, 물리게 하다",https://quizlet.com/kr/1208394665/%EA%B1%B0%EB%A7%8C%EC%96%B4-100-day-24-flash-cards
d24-093,24,satire,풍자,https://quizlet.com/kr/1208394665/%EA%B1%B0%EB%A7%8C%EC%96%B4-100-day-24-flash-cards
d24-094,24,saturate,흠뻑 적시다; 포화시키다,https://quizlet.com/kr/1208394665/%EA%B1%B0%EB%A7%8C%EC%96%B4-100-day-24-flash-cards
d24-095,24,saturnine,"침울한, 우울한",https://quizlet.com/kr/1208394665/%EA%B1%B0%EB%A7%8C%EC%96%B4-100-day-24-flash-cards
d24-096,24,savor,"맛보다; 즐기다, 음미하다",https://quizlet.com/kr/1208394665/%EA%B1%B0%EB%A7%8C%EC%96%B4-100-day-24-flash-cards
d24-097,24,savory,짭짤하면서 맛있는; 평판이 좋은,https://quizlet.com/kr/1208394665/%EA%B1%B0%EB%A7%8C%EC%96%B4-100-day-24-flash-cards
d24-098,24,scant,"1. 적은, 불충분한 limited
2. (공급, 수량, 관심) 줄이다, 소홀히 다루다",https://quizlet.com/kr/1208394665/%EA%B1%B0%EB%A7%8C%EC%96%B4-100-day-24-flash-cards
d24-099,24,scanty,"적은, 불충분한; (옷, 천) 얇고 비치는",https://quizlet.com/kr/1208394665/%EA%B1%B0%EB%A7%8C%EC%96%B4-100-day-24-flash-cards
d24-100,24,scathing,"상처내는, 신랄한",https://quizlet.com/kr/1208394665/%EA%B1%B0%EB%A7%8C%EC%96%B4-100-day-24-flash-cards
d25-001,25,schematic,"도식적인, 지나치게 단순한",https://quizlet.com/kr/1208394747/%EA%B1%B0%EB%A7%8C%EC%96%B4-100-day-25-flash-cards
d25-002,25,scheme,"1. 음모, 모의
2. 음모를 꾸미다",https://quizlet.com/kr/1208394747/%EA%B1%B0%EB%A7%8C%EC%96%B4-100-day-25-flash-cards
d25-003,25,schism,"(교회) 분열, 분파",https://quizlet.com/kr/1208394747/%EA%B1%B0%EB%A7%8C%EC%96%B4-100-day-25-flash-cards
d25-004,25,scintillating,"번뜩이는, 재치가 넘치는",https://quizlet.com/kr/1208394747/%EA%B1%B0%EB%A7%8C%EC%96%B4-100-day-25-flash-cards
d25-005,25,scission,"절단, 분리, 분열",https://quizlet.com/kr/1208394747/%EA%B1%B0%EB%A7%8C%EC%96%B4-100-day-25-flash-cards
d25-006,25,score,"1. 악보, 총보
2. 편곡하다, (영화음악 등을) 작곡하다",https://quizlet.com/kr/1208394747/%EA%B1%B0%EB%A7%8C%EC%96%B4-100-day-25-flash-cards
d25-007,25,scrimp,"매우 아끼다, 인색하게 굴다",https://quizlet.com/kr/1208394747/%EA%B1%B0%EB%A7%8C%EC%96%B4-100-day-25-flash-cards
d25-008,25,scruple,"1. (나쁜 일 하기 전의) 양심의 가책, 양심에 의한 망설임, 거리낌, 주저함
2. (나쁜 일 하기를) 주저하다 [주로 부정문에서 사용]",https://quizlet.com/kr/1208394747/%EA%B1%B0%EB%A7%8C%EC%96%B4-100-day-25-flash-cards
d25-009,25,scrupulous,"1. 양심적인
2. 세심한, 꼼꼼한, 면밀한",https://quizlet.com/kr/1208394747/%EA%B1%B0%EB%A7%8C%EC%96%B4-100-day-25-flash-cards
d25-010,25,scrutinize,면밀히 살피다,https://quizlet.com/kr/1208394747/%EA%B1%B0%EB%A7%8C%EC%96%B4-100-day-25-flash-cards
d25-011,25,scuffle,"1. 난투하다
2. 난투",https://quizlet.com/kr/1208394747/%EA%B1%B0%EB%A7%8C%EC%96%B4-100-day-25-flash-cards
d25-012,25,scurrilous,"상스런, 저속한, 욕하는",https://quizlet.com/kr/1208394747/%EA%B1%B0%EB%A7%8C%EC%96%B4-100-day-25-flash-cards
d25-013,25,seamy,"지저분한, (도덕적으로) 불결한",https://quizlet.com/kr/1208394747/%EA%B1%B0%EB%A7%8C%EC%96%B4-100-day-25-flash-cards
d25-014,25,seasoned,"경험있는, 능숙한",https://quizlet.com/kr/1208394747/%EA%B1%B0%EB%A7%8C%EC%96%B4-100-day-25-flash-cards
d25-015,25,secession,"(정당, 교회 등으로부터의) 탈퇴, 탈당, 분리, 이탈",https://quizlet.com/kr/1208394747/%EA%B1%B0%EB%A7%8C%EC%96%B4-100-day-25-flash-cards
d25-016,25,secrete,"1. 분비하다
2. 감추다",https://quizlet.com/kr/1208394747/%EA%B1%B0%EB%A7%8C%EC%96%B4-100-day-25-flash-cards
d25-017,25,secretive,"비밀의, 숨기려 하는",https://quizlet.com/kr/1208394747/%EA%B1%B0%EB%A7%8C%EC%96%B4-100-day-25-flash-cards
d25-018,25,sectarian,"분파의, 종파심이 강한; 편협한",https://quizlet.com/kr/1208394747/%EA%B1%B0%EB%A7%8C%EC%96%B4-100-day-25-flash-cards
d25-019,25,secular,세속적인,https://quizlet.com/kr/1208394747/%EA%B1%B0%EB%A7%8C%EC%96%B4-100-day-25-flash-cards
d25-020,25,sedentary,주로 앉아 있는; 이주하지 않는,https://quizlet.com/kr/1208394747/%EA%B1%B0%EB%A7%8C%EC%96%B4-100-day-25-flash-cards
d25-021,25,seditious,"치안방해의, 선동적인",https://quizlet.com/kr/1208394747/%EA%B1%B0%EB%A7%8C%EC%96%B4-100-day-25-flash-cards
d25-022,25,sedulous,"근면 성실한, 주의 깊고 부지런한
asssiduous",https://quizlet.com/kr/1208394747/%EA%B1%B0%EB%A7%8C%EC%96%B4-100-day-25-flash-cards
d25-023,25,seemly,"예절을 지키는, (행동) 적절한",https://quizlet.com/kr/1208394747/%EA%B1%B0%EB%A7%8C%EC%96%B4-100-day-25-flash-cards
d25-024,25,seethe,(마음속이) 분노로 부글부글 끓다,https://quizlet.com/kr/1208394747/%EA%B1%B0%EB%A7%8C%EC%96%B4-100-day-25-flash-cards
d25-025,25,self-abasement,자기비하,https://quizlet.com/kr/1208394747/%EA%B1%B0%EB%A7%8C%EC%96%B4-100-day-25-flash-cards
d25-026,25,self-absorption,"자기 몰두, 자아도취",https://quizlet.com/kr/1208394747/%EA%B1%B0%EB%A7%8C%EC%96%B4-100-day-25-flash-cards
d25-027,25,self-contained,"자족적인, 자립하는, 완전히 독립적인",https://quizlet.com/kr/1208394747/%EA%B1%B0%EB%A7%8C%EC%96%B4-100-day-25-flash-cards
d25-028,25,self-conscious,"남을 의식하는, (유발 효과를) 의식하고 하는, 부자연스러운",https://quizlet.com/kr/1208394747/%EA%B1%B0%EB%A7%8C%EC%96%B4-100-day-25-flash-cards
d25-029,25,self-effacing,나서지 않는,https://quizlet.com/kr/1208394747/%EA%B1%B0%EB%A7%8C%EC%96%B4-100-day-25-flash-cards
d25-030,25,self-important,"잘난체 하는, 자만심에 빠진",https://quizlet.com/kr/1208394747/%EA%B1%B0%EB%A7%8C%EC%96%B4-100-day-25-flash-cards
d25-031,25,self-perpetuating,"저절로 계속되는, (관직) 유임하는",https://quizlet.com/kr/1208394747/%EA%B1%B0%EB%A7%8C%EC%96%B4-100-day-25-flash-cards
d25-032,25,self-possessed,"침착한, 냉정한",https://quizlet.com/kr/1208394747/%EA%B1%B0%EB%A7%8C%EC%96%B4-100-day-25-flash-cards
d25-033,25,self-serving,자기 잇속만 차리는,https://quizlet.com/kr/1208394747/%EA%B1%B0%EB%A7%8C%EC%96%B4-100-day-25-flash-cards
d25-034,25,self-styled,"자칭하는, 자임하는",https://quizlet.com/kr/1208394747/%EA%B1%B0%EB%A7%8C%EC%96%B4-100-day-25-flash-cards
d25-035,25,semantics,의미론; (단어의) 의미,https://quizlet.com/kr/1208394747/%EA%B1%B0%EB%A7%8C%EC%96%B4-100-day-25-flash-cards
d25-036,25,semblance,"1. 외양, 겉모습
2. 유사, 비슷한 것",https://quizlet.com/kr/1208394747/%EA%B1%B0%EB%A7%8C%EC%96%B4-100-day-25-flash-cards
d25-037,25,seminal,"중대한, 영향력이 큰",https://quizlet.com/kr/1208394747/%EA%B1%B0%EB%A7%8C%EC%96%B4-100-day-25-flash-cards
d25-038,25,senescence,"노화, 노쇠",https://quizlet.com/kr/1208394747/%EA%B1%B0%EB%A7%8C%EC%96%B4-100-day-25-flash-cards
d25-039,25,senile,노망이 든,https://quizlet.com/kr/1208394747/%EA%B1%B0%EB%A7%8C%EC%96%B4-100-day-25-flash-cards
d25-040,25,sententious,"무게를 잡는, 훈계조의
moralistic",https://quizlet.com/kr/1208394747/%EA%B1%B0%EB%A7%8C%EC%96%B4-100-day-25-flash-cards
d25-041,25,sentient,"감각이 있는, 느낄 수 있는",https://quizlet.com/kr/1208394747/%EA%B1%B0%EB%A7%8C%EC%96%B4-100-day-25-flash-cards
d25-042,25,sequential,"순차적인, 연속적인",https://quizlet.com/kr/1208394747/%EA%B1%B0%EB%A7%8C%EC%96%B4-100-day-25-flash-cards
d25-043,25,sequester,격리시키다,https://quizlet.com/kr/1208394747/%EA%B1%B0%EB%A7%8C%EC%96%B4-100-day-25-flash-cards
d25-044,25,seraphic,"천사의, 천사같은",https://quizlet.com/kr/1208394747/%EA%B1%B0%EB%A7%8C%EC%96%B4-100-day-25-flash-cards
d25-045,25,serendipity,"운수 좋은 뜻밖의 발견(물)
contingency",https://quizlet.com/kr/1208394747/%EA%B1%B0%EB%A7%8C%EC%96%B4-100-day-25-flash-cards
d25-046,25,serene,"고요한, 평온한",https://quizlet.com/kr/1208394747/%EA%B1%B0%EB%A7%8C%EC%96%B4-100-day-25-flash-cards
d25-047,25,serration,톱니모양,https://quizlet.com/kr/1208394747/%EA%B1%B0%EB%A7%8C%EC%96%B4-100-day-25-flash-cards
d25-048,25,serried,"(사람, 물건) 꽉 찬, 빽빽한",https://quizlet.com/kr/1208394747/%EA%B1%B0%EB%A7%8C%EC%96%B4-100-day-25-flash-cards
d25-049,25,serve,도움이 되다,https://quizlet.com/kr/1208394747/%EA%B1%B0%EB%A7%8C%EC%96%B4-100-day-25-flash-cards
d25-050,25,servitude,노예상태,https://quizlet.com/kr/1208394747/%EA%B1%B0%EB%A7%8C%EC%96%B4-100-day-25-flash-cards
d25-051,25,shackle,"1. 족쇄(쇠고랑)를 채우다
2. 억제하다 stifle",https://quizlet.com/kr/1208394747/%EA%B1%B0%EB%A7%8C%EC%96%B4-100-day-25-flash-cards
d25-052,25,shadow,미행하다,https://quizlet.com/kr/1208394747/%EA%B1%B0%EB%A7%8C%EC%96%B4-100-day-25-flash-cards
d25-053,25,shadowy,"그림자 드리워진, 희미한, 애매한",https://quizlet.com/kr/1208394747/%EA%B1%B0%EB%A7%8C%EC%96%B4-100-day-25-flash-cards
d25-054,25,sham,"1. 가짜의, 모조의
2. 모조품, 가품",https://quizlet.com/kr/1208394747/%EA%B1%B0%EB%A7%8C%EC%96%B4-100-day-25-flash-cards
d25-055,25,shard,"(도자기, 유리, 바위) 파편조각",https://quizlet.com/kr/1208394747/%EA%B1%B0%EB%A7%8C%EC%96%B4-100-day-25-flash-cards
d25-056,25,sheer,"1. 순전한, (강조) 완전한;
2. (절벽) 가파른;",https://quizlet.com/kr/1208394747/%EA%B1%B0%EB%A7%8C%EC%96%B4-100-day-25-flash-cards
d25-057,25,shiftless,야망이나 목적의식이 없는; 게으른,https://quizlet.com/kr/1208394747/%EA%B1%B0%EB%A7%8C%EC%96%B4-100-day-25-flash-cards
d25-058,25,shifty,"교활한, 속이는",https://quizlet.com/kr/1208394747/%EA%B1%B0%EB%A7%8C%EC%96%B4-100-day-25-flash-cards
d25-059,25,shirk,"(일, 책임, 의무) 기피하다, 회피하다
neglect",https://quizlet.com/kr/1208394747/%EA%B1%B0%EB%A7%8C%EC%96%B4-100-day-25-flash-cards
d25-060,25,shoddy,"1. (물건 등) 질 떨어지는, 볼품없는
2. (사람) 비도덕적인, 원칙이 없는",https://quizlet.com/kr/1208394747/%EA%B1%B0%EB%A7%8C%EC%96%B4-100-day-25-flash-cards
d25-061,25,shopocracy,(계층 또는 계급으로서의) 상점 주인들,https://quizlet.com/kr/1208394747/%EA%B1%B0%EB%A7%8C%EC%96%B4-100-day-25-flash-cards
d25-062,25,shore up,"지탱하다, 떠받치다",https://quizlet.com/kr/1208394747/%EA%B1%B0%EB%A7%8C%EC%96%B4-100-day-25-flash-cards
d25-063,25,shrewd,"현명한, 명민한
canny",https://quizlet.com/kr/1208394747/%EA%B1%B0%EB%A7%8C%EC%96%B4-100-day-25-flash-cards
d25-064,25,shrieking,"1. (소리, 말 등) 날카로운, 비명지르는 caterwauling
2. 날카로운 비명소리(악쓰기, 꽥)",https://quizlet.com/kr/1208394747/%EA%B1%B0%EB%A7%8C%EC%96%B4-100-day-25-flash-cards
d25-065,25,shrivel,"1. 줄어들어 주름지다, 시들다, 시들게하다
2. 위축되다, 무력해지다",https://quizlet.com/kr/1208394747/%EA%B1%B0%EB%A7%8C%EC%96%B4-100-day-25-flash-cards
d25-066,25,shrug off,~을 대수롭지 않게 취급하다,https://quizlet.com/kr/1208394747/%EA%B1%B0%EB%A7%8C%EC%96%B4-100-day-25-flash-cards
d25-067,25,shun,기피하다,https://quizlet.com/kr/1208394747/%EA%B1%B0%EB%A7%8C%EC%96%B4-100-day-25-flash-cards
d25-068,25,shy away from,(불안하거나 무서워서) ~을 피하다,https://quizlet.com/kr/1208394747/%EA%B1%B0%EB%A7%8C%EC%96%B4-100-day-25-flash-cards
d25-069,25,sideline,"1. 출전 못하게 하다
2. 열외로 하다",https://quizlet.com/kr/1208394747/%EA%B1%B0%EB%A7%8C%EC%96%B4-100-day-25-flash-cards
d25-070,25,sidestep,"(결정, 문제 등을) 회피하다
circumvent",https://quizlet.com/kr/1208394747/%EA%B1%B0%EB%A7%8C%EC%96%B4-100-day-25-flash-cards
d25-071,25,sift,"1. 체질을 하다.
2. 철저히 조사하다.
3. 분리하다, 가려내다 winnow",https://quizlet.com/kr/1208394747/%EA%B1%B0%EB%A7%8C%EC%96%B4-100-day-25-flash-cards
d25-072,25,simmer,(특히 화가 나서 속이) 부글부글 끓다,https://quizlet.com/kr/1208394747/%EA%B1%B0%EB%A7%8C%EC%96%B4-100-day-25-flash-cards
d25-073,25,simplistic,지나치게 단순화된,https://quizlet.com/kr/1208394747/%EA%B1%B0%EB%A7%8C%EC%96%B4-100-day-25-flash-cards
d25-074,25,simulate,"1. 흉내내다
2. 인척하다, 가장하다",https://quizlet.com/kr/1208394747/%EA%B1%B0%EB%A7%8C%EC%96%B4-100-day-25-flash-cards
d25-075,25,sinew,"1. 힘줄, 정력, 체력
2. 기운을 북돋우다, 힘을 내다",https://quizlet.com/kr/1208394747/%EA%B1%B0%EB%A7%8C%EC%96%B4-100-day-25-flash-cards
d25-076,25,singular,"1. 탁월한
2. 이상한, 특이한 anomalous, unique",https://quizlet.com/kr/1208394747/%EA%B1%B0%EB%A7%8C%EC%96%B4-100-day-25-flash-cards
d25-077,25,sinistral,왼쪽으로 감긴,https://quizlet.com/kr/1208394747/%EA%B1%B0%EB%A7%8C%EC%96%B4-100-day-25-flash-cards
d25-078,25,sinister,"불길한, 해를 입힐 것 같은; 사악한",https://quizlet.com/kr/1208394747/%EA%B1%B0%EB%A7%8C%EC%96%B4-100-day-25-flash-cards
d25-079,25,skeptic,"회의론자, 의심하는 사람",https://quizlet.com/kr/1208394747/%EA%B1%B0%EB%A7%8C%EC%96%B4-100-day-25-flash-cards
d25-080,25,sketchy,"대략적인
rudimentary, superficial",https://quizlet.com/kr/1208394747/%EA%B1%B0%EB%A7%8C%EC%96%B4-100-day-25-flash-cards
d25-081,25,skew,"1. 비스듬하게 되다, 방향을 틀다
2. 왜곡하다",https://quizlet.com/kr/1208394747/%EA%B1%B0%EB%A7%8C%EC%96%B4-100-day-25-flash-cards
d25-082,25,skimp,"아까워하다, 인색하게 굴다",https://quizlet.com/kr/1208394747/%EA%B1%B0%EB%A7%8C%EC%96%B4-100-day-25-flash-cards
d25-083,25,skirt,"1.가장자리에 있다, 가장자리를 지나다
2. 회피하다",https://quizlet.com/kr/1208394747/%EA%B1%B0%EB%A7%8C%EC%96%B4-100-day-25-flash-cards
d25-084,25,skittish,"1. (동물, 사람) 잘 놀라는, 겁 많은
2. (사람) 가벼운, 경박한
restive",https://quizlet.com/kr/1208394747/%EA%B1%B0%EB%A7%8C%EC%96%B4-100-day-25-flash-cards
d25-085,25,skulk,숨다; 살금살금 움직이다,https://quizlet.com/kr/1208394747/%EA%B1%B0%EB%A7%8C%EC%96%B4-100-day-25-flash-cards
d25-086,25,skullduggery,"야바위, 속임수",https://quizlet.com/kr/1208394747/%EA%B1%B0%EB%A7%8C%EC%96%B4-100-day-25-flash-cards
d25-087,25,slacken,"느슨하게 만들다, 느슨해지다, 느려지다, 약해지다",https://quizlet.com/kr/1208394747/%EA%B1%B0%EB%A7%8C%EC%96%B4-100-day-25-flash-cards
d25-088,25,slake,"갈증을 해소하다, 만족시키다
quench",https://quizlet.com/kr/1208394747/%EA%B1%B0%EB%A7%8C%EC%96%B4-100-day-25-flash-cards
d25-089,25,slander,"1. 중상, 욕, 비방
2. 중상하다, 명예를 훼손하다",https://quizlet.com/kr/1208394747/%EA%B1%B0%EB%A7%8C%EC%96%B4-100-day-25-flash-cards
d25-090,25,slant,"1. 기울다, 기울어지게 하다
2. 왜곡하다, 편향된 시각을 보여주다
3. (특히 편향된) 관점[견해/시각]",https://quizlet.com/kr/1208394747/%EA%B1%B0%EB%A7%8C%EC%96%B4-100-day-25-flash-cards
d25-091,25,slapdash,"서둘러서 아무렇게나 하는, 성의없는",https://quizlet.com/kr/1208394747/%EA%B1%B0%EB%A7%8C%EC%96%B4-100-day-25-flash-cards
d25-092,25,sleazy,"(행실이) 추잡한, 지저분한
sordid",https://quizlet.com/kr/1208394747/%EA%B1%B0%EB%A7%8C%EC%96%B4-100-day-25-flash-cards
d25-093,25,slick,"1. (행동, 방식) 매끄러운, 효율적인
2. 겉만 번지르르한, 매끄럽고 대단하지만 진실성이 없는, 얕은",https://quizlet.com/kr/1208394747/%EA%B1%B0%EB%A7%8C%EC%96%B4-100-day-25-flash-cards
d25-094,25,slight,"1. 적은, 조금의, 사소한, 대수롭지 않은, 가는
2. 모욕하다, 무시하다 disparage",https://quizlet.com/kr/1208394747/%EA%B1%B0%EB%A7%8C%EC%96%B4-100-day-25-flash-cards
d25-095,25,slink,"조용히, 은밀하게 움직이다",https://quizlet.com/kr/1208394747/%EA%B1%B0%EB%A7%8C%EC%96%B4-100-day-25-flash-cards
d25-096,25,slippery,"1. 정의하기 힘든, (주제, 문제) 파악하기 힘든 elusive
2. (사람) 약삭빠른, 신뢰할 수 없는",https://quizlet.com/kr/1208394747/%EA%B1%B0%EB%A7%8C%EC%96%B4-100-day-25-flash-cards
d25-097,25,slipshod,"1. 대충하는, 성의없는
2. 단정하지 못한, 닳아빠진 옷이나 신발을 신은",https://quizlet.com/kr/1208394747/%EA%B1%B0%EB%A7%8C%EC%96%B4-100-day-25-flash-cards
d25-098,25,slothful,게으른,https://quizlet.com/kr/1208394747/%EA%B1%B0%EB%A7%8C%EC%96%B4-100-day-25-flash-cards
d25-099,25,slouch,"1. 구부정하게 서있다/걷다 2. 게으름뱅이, 무능한 사람",https://quizlet.com/kr/1208394747/%EA%B1%B0%EB%A7%8C%EC%96%B4-100-day-25-flash-cards
d25-100,25,slovenly,"1. 되는대로 하는, 날림의
2. 지저분한, 단정치 못한",https://quizlet.com/kr/1208394747/%EA%B1%B0%EB%A7%8C%EC%96%B4-100-day-25-flash-cards
d26-001,26,sluggish,"둔한, 활력없는",https://quizlet.com/kr/1208394805/%EA%B1%B0%EB%A7%8C%EC%96%B4-100-day-26-flash-cards
d26-002,26,slur,"1. 중상하다, 비방하다
2. 중상, 비방(하는 말) aspersion",https://quizlet.com/kr/1208394805/%EA%B1%B0%EB%A7%8C%EC%96%B4-100-day-26-flash-cards
d26-003,26,smash,"1. 박살내다, 파괴하다
2. 격렬하게 충돌하다",https://quizlet.com/kr/1208394805/%EA%B1%B0%EB%A7%8C%EC%96%B4-100-day-26-flash-cards
d26-004,26,smattering,"1. 피상적인 지식
2. 적은 양",https://quizlet.com/kr/1208394805/%EA%B1%B0%EB%A7%8C%EC%96%B4-100-day-26-flash-cards
d26-005,26,smirk,(자기만족 또는 비웃듯이) 히죽웃다,https://quizlet.com/kr/1208394805/%EA%B1%B0%EB%A7%8C%EC%96%B4-100-day-26-flash-cards
d26-006,26,smother,"1. (입과 코를 막아서) 질식시키다
2. (감정, 행동) 억제하다",https://quizlet.com/kr/1208394805/%EA%B1%B0%EB%A7%8C%EC%96%B4-100-day-26-flash-cards
d26-007,26,smug,"자기만족하는, 우쭐한, 자부심 넘치는",https://quizlet.com/kr/1208394805/%EA%B1%B0%EB%A7%8C%EC%96%B4-100-day-26-flash-cards
d26-008,26,smuggle,밀수하다,https://quizlet.com/kr/1208394805/%EA%B1%B0%EB%A7%8C%EC%96%B4-100-day-26-flash-cards
d26-009,26,snag,"곤란한 일, 문제, 장애",https://quizlet.com/kr/1208394805/%EA%B1%B0%EB%A7%8C%EC%96%B4-100-day-26-flash-cards
d26-010,26,snarl,"뒤엉키게 하다, 방해하다",https://quizlet.com/kr/1208394805/%EA%B1%B0%EB%A7%8C%EC%96%B4-100-day-26-flash-cards
d26-011,26,sneer,"1. 비웃다, 조롱하다, 조소하다
2. 조롱, 조소",https://quizlet.com/kr/1208394805/%EA%B1%B0%EB%A7%8C%EC%96%B4-100-day-26-flash-cards
d26-012,26,soar,(하늘로) 높이 올라가다; 치솟다,https://quizlet.com/kr/1208394805/%EA%B1%B0%EB%A7%8C%EC%96%B4-100-day-26-flash-cards
d26-013,26,sober,"1. (행동, 분위기가) 조용한, 근엄한, 엄숙한 staid
2. (색상, 복장이) 차분한, 어두운
3. (사람을) 진지하고 심각하게 만들다",https://quizlet.com/kr/1208394805/%EA%B1%B0%EB%A7%8C%EC%96%B4-100-day-26-flash-cards
d26-014,26,solicit,"요청하다, 구하다, 간청하다",https://quizlet.com/kr/1208394805/%EA%B1%B0%EB%A7%8C%EC%96%B4-100-day-26-flash-cards
d26-015,26,solicitous,걱정하는,https://quizlet.com/kr/1208394805/%EA%B1%B0%EB%A7%8C%EC%96%B4-100-day-26-flash-cards
d26-016,26,solidarity,"연대, 결속, 단결
camaraderie",https://quizlet.com/kr/1208394805/%EA%B1%B0%EB%A7%8C%EC%96%B4-100-day-26-flash-cards
d26-017,26,solidify,"1. 공고히 하다, 강화하다
2. 공고해지다, 강화되다, 경화되다",https://quizlet.com/kr/1208394805/%EA%B1%B0%EB%A7%8C%EC%96%B4-100-day-26-flash-cards
d26-018,26,solvent,"1. 지급 능력이 있는
2. 녹이는, 용해력이 있는",https://quizlet.com/kr/1208394805/%EA%B1%B0%EB%A7%8C%EC%96%B4-100-day-26-flash-cards
d26-019,26,somnolent,"1. 졸린, 잠오는 lethargic
2. 잠오게 하는, 조용한, 나른한",https://quizlet.com/kr/1208394805/%EA%B1%B0%EB%A7%8C%EC%96%B4-100-day-26-flash-cards
d26-020,26,sonorous,"(목소리) 좋은, 낭랑한",https://quizlet.com/kr/1208394805/%EA%B1%B0%EB%A7%8C%EC%96%B4-100-day-26-flash-cards
d26-021,26,soothe,"1. 달래다, 진정시키다 deflate
2. 통증을 줄여주다",https://quizlet.com/kr/1208394805/%EA%B1%B0%EB%A7%8C%EC%96%B4-100-day-26-flash-cards
d26-022,26,soothsayer,"예언자, 점쟁이",https://quizlet.com/kr/1208394805/%EA%B1%B0%EB%A7%8C%EC%96%B4-100-day-26-flash-cards
d26-023,26,sop,달래려고 준 것; 뇌물,https://quizlet.com/kr/1208394805/%EA%B1%B0%EB%A7%8C%EC%96%B4-100-day-26-flash-cards
d26-024,26,sophism,"궤변, 잘못된 이론",https://quizlet.com/kr/1208394805/%EA%B1%B0%EB%A7%8C%EC%96%B4-100-day-26-flash-cards
d26-025,26,sophisticated,"1. 정교하고 복잡한, 발달된
2. 세상을 많이 아는, 세련된",https://quizlet.com/kr/1208394805/%EA%B1%B0%EB%A7%8C%EC%96%B4-100-day-26-flash-cards
d26-026,26,sophistry,궤변(법),https://quizlet.com/kr/1208394805/%EA%B1%B0%EB%A7%8C%EC%96%B4-100-day-26-flash-cards
d26-027,26,sophomoric,"아는 척하는, 젠체하지만 미성숙한",https://quizlet.com/kr/1208394805/%EA%B1%B0%EB%A7%8C%EC%96%B4-100-day-26-flash-cards
d26-028,26,soporific,"1. 수면성의, 잠이 오게하는, 졸리는
2. 지루한, 단조로운",https://quizlet.com/kr/1208394805/%EA%B1%B0%EB%A7%8C%EC%96%B4-100-day-26-flash-cards
d26-029,26,sordid,"추잡스런, 더러운, 비열한
sleazy",https://quizlet.com/kr/1208394805/%EA%B1%B0%EB%A7%8C%EC%96%B4-100-day-26-flash-cards
d26-030,26,sparse,"희박한, 드문드문 있는",https://quizlet.com/kr/1208394805/%EA%B1%B0%EB%A7%8C%EC%96%B4-100-day-26-flash-cards
d26-031,26,spartan,"엄격한, 간소한, 사치부리지 않는",https://quizlet.com/kr/1208394805/%EA%B1%B0%EB%A7%8C%EC%96%B4-100-day-26-flash-cards
d26-032,26,spate,많은 양,https://quizlet.com/kr/1208394805/%EA%B1%B0%EB%A7%8C%EC%96%B4-100-day-26-flash-cards
d26-033,26,specious,"허울좋은, 겉만 번드르르한, 실제로는 잘못된
spurious",https://quizlet.com/kr/1208394805/%EA%B1%B0%EB%A7%8C%EC%96%B4-100-day-26-flash-cards
d26-034,26,spectrum,범위,https://quizlet.com/kr/1208394805/%EA%B1%B0%EB%A7%8C%EC%96%B4-100-day-26-flash-cards
d26-035,26,speculate,"1. 추측하다, 억측하다
2. 심사숙고하다, 곰곰히 생각하다",https://quizlet.com/kr/1208394805/%EA%B1%B0%EB%A7%8C%EC%96%B4-100-day-26-flash-cards
d26-036,26,speculative,"추측에 의한, 이론적인
conjectural, unsubstantiated",https://quizlet.com/kr/1208394805/%EA%B1%B0%EB%A7%8C%EC%96%B4-100-day-26-flash-cards
d26-037,26,spendthrift,"방탕아, 탕진하는",https://quizlet.com/kr/1208394805/%EA%B1%B0%EB%A7%8C%EC%96%B4-100-day-26-flash-cards
d26-038,26,spent,"(힘, 에너지) 소진된",https://quizlet.com/kr/1208394805/%EA%B1%B0%EB%A7%8C%EC%96%B4-100-day-26-flash-cards
d26-039,26,spent,"(힘, 에너지) 소진된",https://quizlet.com/kr/1208394805/%EA%B1%B0%EB%A7%8C%EC%96%B4-100-day-26-flash-cards
d26-040,26,spew,"유출하다, 분출하다",https://quizlet.com/kr/1208394805/%EA%B1%B0%EB%A7%8C%EC%96%B4-100-day-26-flash-cards
d26-041,26,sprited,"활기(용기, 열의) 넘치는
vigorous",https://quizlet.com/kr/1208394805/%EA%B1%B0%EB%A7%8C%EC%96%B4-100-day-26-flash-cards
d26-042,26,splenetic,"까다로운, 성깔 있는",https://quizlet.com/kr/1208394805/%EA%B1%B0%EB%A7%8C%EC%96%B4-100-day-26-flash-cards
d26-043,26,splurge,"1. 돈 펑펑 쓰기
2. 돈 펑펑 쓰다",https://quizlet.com/kr/1208394805/%EA%B1%B0%EB%A7%8C%EC%96%B4-100-day-26-flash-cards
d26-044,26,spontaneous,"1. 사전계획이나 외부적 자극없이 행해진, 충동, 즉흥적으로 움직이는, 자발적인
2. 저절로 움직이는",https://quizlet.com/kr/1208394805/%EA%B1%B0%EB%A7%8C%EC%96%B4-100-day-26-flash-cards
d26-045,26,sporadic,간헐적인,https://quizlet.com/kr/1208394805/%EA%B1%B0%EB%A7%8C%EC%96%B4-100-day-26-flash-cards
d26-046,26,sprawl,불규칙하게 퍼져 있다,https://quizlet.com/kr/1208394805/%EA%B1%B0%EB%A7%8C%EC%96%B4-100-day-26-flash-cards
d26-047,26,spur,"1. 박차를 가하다, 독려하다, 자극하다
2. 자극제",https://quizlet.com/kr/1208394805/%EA%B1%B0%EB%A7%8C%EC%96%B4-100-day-26-flash-cards
d26-048,26,spurious,"가짜의, 허위의
specious, artificial",https://quizlet.com/kr/1208394805/%EA%B1%B0%EB%A7%8C%EC%96%B4-100-day-26-flash-cards
d26-049,26,spurn,"경멸하며 거절하다, 퇴짜놓다
flout",https://quizlet.com/kr/1208394805/%EA%B1%B0%EB%A7%8C%EC%96%B4-100-day-26-flash-cards
d26-050,26,squabble,사소한 말다툼,https://quizlet.com/kr/1208394805/%EA%B1%B0%EB%A7%8C%EC%96%B4-100-day-26-flash-cards
d26-051,26,squalid,"1. 지저분한, 더러운
2. 추잡스런, 부도덕한",https://quizlet.com/kr/1208394805/%EA%B1%B0%EB%A7%8C%EC%96%B4-100-day-26-flash-cards
d26-052,26,squander,"탕진하다, 낭비하다",https://quizlet.com/kr/1208394805/%EA%B1%B0%EB%A7%8C%EC%96%B4-100-day-26-flash-cards
d26-053,26,square with,"일치시키다; 일치하다, 맞다
conform to",https://quizlet.com/kr/1208394805/%EA%B1%B0%EB%A7%8C%EC%96%B4-100-day-26-flash-cards
d26-054,26,squarely,"1. 정면으로, 똑바로
2. 직접적으로, 단호하게
3. 정확히, 바로

square(반듯한, 공정한) + -ly(부사형)",https://quizlet.com/kr/1208394805/%EA%B1%B0%EB%A7%8C%EC%96%B4-100-day-26-flash-cards
d26-055,26,squash,"1. 진압하다, 억압하다
2. 거부하다",https://quizlet.com/kr/1208394805/%EA%B1%B0%EB%A7%8C%EC%96%B4-100-day-26-flash-cards
d26-056,26,squeamish,"1. 비위가 약한
2. 너무 까다로운",https://quizlet.com/kr/1208394805/%EA%B1%B0%EB%A7%8C%EC%96%B4-100-day-26-flash-cards
d26-057,26,squelch,"억제하다, 억압하다, 진압하다",https://quizlet.com/kr/1208394805/%EA%B1%B0%EB%A7%8C%EC%96%B4-100-day-26-flash-cards
d26-058,26,stagger,"1. 비틀거리다, 오락가락하다
2. 깜짝 놀라게 하다, 충격을 주다",https://quizlet.com/kr/1208394805/%EA%B1%B0%EB%A7%8C%EC%96%B4-100-day-26-flash-cards
d26-059,26,stagnant,"(물이) 고여있는, 침체된",https://quizlet.com/kr/1208394805/%EA%B1%B0%EB%A7%8C%EC%96%B4-100-day-26-flash-cards
d26-060,26,staid,"조용한, 차분한, 착실한
sober",https://quizlet.com/kr/1208394805/%EA%B1%B0%EB%A7%8C%EC%96%B4-100-day-26-flash-cards
d26-061,26,stain,"1. 얼룩, 흠
2. 더럽히다",https://quizlet.com/kr/1208394805/%EA%B1%B0%EB%A7%8C%EC%96%B4-100-day-26-flash-cards
d26-062,26,stale,"1. (음식이 오래되서) 신선하지 않은, 마른, 딱딱한, 삐쩍 마른
2. 진부한, 재미없는",https://quizlet.com/kr/1208394805/%EA%B1%B0%EB%A7%8C%EC%96%B4-100-day-26-flash-cards
d26-063,26,stalemate,"교착상태, 꼼짝할 수 없는 상태",https://quizlet.com/kr/1208394805/%EA%B1%B0%EB%A7%8C%EC%96%B4-100-day-26-flash-cards
d26-064,26,stalwart,"1. 충성된, 마음이 확고한, 그런 사람
2. 튼튼한, 건장한, 그런 사람",https://quizlet.com/kr/1208394805/%EA%B1%B0%EB%A7%8C%EC%96%B4-100-day-26-flash-cards
d26-065,26,stanch,흐름을 막다,https://quizlet.com/kr/1208394805/%EA%B1%B0%EB%A7%8C%EC%96%B4-100-day-26-flash-cards
d26-066,26,standoffish,"쌀쌀맞은, 마음을 잘 열지 않는, 무뚝뚝한",https://quizlet.com/kr/1208394805/%EA%B1%B0%EB%A7%8C%EC%96%B4-100-day-26-flash-cards
d26-067,26,stark,"1. 완전한, 순전한;
2. (차이) 극명한, 지나치게 뚜렷한;
3. 황량한, 삭막한;",https://quizlet.com/kr/1208394805/%EA%B1%B0%EB%A7%8C%EC%96%B4-100-day-26-flash-cards
d26-068,26,stasis,"정지상태, 균형상태
inertia",https://quizlet.com/kr/1208394805/%EA%B1%B0%EB%A7%8C%EC%96%B4-100-day-26-flash-cards
d26-069,26,static,정지된,https://quizlet.com/kr/1208394805/%EA%B1%B0%EB%A7%8C%EC%96%B4-100-day-26-flash-cards
d26-070,26,staunch,"확고한, 충실한
zealous",https://quizlet.com/kr/1208394805/%EA%B1%B0%EB%A7%8C%EC%96%B4-100-day-26-flash-cards
d26-071,26,stave off,"막다, 피하다, 면하다
forestall",https://quizlet.com/kr/1208394805/%EA%B1%B0%EB%A7%8C%EC%96%B4-100-day-26-flash-cards
d26-072,26,steep,"1. (경사, 증가) 가파른
2. 가격, 요구 등이 터무니 없는, 너무 비싼
3. 흠뻑 적시다",https://quizlet.com/kr/1208394805/%EA%B1%B0%EB%A7%8C%EC%96%B4-100-day-26-flash-cards
d26-073,26,stem,"1. 에서 기인하다, 생겨나다
2. (흐름을) 막다, 멎게 하다 check, arrest",https://quizlet.com/kr/1208394805/%EA%B1%B0%EB%A7%8C%EC%96%B4-100-day-26-flash-cards
d26-074,26,stench,악취,https://quizlet.com/kr/1208394805/%EA%B1%B0%EB%A7%8C%EC%96%B4-100-day-26-flash-cards
d26-075,26,stentorian,"(소리) 우렁찬, 울리는",https://quizlet.com/kr/1208394805/%EA%B1%B0%EB%A7%8C%EC%96%B4-100-day-26-flash-cards
d26-076,26,sterling,"매우 뛰어난, 훌륭한, 신뢰할 만한",https://quizlet.com/kr/1208394805/%EA%B1%B0%EB%A7%8C%EC%96%B4-100-day-26-flash-cards
d26-077,26,stickler,"끝까지 주장하는 사람, 까다로운 사람",https://quizlet.com/kr/1208394805/%EA%B1%B0%EB%A7%8C%EC%96%B4-100-day-26-flash-cards
d26-078,26,stifle,"1. 숨막히게 하다
2. 제한하다, 억제하다 shackle",https://quizlet.com/kr/1208394805/%EA%B1%B0%EB%A7%8C%EC%96%B4-100-day-26-flash-cards
d26-079,26,stigmatize,낙인을 찍다; 비난하다; 오명을 씌우다,https://quizlet.com/kr/1208394805/%EA%B1%B0%EB%A7%8C%EC%96%B4-100-day-26-flash-cards
d26-080,26,stilted,"(글, 말) 형식적인, 부자연스러운",https://quizlet.com/kr/1208394805/%EA%B1%B0%EB%A7%8C%EC%96%B4-100-day-26-flash-cards
d26-081,26,stipulate,"(계약 등의) 조건으로서 ~ 요구하다; 규정하다, 명기하다, 명문화하다",https://quizlet.com/kr/1208394805/%EA%B1%B0%EB%A7%8C%EC%96%B4-100-day-26-flash-cards
d26-082,26,stodgy,"1. 지루하고 재미없는
2. 고지식한, 매우 보수적인",https://quizlet.com/kr/1208394805/%EA%B1%B0%EB%A7%8C%EC%96%B4-100-day-26-flash-cards
d26-083,26,stoic,고통을 참고 내색하지 않는; 감정을 드러내지 않는,https://quizlet.com/kr/1208394805/%EA%B1%B0%EB%A7%8C%EC%96%B4-100-day-26-flash-cards
d26-084,26,stolid,"차분한, 침착한; 둔감한, 무감한
phlegmatic",https://quizlet.com/kr/1208394805/%EA%B1%B0%EB%A7%8C%EC%96%B4-100-day-26-flash-cards
d26-085,26,stopgap,임시변통,https://quizlet.com/kr/1208394805/%EA%B1%B0%EB%A7%8C%EC%96%B4-100-day-26-flash-cards
d26-086,26,straightforward,"1. 복잡하지 않은, 이해하기 쉬운
2. 솔직한, 직설적인",https://quizlet.com/kr/1208394805/%EA%B1%B0%EB%A7%8C%EC%96%B4-100-day-26-flash-cards
d26-087,26,strain,"1. 잡아당기다; 무리하게 사용하다
2. 긴장시키다; 부담을 주다
3. 긴장, 부담; (근육 등의) 염좌
4. (동식물·병원체의) 계통, 변종

고대 프랑스어 estreindre(단단히 묶다, 압박하다) ← 라틴어 stringere(팽팽하게 당기다)",https://quizlet.com/kr/1208394805/%EA%B1%B0%EB%A7%8C%EC%96%B4-100-day-26-flash-cards
d26-088,26,strained,"억지로 갖다 붙인, 부자연스러운",https://quizlet.com/kr/1208394805/%EA%B1%B0%EB%A7%8C%EC%96%B4-100-day-26-flash-cards
d26-089,26,stratagem,"계략, 책략, 음모",https://quizlet.com/kr/1208394805/%EA%B1%B0%EB%A7%8C%EC%96%B4-100-day-26-flash-cards
d26-090,26,stratify,계층화하다,https://quizlet.com/kr/1208394805/%EA%B1%B0%EB%A7%8C%EC%96%B4-100-day-26-flash-cards
d26-091,26,stray,"1. (있어야할 곳을 벗어나) 헤매다
2. (생각논의 등이) 옆길로 새다[(딴 생각이나 이야기로) 벗어나다]",https://quizlet.com/kr/1208394805/%EA%B1%B0%EB%A7%8C%EC%96%B4-100-day-26-flash-cards
d26-092,26,streamline,"(일, 과정) 능률적으로 하다, 간소화하다",https://quizlet.com/kr/1208394805/%EA%B1%B0%EB%A7%8C%EC%96%B4-100-day-26-flash-cards
d26-093,26,strenuous,"몹시 힘든, 격렬한, 힘든, 분투하는",https://quizlet.com/kr/1208394805/%EA%B1%B0%EB%A7%8C%EC%96%B4-100-day-26-flash-cards
d26-094,26,strident,"1. (소리가) 불쾌한, 귀에 거슬리는, 삐걱거리는
2. (주장이) 강한, 단호한",https://quizlet.com/kr/1208394805/%EA%B1%B0%EB%A7%8C%EC%96%B4-100-day-26-flash-cards
d26-095,26,strife,"분쟁, 투쟁, 갈등",https://quizlet.com/kr/1208394805/%EA%B1%B0%EB%A7%8C%EC%96%B4-100-day-26-flash-cards
d26-096,26,stringent,"엄격한, 엄한
exacting",https://quizlet.com/kr/1208394805/%EA%B1%B0%EB%A7%8C%EC%96%B4-100-day-26-flash-cards
d26-097,26,strive,"노력하다, 애쓰다",https://quizlet.com/kr/1208394805/%EA%B1%B0%EB%A7%8C%EC%96%B4-100-day-26-flash-cards
d26-098,26,strut,거만하게 걷다,https://quizlet.com/kr/1208394805/%EA%B1%B0%EB%A7%8C%EC%96%B4-100-day-26-flash-cards
d26-099,26,stultify,"1. 바보처럼 보이게 하다
2. 쓸모없게 만들다, 무효로 하다",https://quizlet.com/kr/1208394805/%EA%B1%B0%EB%A7%8C%EC%96%B4-100-day-26-flash-cards
d26-100,26,stump,"1. 그루터기
2. (너무 어려운 질문, 문제로) 쩔쩔매게[당황하게] 하다",https://quizlet.com/kr/1208394805/%EA%B1%B0%EB%A7%8C%EC%96%B4-100-day-26-flash-cards
d27-001,27,stun,"깜짝 놀라게 하다, (멍해질 정도로) 큰 충격을 주다",https://quizlet.com/kr/1208394887/%EA%B1%B0%EB%A7%8C%EC%96%B4-100-day-27-flash-cards
d27-002,27,stupefy,"멍하게 하다, 대경실색케 하다",https://quizlet.com/kr/1208394887/%EA%B1%B0%EB%A7%8C%EC%96%B4-100-day-27-flash-cards
d27-003,27,sturdy,"1. (물건이) 튼튼한, 견고한
2. (사람, 동물, 몸이) 튼튼한, 건장한
3. 확고한, 단호한",https://quizlet.com/kr/1208394887/%EA%B1%B0%EB%A7%8C%EC%96%B4-100-day-27-flash-cards
d27-004,27,stymie,"(진행을) 방해하다, 막다",https://quizlet.com/kr/1208394887/%EA%B1%B0%EB%A7%8C%EC%96%B4-100-day-27-flash-cards
d27-005,27,subdue,"1. (감정이나 사람) 가라앉히다, 억누르다
2. 정복하다",https://quizlet.com/kr/1208394887/%EA%B1%B0%EB%A7%8C%EC%96%B4-100-day-27-flash-cards
d27-006,27,subjugate,"굴복시키다, 지배하다",https://quizlet.com/kr/1208394887/%EA%B1%B0%EB%A7%8C%EC%96%B4-100-day-27-flash-cards
d27-007,27,sublime,숭고한,https://quizlet.com/kr/1208394887/%EA%B1%B0%EB%A7%8C%EC%96%B4-100-day-27-flash-cards
d27-008,27,submerge,"물에 푹 빠뜨리다, 잠수시키다",https://quizlet.com/kr/1208394887/%EA%B1%B0%EB%A7%8C%EC%96%B4-100-day-27-flash-cards
d27-009,27,submissive,"순종하는, 순응하는",https://quizlet.com/kr/1208394887/%EA%B1%B0%EB%A7%8C%EC%96%B4-100-day-27-flash-cards
d27-010,27,subordinate,"1. 종속적인; 부차적인
2. 종속시키다, 지배하에 두다",https://quizlet.com/kr/1208394887/%EA%B1%B0%EB%A7%8C%EC%96%B4-100-day-27-flash-cards
d27-011,27,subsequent,"추후의, 나중의, 뒤에 이어지는",https://quizlet.com/kr/1208394887/%EA%B1%B0%EB%A7%8C%EC%96%B4-100-day-27-flash-cards
d27-012,27,subservient,"1. 복종하는, 굴종하는
2. 부차적인, 부수적인",https://quizlet.com/kr/1208394887/%EA%B1%B0%EB%A7%8C%EC%96%B4-100-day-27-flash-cards
d27-013,27,subside,"약해지다, (갈등, 미움) 가라앉다",https://quizlet.com/kr/1208394887/%EA%B1%B0%EB%A7%8C%EC%96%B4-100-day-27-flash-cards
d27-014,27,subsidiary,"보조적인, 덜 중요한",https://quizlet.com/kr/1208394887/%EA%B1%B0%EB%A7%8C%EC%96%B4-100-day-27-flash-cards
d27-015,27,subsidy,"보조금, 장려금, 기부금",https://quizlet.com/kr/1208394887/%EA%B1%B0%EB%A7%8C%EC%96%B4-100-day-27-flash-cards
d27-016,27,substantial,"1. 상당히 크고 중요한
2. 튼튼한
3. 현실적인, 물질적인
4. 본질적인",https://quizlet.com/kr/1208394887/%EA%B1%B0%EB%A7%8C%EC%96%B4-100-day-27-flash-cards
d27-017,27,substantiate,"입증하다
corroborate",https://quizlet.com/kr/1208394887/%EA%B1%B0%EB%A7%8C%EC%96%B4-100-day-27-flash-cards
d27-018,27,substantive,"현실적인, 중요한, 의미있는",https://quizlet.com/kr/1208394887/%EA%B1%B0%EB%A7%8C%EC%96%B4-100-day-27-flash-cards
d27-019,27,subsume,"(규칙, 원칙에) 포함시키다",https://quizlet.com/kr/1208394887/%EA%B1%B0%EB%A7%8C%EC%96%B4-100-day-27-flash-cards
d27-020,27,subterfuge,"핑계, 구설, 속임수",https://quizlet.com/kr/1208394887/%EA%B1%B0%EB%A7%8C%EC%96%B4-100-day-27-flash-cards
d27-021,27,subtle,"1. (분석하거나 인지하기 힘들만큼) 미묘한
2. (사람이나 분석이) 날카로운, 민감한
3. (구분이) 정확한, 정밀한",https://quizlet.com/kr/1208394887/%EA%B1%B0%EB%A7%8C%EC%96%B4-100-day-27-flash-cards
d27-022,27,subvert,"(권력, 시스템을) 약화시키다, 전복시키다
undermine",https://quizlet.com/kr/1208394887/%EA%B1%B0%EB%A7%8C%EC%96%B4-100-day-27-flash-cards
d27-023,27,succinct,간결한,https://quizlet.com/kr/1208394887/%EA%B1%B0%EB%A7%8C%EC%96%B4-100-day-27-flash-cards
d27-024,27,succor,"1. 원조하다, 돕다
2. 원조, 도움",https://quizlet.com/kr/1208394887/%EA%B1%B0%EB%A7%8C%EC%96%B4-100-day-27-flash-cards
d27-025,27,succulent,"과즙이 많은, 맛있는",https://quizlet.com/kr/1208394887/%EA%B1%B0%EB%A7%8C%EC%96%B4-100-day-27-flash-cards
d27-026,27,succumb to,"1. (압력, 유혹 등에) 굴복하다, 항복하다 yield to
2. 병으로 쓰러지다, 죽다",https://quizlet.com/kr/1208394887/%EA%B1%B0%EB%A7%8C%EC%96%B4-100-day-27-flash-cards
d27-027,27,suckle,"젖을 물리다, 젖을 빨리다",https://quizlet.com/kr/1208394887/%EA%B1%B0%EB%A7%8C%EC%96%B4-100-day-27-flash-cards
d27-028,27,suffrage,참정권,https://quizlet.com/kr/1208394887/%EA%B1%B0%EB%A7%8C%EC%96%B4-100-day-27-flash-cards
d27-029,27,sulky,"성질 더러운, 토라진, 뚱한, 삐진",https://quizlet.com/kr/1208394887/%EA%B1%B0%EB%A7%8C%EC%96%B4-100-day-27-flash-cards
d27-030,27,sullen,"성질 더러운, 토라진, 뚱한",https://quizlet.com/kr/1208394887/%EA%B1%B0%EB%A7%8C%EC%96%B4-100-day-27-flash-cards
d27-031,27,sully,더럽히다,https://quizlet.com/kr/1208394887/%EA%B1%B0%EB%A7%8C%EC%96%B4-100-day-27-flash-cards
d27-032,27,sumptuous,"호화로운, 사치스러운",https://quizlet.com/kr/1208394887/%EA%B1%B0%EB%A7%8C%EC%96%B4-100-day-27-flash-cards
d27-033,27,sunder,"분리하다, 절단하다",https://quizlet.com/kr/1208394887/%EA%B1%B0%EB%A7%8C%EC%96%B4-100-day-27-flash-cards
d27-034,27,superannuation,"1. 노령자 연금, 은퇴자 연금
2. 은퇴, (연금 수력하는) 퇴직; [비유적] 노후, 노쇠",https://quizlet.com/kr/1208394887/%EA%B1%B0%EB%A7%8C%EC%96%B4-100-day-27-flash-cards
d27-035,27,superb,탁월한,https://quizlet.com/kr/1208394887/%EA%B1%B0%EB%A7%8C%EC%96%B4-100-day-27-flash-cards
d27-036,27,supercilious,"거만한, 건방진",https://quizlet.com/kr/1208394887/%EA%B1%B0%EB%A7%8C%EC%96%B4-100-day-27-flash-cards
d27-037,27,superficial,"1. 표면적인, 외적인
2. 피상적인, 깊이가 없는, 성의없는",https://quizlet.com/kr/1208394887/%EA%B1%B0%EB%A7%8C%EC%96%B4-100-day-27-flash-cards
d27-038,27,superfluous,"잉여의, 불필요한
uncalled-for",https://quizlet.com/kr/1208394887/%EA%B1%B0%EB%A7%8C%EC%96%B4-100-day-27-flash-cards
d27-039,27,superlative,"최고의, 최상급의
praiseworthy",https://quizlet.com/kr/1208394887/%EA%B1%B0%EB%A7%8C%EC%96%B4-100-day-27-flash-cards
d27-040,27,supersede,"대신하다, 대체하다
supplant",https://quizlet.com/kr/1208394887/%EA%B1%B0%EB%A7%8C%EC%96%B4-100-day-27-flash-cards
d27-041,27,supplant,"대신하다, 대체하다, 찬탈하다
supersede",https://quizlet.com/kr/1208394887/%EA%B1%B0%EB%A7%8C%EC%96%B4-100-day-27-flash-cards
d27-042,27,supple,"유연한, 잘휘는",https://quizlet.com/kr/1208394887/%EA%B1%B0%EB%A7%8C%EC%96%B4-100-day-27-flash-cards
d27-043,27,supplement,"보완하다, 보충하다",https://quizlet.com/kr/1208394887/%EA%B1%B0%EB%A7%8C%EC%96%B4-100-day-27-flash-cards
d27-044,27,suppliant,"1. 간청하는 사람, 탄원하는 사람
2. 간청하는, 탄원하는",https://quizlet.com/kr/1208394887/%EA%B1%B0%EB%A7%8C%EC%96%B4-100-day-27-flash-cards
d27-045,27,supplicate,"간청하다, 탄원하다",https://quizlet.com/kr/1208394887/%EA%B1%B0%EB%A7%8C%EC%96%B4-100-day-27-flash-cards
d27-046,27,supreme,최고의,https://quizlet.com/kr/1208394887/%EA%B1%B0%EB%A7%8C%EC%96%B4-100-day-27-flash-cards
d27-047,27,surfeit,"과다
overabundance, glut, plethora",https://quizlet.com/kr/1208394887/%EA%B1%B0%EB%A7%8C%EC%96%B4-100-day-27-flash-cards
d27-048,27,surge,"1. 급증, 쇄도
2. 급증하다, 쇄도하다",https://quizlet.com/kr/1208394887/%EA%B1%B0%EB%A7%8C%EC%96%B4-100-day-27-flash-cards
d27-049,27,surly,"퉁명스런, 성질 못된, 무례한",https://quizlet.com/kr/1208394887/%EA%B1%B0%EB%A7%8C%EC%96%B4-100-day-27-flash-cards
d27-050,27,surmise,"추정하다, 짐작하다",https://quizlet.com/kr/1208394887/%EA%B1%B0%EB%A7%8C%EC%96%B4-100-day-27-flash-cards
d27-051,27,surmount,극복하다,https://quizlet.com/kr/1208394887/%EA%B1%B0%EB%A7%8C%EC%96%B4-100-day-27-flash-cards
d27-052,27,surpass,능가하다,https://quizlet.com/kr/1208394887/%EA%B1%B0%EB%A7%8C%EC%96%B4-100-day-27-flash-cards
d27-053,27,surrender,"포기하다, 양보하다, 양도하다",https://quizlet.com/kr/1208394887/%EA%B1%B0%EB%A7%8C%EC%96%B4-100-day-27-flash-cards
d27-054,27,surreptitious,은밀한,https://quizlet.com/kr/1208394887/%EA%B1%B0%EB%A7%8C%EC%96%B4-100-day-27-flash-cards
d27-055,27,surrogate,"대리의, 대행의",https://quizlet.com/kr/1208394887/%EA%B1%B0%EB%A7%8C%EC%96%B4-100-day-27-flash-cards
d27-056,27,susceptible,"1. ~에 취약한, 당하기 쉬운, 걸리기 쉬운, 쉽게 영향을 받는 (to)
2. (분석, 연구 치료) ~을 받아들일 수 있는, ~을 허용하는, ~을 하기 쉬운",https://quizlet.com/kr/1208394887/%EA%B1%B0%EB%A7%8C%EC%96%B4-100-day-27-flash-cards
d27-057,27,suspend,"1. 매달다
2. 중단시키다
3. 연기시키다",https://quizlet.com/kr/1208394887/%EA%B1%B0%EB%A7%8C%EC%96%B4-100-day-27-flash-cards
d27-058,27,suspended,(침전물 등이 용액이나 공기중에) 부유하는,https://quizlet.com/kr/1208394887/%EA%B1%B0%EB%A7%8C%EC%96%B4-100-day-27-flash-cards
d27-059,27,sustain,"1. 유지하다, 계속하다
2. 지탱하다
3. (피해, 고통) 당하다, 입다",https://quizlet.com/kr/1208394887/%EA%B1%B0%EB%A7%8C%EC%96%B4-100-day-27-flash-cards
d27-060,27,swath,"넓은 지역, 넓은 길",https://quizlet.com/kr/1208394887/%EA%B1%B0%EB%A7%8C%EC%96%B4-100-day-27-flash-cards
d27-061,27,sway,"1. (의견 등) 흔들리다
2. (남의 맘이나 의견 등) 흔들다, 기울게 하다",https://quizlet.com/kr/1208394887/%EA%B1%B0%EB%A7%8C%EC%96%B4-100-day-27-flash-cards
d27-062,27,sweeping,"1. (영향력) 광범위한
2. 압도적인",https://quizlet.com/kr/1208394887/%EA%B1%B0%EB%A7%8C%EC%96%B4-100-day-27-flash-cards
d27-063,27,swerve,방향을 갑자기 바꾸다,https://quizlet.com/kr/1208394887/%EA%B1%B0%EB%A7%8C%EC%96%B4-100-day-27-flash-cards
d27-064,27,swill,"1. 벌컥벌컥 마시다
2. (아주 많은 양) 한 모금",https://quizlet.com/kr/1208394887/%EA%B1%B0%EB%A7%8C%EC%96%B4-100-day-27-flash-cards
d27-065,27,swindle,"사기치다
defraud",https://quizlet.com/kr/1208394887/%EA%B1%B0%EB%A7%8C%EC%96%B4-100-day-27-flash-cards
d27-066,27,sybarite,쾌락주의자,https://quizlet.com/kr/1208394887/%EA%B1%B0%EB%A7%8C%EC%96%B4-100-day-27-flash-cards
d27-067,27,sycophant,아첨꾼,https://quizlet.com/kr/1208394887/%EA%B1%B0%EB%A7%8C%EC%96%B4-100-day-27-flash-cards
d27-068,27,symbiosis,공생,https://quizlet.com/kr/1208394887/%EA%B1%B0%EB%A7%8C%EC%96%B4-100-day-27-flash-cards
d27-069,27,symmetrical,"대칭의, 대칭적인, 균형잡힌",https://quizlet.com/kr/1208394887/%EA%B1%B0%EB%A7%8C%EC%96%B4-100-day-27-flash-cards
d27-070,27,synchoronous,동시발생의,https://quizlet.com/kr/1208394887/%EA%B1%B0%EB%A7%8C%EC%96%B4-100-day-27-flash-cards
d27-071,27,synoptic,요약의,https://quizlet.com/kr/1208394887/%EA%B1%B0%EB%A7%8C%EC%96%B4-100-day-27-flash-cards
d27-072,27,syntactic,"통사론적인, 문장구성의",https://quizlet.com/kr/1208394887/%EA%B1%B0%EB%A7%8C%EC%96%B4-100-day-27-flash-cards
d27-073,27,synthesize,"합성하다, 종합하다",https://quizlet.com/kr/1208394887/%EA%B1%B0%EB%A7%8C%EC%96%B4-100-day-27-flash-cards
d27-074,27,systemic,"(부분과 반대의미의 전체) 체계의, 전체적인",https://quizlet.com/kr/1208394887/%EA%B1%B0%EB%A7%8C%EC%96%B4-100-day-27-flash-cards
d27-075,27,tacit,암묵적인,https://quizlet.com/kr/1208394887/%EA%B1%B0%EB%A7%8C%EC%96%B4-100-day-27-flash-cards
d27-076,27,taciturn,"과묵한
laconic",https://quizlet.com/kr/1208394887/%EA%B1%B0%EB%A7%8C%EC%96%B4-100-day-27-flash-cards
d27-077,27,tact,"(사람, 상황을 잘 다루어 불쾌하게 하지 않는) 센스, 재치, 배려심과 수완",https://quizlet.com/kr/1208394887/%EA%B1%B0%EB%A7%8C%EC%96%B4-100-day-27-flash-cards
d27-078,27,tactile,"만질 수 있는, 구체적인, 촉각의",https://quizlet.com/kr/1208394887/%EA%B1%B0%EB%A7%8C%EC%96%B4-100-day-27-flash-cards
d27-079,27,tactless,"재치 없는, 수완이 없는; 무뚝뚝한",https://quizlet.com/kr/1208394887/%EA%B1%B0%EB%A7%8C%EC%96%B4-100-day-27-flash-cards
d27-080,27,tailor,"(필요, 목적에 맞게) 변경하다, 제단하다",https://quizlet.com/kr/1208394887/%EA%B1%B0%EB%A7%8C%EC%96%B4-100-day-27-flash-cards
d27-081,27,taint,더럽히다,https://quizlet.com/kr/1208394887/%EA%B1%B0%EB%A7%8C%EC%96%B4-100-day-27-flash-cards
d27-082,27,tangential,"주변의, 핵심에서 벗어난",https://quizlet.com/kr/1208394887/%EA%B1%B0%EB%A7%8C%EC%96%B4-100-day-27-flash-cards
d27-083,27,tangible,"만질 수 있는, 현실적인, 구체적인",https://quizlet.com/kr/1208394887/%EA%B1%B0%EB%A7%8C%EC%96%B4-100-day-27-flash-cards
d27-084,27,tantalize,감질나게 하다; 자극하다,https://quizlet.com/kr/1208394887/%EA%B1%B0%EB%A7%8C%EC%96%B4-100-day-27-flash-cards
d27-085,27,tantamount,"비슷한, 동등한",https://quizlet.com/kr/1208394887/%EA%B1%B0%EB%A7%8C%EC%96%B4-100-day-27-flash-cards
d27-086,27,tantrum,"역정, 울화",https://quizlet.com/kr/1208394887/%EA%B1%B0%EB%A7%8C%EC%96%B4-100-day-27-flash-cards
d27-087,27,tarnish,"1. 광택을 잃다/잃게 하다;
2. 명예를 더럽히다",https://quizlet.com/kr/1208394887/%EA%B1%B0%EB%A7%8C%EC%96%B4-100-day-27-flash-cards
d27-088,27,tart,"날카로운, 통렬한, 신랄한, 비꼬는",https://quizlet.com/kr/1208394887/%EA%B1%B0%EB%A7%8C%EC%96%B4-100-day-27-flash-cards
d27-089,27,taunt,"자극하다, 조롱하다",https://quizlet.com/kr/1208394887/%EA%B1%B0%EB%A7%8C%EC%96%B4-100-day-27-flash-cards
d27-090,27,taut,"팽팽한, 긴장된",https://quizlet.com/kr/1208394887/%EA%B1%B0%EB%A7%8C%EC%96%B4-100-day-27-flash-cards
d27-091,27,tawdry,"1. 장식만 번지르르하고 싸구려의
2. (성적으로) 추잡스러운",https://quizlet.com/kr/1208394887/%EA%B1%B0%EB%A7%8C%EC%96%B4-100-day-27-flash-cards
d27-092,27,tax,"1. 무리한 요구를 하다, 과중한 부담을 주다
2. 책망하다, 비난하다",https://quizlet.com/kr/1208394887/%EA%B1%B0%EB%A7%8C%EC%96%B4-100-day-27-flash-cards
d27-093,27,taxing,"부담이 무거운, 성가신, 힘든",https://quizlet.com/kr/1208394887/%EA%B1%B0%EB%A7%8C%EC%96%B4-100-day-27-flash-cards
d27-094,27,technical,"1. 기술적인, 실용적인
2. 전문적인 지식을 요구하는",https://quizlet.com/kr/1208394887/%EA%B1%B0%EB%A7%8C%EC%96%B4-100-day-27-flash-cards
d27-095,27,tedious,"지루한, 재미없는",https://quizlet.com/kr/1208394887/%EA%B1%B0%EB%A7%8C%EC%96%B4-100-day-27-flash-cards
d27-096,27,teem (with),가득하다,https://quizlet.com/kr/1208394887/%EA%B1%B0%EB%A7%8C%EC%96%B4-100-day-27-flash-cards
d27-097,27,teeter,비틀거리다,https://quizlet.com/kr/1208394887/%EA%B1%B0%EB%A7%8C%EC%96%B4-100-day-27-flash-cards
d27-098,27,telling,"시사하는 바가 큰, 효과적인, 강력한, 충격적인",https://quizlet.com/kr/1208394887/%EA%B1%B0%EB%A7%8C%EC%96%B4-100-day-27-flash-cards
d27-099,27,temerity,"지나친 자신감, 무모함, 뻔뻔함",https://quizlet.com/kr/1208394887/%EA%B1%B0%EB%A7%8C%EC%96%B4-100-day-27-flash-cards
d27-100,27,temper,"1. 누그러뜨리다, 완화시키다 moderate, modulate
2. (쇠를) 담금질[단련]하다, 강화시키다
3. 기질
4. 화, 분노, 노기",https://quizlet.com/kr/1208394887/%EA%B1%B0%EB%A7%8C%EC%96%B4-100-day-27-flash-cards
d28-001,28,temperament,"성격, 기질, 성품",https://quizlet.com/kr/1208394973/%EA%B1%B0%EB%A7%8C%EC%96%B4-100-day-28-flash-cards
d28-002,28,temperate,"(기후) 온화한, 절제하는",https://quizlet.com/kr/1208394973/%EA%B1%B0%EB%A7%8C%EC%96%B4-100-day-28-flash-cards
d28-003,28,tempestuous,"(상황이나 기질이) 격정적인, 격렬한, 격동의",https://quizlet.com/kr/1208394973/%EA%B1%B0%EB%A7%8C%EC%96%B4-100-day-28-flash-cards
d28-004,28,temporal,"1. 현세의, 속세의
2. 시간의, 시간의 제약을 받는",https://quizlet.com/kr/1208394973/%EA%B1%B0%EB%A7%8C%EC%96%B4-100-day-28-flash-cards
d28-005,28,temporize,"1. 우물쭈물하다, 미적지근한 태도를 취하다
2. 대세에 따르다",https://quizlet.com/kr/1208394973/%EA%B1%B0%EB%A7%8C%EC%96%B4-100-day-28-flash-cards
d28-006,28,tenable,"(반대, 공격) 방어할 수 있는, 견뎌내는",https://quizlet.com/kr/1208394973/%EA%B1%B0%EB%A7%8C%EC%96%B4-100-day-28-flash-cards
d28-007,28,tenacious,"끈기 있는, 완강한",https://quizlet.com/kr/1208394973/%EA%B1%B0%EB%A7%8C%EC%96%B4-100-day-28-flash-cards
d28-008,28,tendentious,편향적인,https://quizlet.com/kr/1208394973/%EA%B1%B0%EB%A7%8C%EC%96%B4-100-day-28-flash-cards
d28-009,28,tender,"1. 제출하다
2. 입찰하다",https://quizlet.com/kr/1208394973/%EA%B1%B0%EB%A7%8C%EC%96%B4-100-day-28-flash-cards
d28-010,28,tenor,"1. 취지, 대의
2. (삶의) 성격, 성질; 상태",https://quizlet.com/kr/1208394973/%EA%B1%B0%EB%A7%8C%EC%96%B4-100-day-28-flash-cards
d28-011,28,tentative,"1. 잠정적인
2. 주저하는",https://quizlet.com/kr/1208394973/%EA%B1%B0%EB%A7%8C%EC%96%B4-100-day-28-flash-cards
d28-012,28,tenuous,"1. (연결, 근거 등) 약한, 빈약한
2. 가늘고 섬세한; 가벼운, 묽은, 엷은, 얇은...",https://quizlet.com/kr/1208394973/%EA%B1%B0%EB%A7%8C%EC%96%B4-100-day-28-flash-cards
d28-013,28,tepid,"1. 미지근한
2. 열정이 거의 없는",https://quizlet.com/kr/1208394973/%EA%B1%B0%EB%A7%8C%EC%96%B4-100-day-28-flash-cards
d28-014,28,terrestrial,"1. 육생의
2. 지구의
3. 세속의",https://quizlet.com/kr/1208394973/%EA%B1%B0%EB%A7%8C%EC%96%B4-100-day-28-flash-cards
d28-015,28,terse,"간결한, (대답이) 짧은; 퉁명스러운",https://quizlet.com/kr/1208394973/%EA%B1%B0%EB%A7%8C%EC%96%B4-100-day-28-flash-cards
d28-016,28,testimonial,"추천서; 감사, 찬양의 표현",https://quizlet.com/kr/1208394973/%EA%B1%B0%EB%A7%8C%EC%96%B4-100-day-28-flash-cards
d28-017,28,testy,"조급한, 쉽게 화내는",https://quizlet.com/kr/1208394973/%EA%B1%B0%EB%A7%8C%EC%96%B4-100-day-28-flash-cards
d28-018,28,tether,"(동물을) 매어 놓다, 속박하다",https://quizlet.com/kr/1208394973/%EA%B1%B0%EB%A7%8C%EC%96%B4-100-day-28-flash-cards
d28-019,28,thin-skinned,"신경 과민의(touchy), 화를 잘내는",https://quizlet.com/kr/1208394973/%EA%B1%B0%EB%A7%8C%EC%96%B4-100-day-28-flash-cards
d28-020,28,thorny,"어려운, 곤란한",https://quizlet.com/kr/1208394973/%EA%B1%B0%EB%A7%8C%EC%96%B4-100-day-28-flash-cards
d28-021,28,thoroughgoing,철저한,https://quizlet.com/kr/1208394973/%EA%B1%B0%EB%A7%8C%EC%96%B4-100-day-28-flash-cards
d28-022,28,threadbare,"1. (옷이) 해어지고 낡은
2. 진부한, 흔해 빠진",https://quizlet.com/kr/1208394973/%EA%B1%B0%EB%A7%8C%EC%96%B4-100-day-28-flash-cards
d28-023,28,thrift,"검소함
a. thrifty 검소한",https://quizlet.com/kr/1208394973/%EA%B1%B0%EB%A7%8C%EC%96%B4-100-day-28-flash-cards
d28-024,28,thrive,"번성하다, 무성하게 자라다",https://quizlet.com/kr/1208394973/%EA%B1%B0%EB%A7%8C%EC%96%B4-100-day-28-flash-cards
d28-025,28,throng,"1. 군중, 인파
2. 많은 수로 모이다",https://quizlet.com/kr/1208394973/%EA%B1%B0%EB%A7%8C%EC%96%B4-100-day-28-flash-cards
d28-026,28,thwart,"막다, 좌절시키다",https://quizlet.com/kr/1208394973/%EA%B1%B0%EB%A7%8C%EC%96%B4-100-day-28-flash-cards
d28-027,28,ticklish,"까다로운, 신경질적인, 화를 잘 내는
difficult, tricky, touchy, vexed",https://quizlet.com/kr/1208394973/%EA%B1%B0%EB%A7%8C%EC%96%B4-100-day-28-flash-cards
d28-028,28,tiff,"사소한 말다툼
quarrel, squabble, argument, disagreement",https://quizlet.com/kr/1208394973/%EA%B1%B0%EB%A7%8C%EC%96%B4-100-day-28-flash-cards
d28-029,28,tilt,"1. 기울다; 기울게 하다
2. 기울어진 자세나 움직임",https://quizlet.com/kr/1208394973/%EA%B1%B0%EB%A7%8C%EC%96%B4-100-day-28-flash-cards
d28-030,28,timbre,"(높이, 세기가 같아도 느낌이 다른) 음색, 음질, 성질, 특색",https://quizlet.com/kr/1208394973/%EA%B1%B0%EB%A7%8C%EC%96%B4-100-day-28-flash-cards
d28-031,28,timid,"부끄럽고 겁먹은, 소심한",https://quizlet.com/kr/1208394973/%EA%B1%B0%EB%A7%8C%EC%96%B4-100-day-28-flash-cards
d28-032,28,timorous,"겁먹은, 소심한, 자신감이 없는",https://quizlet.com/kr/1208394973/%EA%B1%B0%EB%A7%8C%EC%96%B4-100-day-28-flash-cards
d28-033,28,tinge,"물들이다, 영향을 주다",https://quizlet.com/kr/1208394973/%EA%B1%B0%EB%A7%8C%EC%96%B4-100-day-28-flash-cards
d28-034,28,tirade,"장광설, 신랄한 공격",https://quizlet.com/kr/1208394973/%EA%B1%B0%EB%A7%8C%EC%96%B4-100-day-28-flash-cards
d28-035,28,tiresome,"지루하게 하는, 짜증나게 하는",https://quizlet.com/kr/1208394973/%EA%B1%B0%EB%A7%8C%EC%96%B4-100-day-28-flash-cards
d28-036,28,toady,"1. 아첨하는 사람
2. 아첨하다",https://quizlet.com/kr/1208394973/%EA%B1%B0%EB%A7%8C%EC%96%B4-100-day-28-flash-cards
d28-037,28,toil,"애쓰다, 열심히 일하다",https://quizlet.com/kr/1208394973/%EA%B1%B0%EB%A7%8C%EC%96%B4-100-day-28-flash-cards
d28-038,28,tolerance,"관대, 용인, 남을 인정해 주는 마음
acceptance, toleration, forbearance",https://quizlet.com/kr/1208394973/%EA%B1%B0%EB%A7%8C%EC%96%B4-100-day-28-flash-cards
d28-039,28,tolerate,"용인해 주다, 차이를 인정해주다
Brook",https://quizlet.com/kr/1208394973/%EA%B1%B0%EB%A7%8C%EC%96%B4-100-day-28-flash-cards
d28-040,28,tonic,"힘을 주는, 원기왕성하게 하는 restorative",https://quizlet.com/kr/1208394973/%EA%B1%B0%EB%A7%8C%EC%96%B4-100-day-28-flash-cards
d28-041,28,toothsome,맛있는,https://quizlet.com/kr/1208394973/%EA%B1%B0%EB%A7%8C%EC%96%B4-100-day-28-flash-cards
d28-042,28,topple,"1. 앞으로 꼬꾸라지다, 비틀거리다
2. 몰락시키다, (권좌에서) 끌어 내리다",https://quizlet.com/kr/1208394973/%EA%B1%B0%EB%A7%8C%EC%96%B4-100-day-28-flash-cards
d28-043,28,topsy-turvy,"거꾸로, 머리를 아래로; 뒤죽박죽",https://quizlet.com/kr/1208394973/%EA%B1%B0%EB%A7%8C%EC%96%B4-100-day-28-flash-cards
d28-044,28,torment,"1. 고통, 통증
2. 고통을 주다, 괴롭히다",https://quizlet.com/kr/1208394973/%EA%B1%B0%EB%A7%8C%EC%96%B4-100-day-28-flash-cards
d28-045,28,torpid,"1. 활발하지 못한, 무기력한
2. (동물) 동면중에 있는",https://quizlet.com/kr/1208394973/%EA%B1%B0%EB%A7%8C%EC%96%B4-100-day-28-flash-cards
d28-046,28,torrid,"매우 덥고 건조한
hot, dry, searing, blazing, sweltering",https://quizlet.com/kr/1208394973/%EA%B1%B0%EB%A7%8C%EC%96%B4-100-day-28-flash-cards
d28-047,28,tortuous,"1. 구불구불한 anfractuous
2. 에두르는, 솔직하지 못한 convoluted",https://quizlet.com/kr/1208394973/%EA%B1%B0%EB%A7%8C%EC%96%B4-100-day-28-flash-cards
d28-048,28,totalitarian,"전체주의적인, 전체주의의",https://quizlet.com/kr/1208394973/%EA%B1%B0%EB%A7%8C%EC%96%B4-100-day-28-flash-cards
d28-049,28,totemic,"토템의, 상징하는
emblematic",https://quizlet.com/kr/1208394973/%EA%B1%B0%EB%A7%8C%EC%96%B4-100-day-28-flash-cards
d28-050,28,touchy,"1. 지나치게 민감한
2. (상황) 민감하여 다루기 힘든",https://quizlet.com/kr/1208394973/%EA%B1%B0%EB%A7%8C%EC%96%B4-100-day-28-flash-cards
d28-051,28,tout,"과대 선전하다, 몹시 칭송하다",https://quizlet.com/kr/1208394973/%EA%B1%B0%EB%A7%8C%EC%96%B4-100-day-28-flash-cards
d28-052,28,trace,"1. 극소량, 미량(의)
2. 기미",https://quizlet.com/kr/1208394973/%EA%B1%B0%EB%A7%8C%EC%96%B4-100-day-28-flash-cards
d28-053,28,tractable,"다루기 쉬운, 유순한",https://quizlet.com/kr/1208394973/%EA%B1%B0%EB%A7%8C%EC%96%B4-100-day-28-flash-cards
d28-054,28,trail,(흔적을) 따라가다,https://quizlet.com/kr/1208394973/%EA%B1%B0%EB%A7%8C%EC%96%B4-100-day-28-flash-cards
d28-055,28,trammel,"방해, 장애, 속박
restraint, constraint, curb",https://quizlet.com/kr/1208394973/%EA%B1%B0%EB%A7%8C%EC%96%B4-100-day-28-flash-cards
d28-056,28,trample,"짓밟다, 무시하다",https://quizlet.com/kr/1208394973/%EA%B1%B0%EB%A7%8C%EC%96%B4-100-day-28-flash-cards
d28-057,28,tranquil,"고요한, 평온한",https://quizlet.com/kr/1208394973/%EA%B1%B0%EB%A7%8C%EC%96%B4-100-day-28-flash-cards
d28-058,28,transcend,초월하다,https://quizlet.com/kr/1208394973/%EA%B1%B0%EB%A7%8C%EC%96%B4-100-day-28-flash-cards
d28-059,28,transcribe,"(그대로) 옮겨쓰다, 복사하다",https://quizlet.com/kr/1208394973/%EA%B1%B0%EB%A7%8C%EC%96%B4-100-day-28-flash-cards
d28-060,28,transfer,"1. (직위, 부처, 거처) 이동하다, 이전하다
2. (권리, 재산) 양도하다, 양보하다",https://quizlet.com/kr/1208394973/%EA%B1%B0%EB%A7%8C%EC%96%B4-100-day-28-flash-cards
d28-061,28,transgression,"위반, 범죄, 죄",https://quizlet.com/kr/1208394973/%EA%B1%B0%EB%A7%8C%EC%96%B4-100-day-28-flash-cards
d28-062,28,transient,일시적인,https://quizlet.com/kr/1208394973/%EA%B1%B0%EB%A7%8C%EC%96%B4-100-day-28-flash-cards
d28-063,28,transitory,"영원하지 않은, 일시적인 ephemeral",https://quizlet.com/kr/1208394973/%EA%B1%B0%EB%A7%8C%EC%96%B4-100-day-28-flash-cards
d28-064,28,translucent,"1. 반투명의
2. 명쾌한, 이해하기 쉬운",https://quizlet.com/kr/1208394973/%EA%B1%B0%EB%A7%8C%EC%96%B4-100-day-28-flash-cards
d28-065,28,transmogrify,"(특히 깜짝 놀랄 정도로) 바꾸다, 둔갑시키다",https://quizlet.com/kr/1208394973/%EA%B1%B0%EB%A7%8C%EC%96%B4-100-day-28-flash-cards
d28-066,28,transmute,"성질을 바꾸다, 변형하다",https://quizlet.com/kr/1208394973/%EA%B1%B0%EB%A7%8C%EC%96%B4-100-day-28-flash-cards
d28-067,28,transparent,"1. 투명한
2. 이해하기 쉬운, 명쾌한 unambiguous",https://quizlet.com/kr/1208394973/%EA%B1%B0%EB%A7%8C%EC%96%B4-100-day-28-flash-cards
d28-068,28,transplant,"1. 옮겨심다, 이식하다
2. 이주시키다, 이주하다",https://quizlet.com/kr/1208394973/%EA%B1%B0%EB%A7%8C%EC%96%B4-100-day-28-flash-cards
d28-069,28,treacherous,"배신하는, 속이는, 믿을 수 없는",https://quizlet.com/kr/1208394973/%EA%B1%B0%EB%A7%8C%EC%96%B4-100-day-28-flash-cards
d28-070,28,tremulous,"소심한, 심약한",https://quizlet.com/kr/1208394973/%EA%B1%B0%EB%A7%8C%EC%96%B4-100-day-28-flash-cards
d28-071,28,trenchant,"(표현이) 신랄한, 날카로운; 명쾌한, 효과적인",https://quizlet.com/kr/1208394973/%EA%B1%B0%EB%A7%8C%EC%96%B4-100-day-28-flash-cards
d28-072,28,trepidation,두려움,https://quizlet.com/kr/1208394973/%EA%B1%B0%EB%A7%8C%EC%96%B4-100-day-28-flash-cards
d28-073,28,trespass,"1. 침입하다, 침해하다
2. 잘못하다, 죄짓다 sin, transgress, err, do wrong",https://quizlet.com/kr/1208394973/%EA%B1%B0%EB%A7%8C%EC%96%B4-100-day-28-flash-cards
d28-074,28,tribute,"감사, 존경, 찬양의 표시 encomium",https://quizlet.com/kr/1208394973/%EA%B1%B0%EB%A7%8C%EC%96%B4-100-day-28-flash-cards
d28-075,28,trickster,"사기꾼, 협잡꾼
crook, conman, impostor, swindler, cheat",https://quizlet.com/kr/1208394973/%EA%B1%B0%EB%A7%8C%EC%96%B4-100-day-28-flash-cards
d28-076,28,trigger,"(상황, 감정, 행동 등을) 유발시키다, (장비) 작동시키다
precipitate, prompt, elicit, spark, provoke, cause, launch",https://quizlet.com/kr/1208394973/%EA%B1%B0%EB%A7%8C%EC%96%B4-100-day-28-flash-cards
d28-077,28,trite,진부한,https://quizlet.com/kr/1208394973/%EA%B1%B0%EB%A7%8C%EC%96%B4-100-day-28-flash-cards
d28-078,28,trivialize,"(실제보다) 시시하게 보이게 하다;경시하다
minimize, underplay, treat lightly, dismiss",https://quizlet.com/kr/1208394973/%EA%B1%B0%EB%A7%8C%EC%96%B4-100-day-28-flash-cards
d28-079,28,trounce,"(경기, 경쟁) 크게 이기다",https://quizlet.com/kr/1208394973/%EA%B1%B0%EB%A7%8C%EC%96%B4-100-day-28-flash-cards
d28-080,28,truculent,"싸우기 좋아하는, 호전적인, 공격적인 pugnacious",https://quizlet.com/kr/1208394973/%EA%B1%B0%EB%A7%8C%EC%96%B4-100-day-28-flash-cards
d28-081,28,truism,"자명한 이치, 뻔히 아는 일",https://quizlet.com/kr/1208394973/%EA%B1%B0%EB%A7%8C%EC%96%B4-100-day-28-flash-cards
d28-082,28,truncate,길이를 줄이다,https://quizlet.com/kr/1208394973/%EA%B1%B0%EB%A7%8C%EC%96%B4-100-day-28-flash-cards
d28-083,28,tumultuous,"시끄러운, 요동하는
uproarious, noisy, clamorous, stormy",https://quizlet.com/kr/1208394973/%EA%B1%B0%EB%A7%8C%EC%96%B4-100-day-28-flash-cards
d28-084,28,turbid,(액체) 탁한,https://quizlet.com/kr/1208394973/%EA%B1%B0%EB%A7%8C%EC%96%B4-100-day-28-flash-cards
d28-085,28,turbulent,무질서하고 혼란스러운,https://quizlet.com/kr/1208394973/%EA%B1%B0%EB%A7%8C%EC%96%B4-100-day-28-flash-cards
d28-086,28,turgid,"과장된, 허풍떠는",https://quizlet.com/kr/1208394973/%EA%B1%B0%EB%A7%8C%EC%96%B4-100-day-28-flash-cards
d28-087,28,turmoil,"소란, 혼란, 불안, 동요",https://quizlet.com/kr/1208394973/%EA%B1%B0%EB%A7%8C%EC%96%B4-100-day-28-flash-cards
d28-088,28,tyranny,"폭정, 전제정치",https://quizlet.com/kr/1208394973/%EA%B1%B0%EB%A7%8C%EC%96%B4-100-day-28-flash-cards
d28-089,28,tyro,"초심자, 초보자",https://quizlet.com/kr/1208394973/%EA%B1%B0%EB%A7%8C%EC%96%B4-100-day-28-flash-cards
d28-090,28,ubiquitous,어디에나 있는,https://quizlet.com/kr/1208394973/%EA%B1%B0%EB%A7%8C%EC%96%B4-100-day-28-flash-cards
d28-091,28,umbrage,"불쾌감, 화",https://quizlet.com/kr/1208394973/%EA%B1%B0%EB%A7%8C%EC%96%B4-100-day-28-flash-cards
d28-092,28,unabated,"줄어들지 않는, 약해지지 않는 undiminished",https://quizlet.com/kr/1208394973/%EA%B1%B0%EB%A7%8C%EC%96%B4-100-day-28-flash-cards
d28-093,28,unaccountable,"설명되지 않는, 설명할 수 없는",https://quizlet.com/kr/1208394973/%EA%B1%B0%EB%A7%8C%EC%96%B4-100-day-28-flash-cards
d28-094,28,unaffected,"꾸밈, 가장없는, 허세부리지 않는",https://quizlet.com/kr/1208394973/%EA%B1%B0%EB%A7%8C%EC%96%B4-100-day-28-flash-cards
d28-095,28,unalloyed,"순수한, (감정) 다른 것이 섞이지 않은 unqualified",https://quizlet.com/kr/1208394973/%EA%B1%B0%EB%A7%8C%EC%96%B4-100-day-28-flash-cards
d28-096,28,unanimous,만장일치의,https://quizlet.com/kr/1208394973/%EA%B1%B0%EB%A7%8C%EC%96%B4-100-day-28-flash-cards
d28-097,28,unappreciated,"충분히 이해되지 않은, 인정받지 못한",https://quizlet.com/kr/1208394973/%EA%B1%B0%EB%A7%8C%EC%96%B4-100-day-28-flash-cards
d28-098,28,unassailable,"난공불락의, 논쟁의 여지가 없는 sound",https://quizlet.com/kr/1208394973/%EA%B1%B0%EB%A7%8C%EC%96%B4-100-day-28-flash-cards
d28-099,28,unassuming,"겸손한, 허세부리지 않는 modest",https://quizlet.com/kr/1208394973/%EA%B1%B0%EB%A7%8C%EC%96%B4-100-day-28-flash-cards
d28-100,28,unbounded,"무한한, 억제되지 않은",https://quizlet.com/kr/1208394973/%EA%B1%B0%EB%A7%8C%EC%96%B4-100-day-28-flash-cards
d29-001,29,unbridled,"구속되지 않은, 자유로운
unrestrained, unconstrained, unchecked, uncurbed",https://quizlet.com/kr/1208395376/%EA%B1%B0%EB%A7%8C%EC%96%B4-100-day-29-flash-cards
d29-002,29,uncalled-for,"바람직하지 않은, 불필요한 superfluous",https://quizlet.com/kr/1208395376/%EA%B1%B0%EB%A7%8C%EC%96%B4-100-day-29-flash-cards
d29-003,29,uncanny,"신비로운, 이상한",https://quizlet.com/kr/1208395376/%EA%B1%B0%EB%A7%8C%EC%96%B4-100-day-29-flash-cards
d29-004,29,unconscionable,"옳지 않은, 불합리한, 비윤리적인, 비양심적인; 지나친",https://quizlet.com/kr/1208395376/%EA%B1%B0%EB%A7%8C%EC%96%B4-100-day-29-flash-cards
d29-005,29,uncouth,"(사람, 행동) 무례한, 거친; (외모) 세련되지 못한, 꼴사나운",https://quizlet.com/kr/1208395376/%EA%B1%B0%EB%A7%8C%EC%96%B4-100-day-29-flash-cards
d29-006,29,unctuous,(사람이) 지나치게 아부하는,https://quizlet.com/kr/1208395376/%EA%B1%B0%EB%A7%8C%EC%96%B4-100-day-29-flash-cards
d29-007,29,undaunted,"풀죽지 않은, 대담한
bold, valiant, brave, plucky, dauntless",https://quizlet.com/kr/1208395376/%EA%B1%B0%EB%A7%8C%EC%96%B4-100-day-29-flash-cards
d29-008,29,undercut,약화시키다,https://quizlet.com/kr/1208395376/%EA%B1%B0%EB%A7%8C%EC%96%B4-100-day-29-flash-cards
d29-009,29,undergird,"뒷받침하다, 강화하다",https://quizlet.com/kr/1208395376/%EA%B1%B0%EB%A7%8C%EC%96%B4-100-day-29-flash-cards
d29-010,29,underhanded,"정당하지 못한, 은밀한, 불공정한
deceitful, deceptive, dishonest, devious",https://quizlet.com/kr/1208395376/%EA%B1%B0%EB%A7%8C%EC%96%B4-100-day-29-flash-cards
d29-011,29,undermine,약화시키다 subvert,https://quizlet.com/kr/1208395376/%EA%B1%B0%EB%A7%8C%EC%96%B4-100-day-29-flash-cards
d29-012,29,underplay,하찮게 보이게 하다,https://quizlet.com/kr/1208395376/%EA%B1%B0%EB%A7%8C%EC%96%B4-100-day-29-flash-cards
d29-013,29,underscore,"(밑줄그어) 강조하다
underline, emphasize, stress, focus",https://quizlet.com/kr/1208395376/%EA%B1%B0%EB%A7%8C%EC%96%B4-100-day-29-flash-cards
d29-014,29,understate,"(숫자, 영향 등을) 줄여서 말하다",https://quizlet.com/kr/1208395376/%EA%B1%B0%EB%A7%8C%EC%96%B4-100-day-29-flash-cards
d29-015,29,underwrite,"지원하다, 지지하다, 보장하다
endorse",https://quizlet.com/kr/1208395376/%EA%B1%B0%EB%A7%8C%EC%96%B4-100-day-29-flash-cards
d29-016,29,undeterred,"풀 죽지 않은, 단념하지 않은",https://quizlet.com/kr/1208395376/%EA%B1%B0%EB%A7%8C%EC%96%B4-100-day-29-flash-cards
d29-017,29,unencumbered,방해없는,https://quizlet.com/kr/1208395376/%EA%B1%B0%EB%A7%8C%EC%96%B4-100-day-29-flash-cards
d29-018,29,unequivocal,"애매하지 않은, 명확한",https://quizlet.com/kr/1208395376/%EA%B1%B0%EB%A7%8C%EC%96%B4-100-day-29-flash-cards
d29-019,29,unexampled,"전례가 없는, 비할 데 없는 novel, unprecedented",https://quizlet.com/kr/1208395376/%EA%B1%B0%EB%A7%8C%EC%96%B4-100-day-29-flash-cards
d29-020,29,unexceptionable,"반대의 여지가 없는
unimpeachable, trustworthy, reliable, dependable",https://quizlet.com/kr/1208395376/%EA%B1%B0%EB%A7%8C%EC%96%B4-100-day-29-flash-cards
d29-021,29,unfailing,"1. 확실한, 실수 없는, 기대에 어긋나지 않는 steadfast, reliable
2. 언제나 변함없는, 한결같은
 endless, inexhaustible",https://quizlet.com/kr/1208395376/%EA%B1%B0%EB%A7%8C%EC%96%B4-100-day-29-flash-cards
d29-022,29,unfathomable,이해하기 힘든; 측정하기 힘든,https://quizlet.com/kr/1208395376/%EA%B1%B0%EB%A7%8C%EC%96%B4-100-day-29-flash-cards
d29-023,29,unfeigned,"꾸밈, 가장없는",https://quizlet.com/kr/1208395376/%EA%B1%B0%EB%A7%8C%EC%96%B4-100-day-29-flash-cards
d29-024,29,unfettered,"구속없는, 자유로운",https://quizlet.com/kr/1208395376/%EA%B1%B0%EB%A7%8C%EC%96%B4-100-day-29-flash-cards
d29-025,29,unflagging,"지칠 줄 모르는, 지속적인",https://quizlet.com/kr/1208395376/%EA%B1%B0%EB%A7%8C%EC%96%B4-100-day-29-flash-cards
d29-026,29,unflappable,"침착한
imperturbable, cool, calm, stolid",https://quizlet.com/kr/1208395376/%EA%B1%B0%EB%A7%8C%EC%96%B4-100-day-29-flash-cards
d29-027,29,unflinching,"움찔하지 않는, 단호한, 움츠리지 않는",https://quizlet.com/kr/1208395376/%EA%B1%B0%EB%A7%8C%EC%96%B4-100-day-29-flash-cards
d29-028,29,unfounded,근거 없는,https://quizlet.com/kr/1208395376/%EA%B1%B0%EB%A7%8C%EC%96%B4-100-day-29-flash-cards
d29-029,29,ungainly,"(외모, 행동, 솜씨 등) 서툴고 어색한",https://quizlet.com/kr/1208395376/%EA%B1%B0%EB%A7%8C%EC%96%B4-100-day-29-flash-cards
d29-030,29,unimpeachable,"비난할 수 없는, 의심할 여지가 없는, 절대 확실한
blameless",https://quizlet.com/kr/1208395376/%EA%B1%B0%EB%A7%8C%EC%96%B4-100-day-29-flash-cards
d29-031,29,uninitiated,지식과 경험이 부족한,https://quizlet.com/kr/1208395376/%EA%B1%B0%EB%A7%8C%EC%96%B4-100-day-29-flash-cards
d29-032,29,unintelligible,"이해할 수 없는, 알기 어려운, 난해한",https://quizlet.com/kr/1208395376/%EA%B1%B0%EB%A7%8C%EC%96%B4-100-day-29-flash-cards
d29-033,29,unkempt,"(외모) 흐트러진, 단정하지 못한",https://quizlet.com/kr/1208395376/%EA%B1%B0%EB%A7%8C%EC%96%B4-100-day-29-flash-cards
d29-034,29,unnerve,"용기를 잃게 하다, 무기력하게 만들다
demoralize, discourage, dishearten, dispirit, deject",https://quizlet.com/kr/1208395376/%EA%B1%B0%EB%A7%8C%EC%96%B4-100-day-29-flash-cards
d29-035,29,unostentatious,"허세부리지 않는, 소박한
modest, simple",https://quizlet.com/kr/1208395376/%EA%B1%B0%EB%A7%8C%EC%96%B4-100-day-29-flash-cards
d29-036,29,unprecedented,"전례없는, 공전의
novel, unexampled",https://quizlet.com/kr/1208395376/%EA%B1%B0%EB%A7%8C%EC%96%B4-100-day-29-flash-cards
d29-037,29,unqualified,"절대적인, 무조건적인
unalloyed",https://quizlet.com/kr/1208395376/%EA%B1%B0%EB%A7%8C%EC%96%B4-100-day-29-flash-cards
d29-038,29,unravel,"1. (복잡한 것을) 풀어서 해명하다, 설명하다
2. (시스템이나 체계 등이) 흐트러지다, 파괴되다",https://quizlet.com/kr/1208395376/%EA%B1%B0%EB%A7%8C%EC%96%B4-100-day-29-flash-cards
d29-039,29,unremitting,"끊임없는, 계속적인",https://quizlet.com/kr/1208395376/%EA%B1%B0%EB%A7%8C%EC%96%B4-100-day-29-flash-cards
d29-040,29,unrepentant,"후회하지 않는, 회개하지 않는
remorseless, unrepenting, impenitent, shameless",https://quizlet.com/kr/1208395376/%EA%B1%B0%EB%A7%8C%EC%96%B4-100-day-29-flash-cards
d29-041,29,unruly,"규칙을 따르지 않는, 제어하기 어려운",https://quizlet.com/kr/1208395376/%EA%B1%B0%EB%A7%8C%EC%96%B4-100-day-29-flash-cards
d29-042,29,unscathed,상처없는,https://quizlet.com/kr/1208395376/%EA%B1%B0%EB%A7%8C%EC%96%B4-100-day-29-flash-cards
d29-043,29,unseemly,"(행동)적절하지 않은; 예의없는
indecorous",https://quizlet.com/kr/1208395376/%EA%B1%B0%EB%A7%8C%EC%96%B4-100-day-29-flash-cards
d29-044,29,unsettle,"동요시키다, 불안하게 만들다
alarm",https://quizlet.com/kr/1208395376/%EA%B1%B0%EB%A7%8C%EC%96%B4-100-day-29-flash-cards
d29-045,29,unspoken,"무언의, 암묵적인",https://quizlet.com/kr/1208395376/%EA%B1%B0%EB%A7%8C%EC%96%B4-100-day-29-flash-cards
d29-046,29,unstudied,"꾸밈이 없는, 자연스러운
natural, easy, artless, uncontrived, unstilted",https://quizlet.com/kr/1208395376/%EA%B1%B0%EB%A7%8C%EC%96%B4-100-day-29-flash-cards
d29-047,29,untainted,"더렵혀지지 않은, 흠 없는
stainless, unstained, unsullied, pristine, impeccable",https://quizlet.com/kr/1208395376/%EA%B1%B0%EB%A7%8C%EC%96%B4-100-day-29-flash-cards
d29-048,29,untenable,"(논리) 방어해 줄 수 없는, 박약한",https://quizlet.com/kr/1208395376/%EA%B1%B0%EB%A7%8C%EC%96%B4-100-day-29-flash-cards
d29-049,29,untold,"셀 수 없을 만큼 많은, 무수한",https://quizlet.com/kr/1208395376/%EA%B1%B0%EB%A7%8C%EC%96%B4-100-day-29-flash-cards
d29-050,29,untoward,"1. 예상치 못한, 불리한
2. 무례한, 적절치 못한",https://quizlet.com/kr/1208395376/%EA%B1%B0%EB%A7%8C%EC%96%B4-100-day-29-flash-cards
d29-051,29,untrammeled,"속박받지 않는, 자유로운",https://quizlet.com/kr/1208395376/%EA%B1%B0%EB%A7%8C%EC%96%B4-100-day-29-flash-cards
d29-052,29,unveil,덮개를 걷다; 최초공개하다,https://quizlet.com/kr/1208395376/%EA%B1%B0%EB%A7%8C%EC%96%B4-100-day-29-flash-cards
d29-053,29,unwarranted,"정당성 없는
groundless, inapplicable, unfounded, unjustified",https://quizlet.com/kr/1208395376/%EA%B1%B0%EB%A7%8C%EC%96%B4-100-day-29-flash-cards
d29-054,29,unwieldy,"(무겁고 커서) 옮기거나 들기 힘든, 다루기 힘든",https://quizlet.com/kr/1208395376/%EA%B1%B0%EB%A7%8C%EC%96%B4-100-day-29-flash-cards
d29-055,29,unwitting,"1. 고의가 아닌, 우연적인
2. 알지 못하는, 의식하지 못하는",https://quizlet.com/kr/1208395376/%EA%B1%B0%EB%A7%8C%EC%96%B4-100-day-29-flash-cards
d29-056,29,unwonted,"익숙하지 않은, 일반적이지 않은",https://quizlet.com/kr/1208395376/%EA%B1%B0%EB%A7%8C%EC%96%B4-100-day-29-flash-cards
d29-057,29,upbeat,"낙천적인, 쾌활한",https://quizlet.com/kr/1208395376/%EA%B1%B0%EB%A7%8C%EC%96%B4-100-day-29-flash-cards
d29-058,29,upbraid,"(몹시) 나무라다, 비난하다",https://quizlet.com/kr/1208395376/%EA%B1%B0%EB%A7%8C%EC%96%B4-100-day-29-flash-cards
d29-059,29,upend,거꾸로 뒤집다,https://quizlet.com/kr/1208395376/%EA%B1%B0%EB%A7%8C%EC%96%B4-100-day-29-flash-cards
d29-060,29,upheaval,"격변, 대변동
convulsion",https://quizlet.com/kr/1208395376/%EA%B1%B0%EB%A7%8C%EC%96%B4-100-day-29-flash-cards
d29-061,29,uphold,"1. 옹호하다, 지지하다
2. 수호하다",https://quizlet.com/kr/1208395376/%EA%B1%B0%EB%A7%8C%EC%96%B4-100-day-29-flash-cards
d29-062,29,urbane,"(특히 남자가)
세련되고 친절한, 교양있는
suave, sophisticated, worldly, cultivated, cultured, cosmopolitan",https://quizlet.com/kr/1208395376/%EA%B1%B0%EB%A7%8C%EC%96%B4-100-day-29-flash-cards
d29-063,29,usurp,"(권력을) 불법적으로 찬탈하다, 전복시키다",https://quizlet.com/kr/1208395376/%EA%B1%B0%EB%A7%8C%EC%96%B4-100-day-29-flash-cards
d29-064,29,usury,"고리대금, 고금리 사채업",https://quizlet.com/kr/1208395376/%EA%B1%B0%EB%A7%8C%EC%96%B4-100-day-29-flash-cards
d29-065,29,utilitarian,"1. 실용적인, 꾸미지 않은 functional
2. 공리주의의",https://quizlet.com/kr/1208395376/%EA%B1%B0%EB%A7%8C%EC%96%B4-100-day-29-flash-cards
d29-066,29,utter,"1. 완전한, 절대적인
2. 말하다",https://quizlet.com/kr/1208395376/%EA%B1%B0%EB%A7%8C%EC%96%B4-100-day-29-flash-cards
d29-067,29,vacillate,"마음이 오락가락하다, 주저하다, 망설이다",https://quizlet.com/kr/1208395376/%EA%B1%B0%EB%A7%8C%EC%96%B4-100-day-29-flash-cards
d29-068,29,vacuous,"생각이 없는, 어리석은",https://quizlet.com/kr/1208395376/%EA%B1%B0%EB%A7%8C%EC%96%B4-100-day-29-flash-cards
d29-069,29,vagabond,방랑자(의),https://quizlet.com/kr/1208395376/%EA%B1%B0%EB%A7%8C%EC%96%B4-100-day-29-flash-cards
d29-070,29,vagarious,"(행동이) 변덕스러운, 엉뚱한",https://quizlet.com/kr/1208395376/%EA%B1%B0%EB%A7%8C%EC%96%B4-100-day-29-flash-cards
d29-071,29,vagary,"변덕, 엉뚱한 짓
instability",https://quizlet.com/kr/1208395376/%EA%B1%B0%EB%A7%8C%EC%96%B4-100-day-29-flash-cards
d29-072,29,vagrant,"1. 방랑자(의) 부랑자(의)
2. 변덕스런",https://quizlet.com/kr/1208395376/%EA%B1%B0%EB%A7%8C%EC%96%B4-100-day-29-flash-cards
d29-073,29,vain,"1. 허영심이 강한, 자만심이 강한
2. 헛된, 실질적인 가치가 없는",https://quizlet.com/kr/1208395376/%EA%B1%B0%EB%A7%8C%EC%96%B4-100-day-29-flash-cards
d29-074,29,vainglorious,허영심 강한,https://quizlet.com/kr/1208395376/%EA%B1%B0%EB%A7%8C%EC%96%B4-100-day-29-flash-cards
d29-075,29,valediction,"작별인사, 고별연설",https://quizlet.com/kr/1208395376/%EA%B1%B0%EB%A7%8C%EC%96%B4-100-day-29-flash-cards
d29-076,29,valiant,용감한,https://quizlet.com/kr/1208395376/%EA%B1%B0%EB%A7%8C%EC%96%B4-100-day-29-flash-cards
d29-077,29,validate,"1. 정당성/유효성을 입증하다
2. 인가하다, 비준하다",https://quizlet.com/kr/1208395376/%EA%B1%B0%EB%A7%8C%EC%96%B4-100-day-29-flash-cards
d29-078,29,valorize,"1. (특히 정부가) 가격을 정하다; 물가를 안정시키다
2. (정부) 물가를 안정시키다, 가치와 가격을 고정시키거나 높이다 exalt",https://quizlet.com/kr/1208395376/%EA%B1%B0%EB%A7%8C%EC%96%B4-100-day-29-flash-cards
d29-079,29,valorous,용감한,https://quizlet.com/kr/1208395376/%EA%B1%B0%EB%A7%8C%EC%96%B4-100-day-29-flash-cards
d29-080,29,vanquish,"정복하다, 항복시키다",https://quizlet.com/kr/1208395376/%EA%B1%B0%EB%A7%8C%EC%96%B4-100-day-29-flash-cards
d29-081,29,vapid,"맛없는, 재미없는",https://quizlet.com/kr/1208395376/%EA%B1%B0%EB%A7%8C%EC%96%B4-100-day-29-flash-cards
d29-082,29,vaporize,"증발시키다, 증발하다",https://quizlet.com/kr/1208395376/%EA%B1%B0%EB%A7%8C%EC%96%B4-100-day-29-flash-cards
d29-083,29,vaporous,"(사물, 생각)
실질적이지 않은, 공허한, 신뢰할 수 없는
ridiculous, absurd, feeble, inadequate",https://quizlet.com/kr/1208395376/%EA%B1%B0%EB%A7%8C%EC%96%B4-100-day-29-flash-cards
d29-084,29,variable,"가변적인 (것), 변수",https://quizlet.com/kr/1208395376/%EA%B1%B0%EB%A7%8C%EC%96%B4-100-day-29-flash-cards
d29-085,29,variance,"격차, 차이, 불일치
disparity",https://quizlet.com/kr/1208395376/%EA%B1%B0%EB%A7%8C%EC%96%B4-100-day-29-flash-cards
d29-086,29,variegated,"얼룩덜룩한, 잡색의, 다채로운; 점박이의",https://quizlet.com/kr/1208395376/%EA%B1%B0%EB%A7%8C%EC%96%B4-100-day-29-flash-cards
d29-087,29,varnish,"1. 니스칠하다, 광내다
2. (사람을 속이려고) 겉꾸밈하다, 눈가림하다",https://quizlet.com/kr/1208395376/%EA%B1%B0%EB%A7%8C%EC%96%B4-100-day-29-flash-cards
d29-088,29,vaudeville,노래와 춤을 곁들인 소희극,https://quizlet.com/kr/1208395376/%EA%B1%B0%EB%A7%8C%EC%96%B4-100-day-29-flash-cards
d29-089,29,vault,금고,https://quizlet.com/kr/1208395376/%EA%B1%B0%EB%A7%8C%EC%96%B4-100-day-29-flash-cards
d29-090,29,vaunt,"자랑하다, 허풍떨다",https://quizlet.com/kr/1208395376/%EA%B1%B0%EB%A7%8C%EC%96%B4-100-day-29-flash-cards
d29-091,29,veer,"1. 갑자기 방향을 바꾸다
2. 의견이나 주제를 바꾸다",https://quizlet.com/kr/1208395376/%EA%B1%B0%EB%A7%8C%EC%96%B4-100-day-29-flash-cards
d29-092,29,vehement,"(감정을)
격렬히 토로하는; 열정적인
passionate, ardent, impassioned, fervent, keen",https://quizlet.com/kr/1208395376/%EA%B1%B0%EB%A7%8C%EC%96%B4-100-day-29-flash-cards
d29-093,29,veil,"숨기다, 감추다",https://quizlet.com/kr/1208395376/%EA%B1%B0%EB%A7%8C%EC%96%B4-100-day-29-flash-cards
d29-094,29,velocity,속도,https://quizlet.com/kr/1208395376/%EA%B1%B0%EB%A7%8C%EC%96%B4-100-day-29-flash-cards
d29-095,29,venal,"매수되기 쉬운, 타락한",https://quizlet.com/kr/1208395376/%EA%B1%B0%EB%A7%8C%EC%96%B4-100-day-29-flash-cards
d29-096,29,venerate,"깊이 존경하다, 우러르다
honor",https://quizlet.com/kr/1208395376/%EA%B1%B0%EB%A7%8C%EC%96%B4-100-day-29-flash-cards
d29-097,29,venial,"(죄, 잘못) 사소한, 용서받을 만한",https://quizlet.com/kr/1208395376/%EA%B1%B0%EB%A7%8C%EC%96%B4-100-day-29-flash-cards
d29-098,29,venture,"1. (결과를 예측할 수 없는) 모험적 기도, (특히 위험한) 모험, 사업
2. 위험을 무릅쓰고 ~하다, 감히 ~라고 말하다",https://quizlet.com/kr/1208395376/%EA%B1%B0%EB%A7%8C%EC%96%B4-100-day-29-flash-cards
d29-099,29,veracious,"1. 정직한, 진실을 말하는
2. (진술, 보고 등이) 진실한, 정확한",https://quizlet.com/kr/1208395376/%EA%B1%B0%EB%A7%8C%EC%96%B4-100-day-29-flash-cards
d29-100,29,verbatim,"말을 정확히 반복하여, 말그대로",https://quizlet.com/kr/1208395376/%EA%B1%B0%EB%A7%8C%EC%96%B4-100-day-29-flash-cards
d30-001,30,verbiage,장황함,https://quizlet.com/kr/1208395445/%EA%B1%B0%EB%A7%8C%EC%96%B4-100-day-30-flash-cards
d30-002,30,verbose,"장황한
long-winded",https://quizlet.com/kr/1208395445/%EA%B1%B0%EB%A7%8C%EC%96%B4-100-day-30-flash-cards
d30-003,30,verdant,"1. 초목이 무성한
2. 경험적은, 미숙한",https://quizlet.com/kr/1208395445/%EA%B1%B0%EB%A7%8C%EC%96%B4-100-day-30-flash-cards
d30-004,30,verify,입증하다,https://quizlet.com/kr/1208395445/%EA%B1%B0%EB%A7%8C%EC%96%B4-100-day-30-flash-cards
d30-005,30,verisimilitude,"있을법함, 사실같음, 사실성 realism",https://quizlet.com/kr/1208395445/%EA%B1%B0%EB%A7%8C%EC%96%B4-100-day-30-flash-cards
d30-006,30,veritable,(강조의 뜻으로 쓰여) 진정한,https://quizlet.com/kr/1208395445/%EA%B1%B0%EB%A7%8C%EC%96%B4-100-day-30-flash-cards
d30-007,30,vernacular,"1. (특정 지역・집단이 쓰는) 말, 토착어, 방언
2. (국어,어법,말이) 자국의, 토착의
2. (건축의) 일반 주택 양식
4. (건축,공예 등이) 그 지방(시대) 특유의
colloquial language, common parlance, dialect",https://quizlet.com/kr/1208395445/%EA%B1%B0%EB%A7%8C%EC%96%B4-100-day-30-flash-cards
d30-008,30,versatile,"1. 다재다능한, 다용도의 protean
2. (마음, 정책) 변하기 쉬운",https://quizlet.com/kr/1208395445/%EA%B1%B0%EB%A7%8C%EC%96%B4-100-day-30-flash-cards
d30-009,30,versed,"경험이 있는, 잘 알고 있는",https://quizlet.com/kr/1208395445/%EA%B1%B0%EB%A7%8C%EC%96%B4-100-day-30-flash-cards
d30-010,30,vertex,"정상, 꼭대기",https://quizlet.com/kr/1208395445/%EA%B1%B0%EB%A7%8C%EC%96%B4-100-day-30-flash-cards
d30-011,30,verve,"활력, 기백, 열정",https://quizlet.com/kr/1208395445/%EA%B1%B0%EB%A7%8C%EC%96%B4-100-day-30-flash-cards
d30-012,30,vestige,"잔재, 흔적 relics",https://quizlet.com/kr/1208395445/%EA%B1%B0%EB%A7%8C%EC%96%B4-100-day-30-flash-cards
d30-013,30,veto,"1. 거부권, 재의요구
2. 금지
3. 거부권을 행사하다",https://quizlet.com/kr/1208395445/%EA%B1%B0%EB%A7%8C%EC%96%B4-100-day-30-flash-cards
d30-014,30,vex,"화나게 하다, 괴롭히다, 초조하게 하다",https://quizlet.com/kr/1208395445/%EA%B1%B0%EB%A7%8C%EC%96%B4-100-day-30-flash-cards
d30-015,30,vexed,"1. 골치아픈, 머리아픈, 많이 논의되는 contentious, in dispute
2. 화나는 초조해진",https://quizlet.com/kr/1208395445/%EA%B1%B0%EB%A7%8C%EC%96%B4-100-day-30-flash-cards
d30-016,30,viable,"1. 실행 가능한
2. 생존 가능한",https://quizlet.com/kr/1208395445/%EA%B1%B0%EB%A7%8C%EC%96%B4-100-day-30-flash-cards
d30-017,30,vicarious,"대리의, 대행의; 상상으로 간접경험하는",https://quizlet.com/kr/1208395445/%EA%B1%B0%EB%A7%8C%EC%96%B4-100-day-30-flash-cards
d30-018,30,vicissitude,"(인생, 운명) 변천, 부침, 변하기 쉬움",https://quizlet.com/kr/1208395445/%EA%B1%B0%EB%A7%8C%EC%96%B4-100-day-30-flash-cards
d30-019,30,vigilant,"경계하는, 방심하지 않는
carful, mindful",https://quizlet.com/kr/1208395445/%EA%B1%B0%EB%A7%8C%EC%96%B4-100-day-30-flash-cards
d30-020,30,vile,"부도덕한, 사악한",https://quizlet.com/kr/1208395445/%EA%B1%B0%EB%A7%8C%EC%96%B4-100-day-30-flash-cards
d30-021,30,vilify,"비방하다, 중상하다",https://quizlet.com/kr/1208395445/%EA%B1%B0%EB%A7%8C%EC%96%B4-100-day-30-flash-cards
d30-022,30,vim,"정력, 활기, 열정
robustness, health, strength",https://quizlet.com/kr/1208395445/%EA%B1%B0%EB%A7%8C%EC%96%B4-100-day-30-flash-cards
d30-023,30,vindicate,"1. 의혹을 풀어 주다, 혐의를 풀어 주다 exculpate, exonerate, absolve
2. 지지하다, 옹호하다, 정당성을 증명하다 substantiate, authenticate, corroborate",https://quizlet.com/kr/1208395445/%EA%B1%B0%EB%A7%8C%EC%96%B4-100-day-30-flash-cards
d30-024,30,vindictive,"복수심이 불타는, 앙심을 품은",https://quizlet.com/kr/1208395445/%EA%B1%B0%EB%A7%8C%EC%96%B4-100-day-30-flash-cards
d30-025,30,virtue,"장점, 좋은 점",https://quizlet.com/kr/1208395445/%EA%B1%B0%EB%A7%8C%EC%96%B4-100-day-30-flash-cards
d30-026,30,virtuosity,"대가적인 기교
mastery, expertise, prowess, aptitude, genius, artistry, talent",https://quizlet.com/kr/1208395445/%EA%B1%B0%EB%A7%8C%EC%96%B4-100-day-30-flash-cards
d30-027,30,virtuoso,"명인, 대가",https://quizlet.com/kr/1208395445/%EA%B1%B0%EB%A7%8C%EC%96%B4-100-day-30-flash-cards
d30-028,30,virulent,"1. 치명적인, 맹독성의, 매우 해로운
2. 신랄한, 증오에 찬",https://quizlet.com/kr/1208395445/%EA%B1%B0%EB%A7%8C%EC%96%B4-100-day-30-flash-cards
d30-029,30,visceral,"1. (깊은 사고가 아니라) 강한 감정에 따른, 본능적인
2. 내장의",https://quizlet.com/kr/1208395445/%EA%B1%B0%EB%A7%8C%EC%96%B4-100-day-30-flash-cards
d30-030,30,vital,"1. 매우 중요한
2. 활기 넘치는",https://quizlet.com/kr/1208395445/%EA%B1%B0%EB%A7%8C%EC%96%B4-100-day-30-flash-cards
d30-031,30,vitiate,"손상시키다, 망치다",https://quizlet.com/kr/1208395445/%EA%B1%B0%EB%A7%8C%EC%96%B4-100-day-30-flash-cards
d30-032,30,vitriolic,"신랄한
acerbic",https://quizlet.com/kr/1208395445/%EA%B1%B0%EB%A7%8C%EC%96%B4-100-day-30-flash-cards
d30-033,30,vituperate,"욕설하다, 몹시 비난하다",https://quizlet.com/kr/1208395445/%EA%B1%B0%EB%A7%8C%EC%96%B4-100-day-30-flash-cards
d30-034,30,vivacious,"(특히 여성이) 쾌활한, 명랑한, 생기 넘치는",https://quizlet.com/kr/1208395445/%EA%B1%B0%EB%A7%8C%EC%96%B4-100-day-30-flash-cards
d30-035,30,vivify,"생기를 주다,
기운차리게 하다,
활발하게 하다
animate, recreate, revive, renovate",https://quizlet.com/kr/1208395445/%EA%B1%B0%EB%A7%8C%EC%96%B4-100-day-30-flash-cards
d30-036,30,vocal,"(의견을) 솔직하고 강경하게 밝히는
vociferous, outspoken, expressive, blunt",https://quizlet.com/kr/1208395445/%EA%B1%B0%EB%A7%8C%EC%96%B4-100-day-30-flash-cards
d30-037,30,vociferous,"떠들석한, 큰 소리로 외치는, 소란스런
clamorous, vocal",https://quizlet.com/kr/1208395445/%EA%B1%B0%EB%A7%8C%EC%96%B4-100-day-30-flash-cards
d30-038,30,void,"1. 법적 효력이 없는; (행동, 말) 효과없는
2. 텅빈 공간; 텅빈 상태",https://quizlet.com/kr/1208395445/%EA%B1%B0%EB%A7%8C%EC%96%B4-100-day-30-flash-cards
d30-039,30,volatile,"1. (물질) 휘발성이 강한
2. 불안정한
3. 변덕스러운",https://quizlet.com/kr/1208395445/%EA%B1%B0%EB%A7%8C%EC%96%B4-100-day-30-flash-cards
d30-040,30,volition,"의지, 결단력",https://quizlet.com/kr/1208395445/%EA%B1%B0%EB%A7%8C%EC%96%B4-100-day-30-flash-cards
d30-041,30,voluble,"유창한, 말 많은, 입심좋은",https://quizlet.com/kr/1208395445/%EA%B1%B0%EB%A7%8C%EC%96%B4-100-day-30-flash-cards
d30-042,30,voluminous,"(글, 책 등이) 아주 길고 상세한, 방대한",https://quizlet.com/kr/1208395445/%EA%B1%B0%EB%A7%8C%EC%96%B4-100-day-30-flash-cards
d30-043,30,voluptuous,"1. 사치스런, 향락적인
2. 관능적인",https://quizlet.com/kr/1208395445/%EA%B1%B0%EB%A7%8C%EC%96%B4-100-day-30-flash-cards
d30-044,30,voracious,"1. 식욕이 왕성한, 게걸스러운 prodigious
2. 열렬히 탐하는",https://quizlet.com/kr/1208395445/%EA%B1%B0%EB%A7%8C%EC%96%B4-100-day-30-flash-cards
d30-045,30,votary,"열렬한 추종자, 신봉자; 수도사, 수녀",https://quizlet.com/kr/1208395445/%EA%B1%B0%EB%A7%8C%EC%96%B4-100-day-30-flash-cards
d30-046,30,vouch,"(신뢰성을) 보증하다, 보장하다, 단언하다",https://quizlet.com/kr/1208395445/%EA%B1%B0%EB%A7%8C%EC%96%B4-100-day-30-flash-cards
d30-047,30,vouchsafe,"하사하다, (아랫사람에게) 주다",https://quizlet.com/kr/1208395445/%EA%B1%B0%EB%A7%8C%EC%96%B4-100-day-30-flash-cards
d30-048,30,vulgar,"(행동이나 사람이) 저속한
rude, indecent, offensive, coarse, crude, ribald, rough",https://quizlet.com/kr/1208395445/%EA%B1%B0%EB%A7%8C%EC%96%B4-100-day-30-flash-cards
d30-049,30,vulnerable,"연약한, 상처/공격받기 쉬운
easily damaged, susceptible, subject",https://quizlet.com/kr/1208395445/%EA%B1%B0%EB%A7%8C%EC%96%B4-100-day-30-flash-cards
d30-050,30,waffle,"장황하게 말을 늘어놓다; 모호한 태도, 입장을 취하다",https://quizlet.com/kr/1208395445/%EA%B1%B0%EB%A7%8C%EC%96%B4-100-day-30-flash-cards
d30-051,30,wag,"1. (꼬리나 손을)흔들다.
2. 익살꾼, 재치가 풍부한 사람",https://quizlet.com/kr/1208395445/%EA%B1%B0%EB%A7%8C%EC%96%B4-100-day-30-flash-cards
d30-052,30,waggish,"웃기는, 익살스런
amusing, funny, comic, comical, diverting, jocular, jocose, facetious",https://quizlet.com/kr/1208395445/%EA%B1%B0%EB%A7%8C%EC%96%B4-100-day-30-flash-cards
d30-053,30,wan,"병약한, 안색이 나쁜",https://quizlet.com/kr/1208395445/%EA%B1%B0%EB%A7%8C%EC%96%B4-100-day-30-flash-cards
d30-054,30,wander,"(정처없이) 헤매다, 배회하다",https://quizlet.com/kr/1208395445/%EA%B1%B0%EB%A7%8C%EC%96%B4-100-day-30-flash-cards
d30-055,30,wane,"작아지다, 약해지다, 달이 기울다",https://quizlet.com/kr/1208395445/%EA%B1%B0%EB%A7%8C%EC%96%B4-100-day-30-flash-cards
d30-056,30,wanting,"1. (질적으로) 부족한
2. 결여된, 없는",https://quizlet.com/kr/1208395445/%EA%B1%B0%EB%A7%8C%EC%96%B4-100-day-30-flash-cards
d30-057,30,warble,"1. (새가) 노래하다, 울다
2. (사람이) 떨리는 목소리로 노래하다",https://quizlet.com/kr/1208395445/%EA%B1%B0%EB%A7%8C%EC%96%B4-100-day-30-flash-cards
d30-058,30,warrant,"1. (체포, 수색) 영장
2. 정당화하다, 허가하다, 보장하다",https://quizlet.com/kr/1208395445/%EA%B1%B0%EB%A7%8C%EC%96%B4-100-day-30-flash-cards
d30-059,30,wary,"조심하는, 주의하는; 안속는, 안믿는",https://quizlet.com/kr/1208395445/%EA%B1%B0%EB%A7%8C%EC%96%B4-100-day-30-flash-cards
d30-060,30,watchful,"경계를 서는, 조심하는, 주의 깊은",https://quizlet.com/kr/1208395445/%EA%B1%B0%EB%A7%8C%EC%96%B4-100-day-30-flash-cards
d30-061,30,waver,"흔들거리다, 너울거리다 oscillate",https://quizlet.com/kr/1208395445/%EA%B1%B0%EB%A7%8C%EC%96%B4-100-day-30-flash-cards
d30-062,30,wax,"커지다, 강해지다, 달이 커지다",https://quizlet.com/kr/1208395445/%EA%B1%B0%EB%A7%8C%EC%96%B4-100-day-30-flash-cards
d30-063,30,wayward,"통제할 수 없는, (행동이) 어디로 튈지 모르는
errant",https://quizlet.com/kr/1208395445/%EA%B1%B0%EB%A7%8C%EC%96%B4-100-day-30-flash-cards
d30-064,30,wearisome,"지치게 하는, 지겹게 하는, 지루한",https://quizlet.com/kr/1208395445/%EA%B1%B0%EB%A7%8C%EC%96%B4-100-day-30-flash-cards
d30-065,30,weary,"1. 지친
2. 싫증난 (of)",https://quizlet.com/kr/1208395445/%EA%B1%B0%EB%A7%8C%EC%96%B4-100-day-30-flash-cards
d30-066,30,weather,"1. 풍화시키다, 풍화작용을 일으키다
2. (역경 등을) 무사히 헤쳐 나가다(견디다)",https://quizlet.com/kr/1208395445/%EA%B1%B0%EB%A7%8C%EC%96%B4-100-day-30-flash-cards
d30-067,30,welter,"1. 휘몰아치다
2. 무질서, 혼란 confusion, jumble, tangle, hodgebodge",https://quizlet.com/kr/1208395445/%EA%B1%B0%EB%A7%8C%EC%96%B4-100-day-30-flash-cards
d30-068,30,wheedle,감언이설로 설득하다,https://quizlet.com/kr/1208395445/%EA%B1%B0%EB%A7%8C%EC%96%B4-100-day-30-flash-cards
d30-069,30,wherewithal,"(어떤 일에 필요한) 돈, 수단, 기술
money, cash, capital, finance, resources",https://quizlet.com/kr/1208395445/%EA%B1%B0%EB%A7%8C%EC%96%B4-100-day-30-flash-cards
d30-070,30,whet,"1. 날카롭게 하다
2. (호기심, 관심 등을) 자극하다",https://quizlet.com/kr/1208395445/%EA%B1%B0%EB%A7%8C%EC%96%B4-100-day-30-flash-cards
d30-071,30,whim,"(일시적인, 진지하지 않은) 기분, 변덕",https://quizlet.com/kr/1208395445/%EA%B1%B0%EB%A7%8C%EC%96%B4-100-day-30-flash-cards
d30-072,30,whimsical,"1. 별난, 기발한, 엉뚱한
2. 변덕스런",https://quizlet.com/kr/1208395445/%EA%B1%B0%EB%A7%8C%EC%96%B4-100-day-30-flash-cards
d30-073,30,wholesale,대규모로,https://quizlet.com/kr/1208395445/%EA%B1%B0%EB%A7%8C%EC%96%B4-100-day-30-flash-cards
d30-074,30,wilderness,"광야, 황무지",https://quizlet.com/kr/1208395445/%EA%B1%B0%EB%A7%8C%EC%96%B4-100-day-30-flash-cards
d30-075,30,willful,"1. 고의적인
2. 고집스러운, 옹고집의",https://quizlet.com/kr/1208395445/%EA%B1%B0%EB%A7%8C%EC%96%B4-100-day-30-flash-cards
d30-076,30,wilt,시들다,https://quizlet.com/kr/1208395445/%EA%B1%B0%EB%A7%8C%EC%96%B4-100-day-30-flash-cards
d30-077,30,wince,"(고통, 두려움) 찡그리다, 움츠리다",https://quizlet.com/kr/1208395445/%EA%B1%B0%EB%A7%8C%EC%96%B4-100-day-30-flash-cards
d30-078,30,winning,"매력적인, 사람을 끄는
engaging, winsome",https://quizlet.com/kr/1208395445/%EA%B1%B0%EB%A7%8C%EC%96%B4-100-day-30-flash-cards
d30-079,30,winnow,"키질하다, 까부르다, 키질하여 (왕겨 등을) 제거하다
sift",https://quizlet.com/kr/1208395445/%EA%B1%B0%EB%A7%8C%EC%96%B4-100-day-30-flash-cards
d30-080,30,winsome,"매력적인
winning, charming, captivating, mesmerizing",https://quizlet.com/kr/1208395445/%EA%B1%B0%EB%A7%8C%EC%96%B4-100-day-30-flash-cards
d30-081,30,wistful,"갈망하는, 탐내는 듯한; 생각에 잠긴, 슬픈",https://quizlet.com/kr/1208395445/%EA%B1%B0%EB%A7%8C%EC%96%B4-100-day-30-flash-cards
d30-082,30,withdraw,"1. (예금) 인출하다
2. 빼내다, 제거하다",https://quizlet.com/kr/1208395445/%EA%B1%B0%EB%A7%8C%EC%96%B4-100-day-30-flash-cards
d30-083,30,withdrawal,"1. (예금) 인출
2. 활동 취소; 탈퇴, 퇴학, 수강 취소
3. 금단",https://quizlet.com/kr/1208395445/%EA%B1%B0%EB%A7%8C%EC%96%B4-100-day-30-flash-cards
d30-084,30,withered,"쭈글쭈글한, 쇠약한, 시든
shriveled, wilted, wrinkled, shrunken",https://quizlet.com/kr/1208395445/%EA%B1%B0%EB%A7%8C%EC%96%B4-100-day-30-flash-cards
d30-085,30,withhold,"1. 보류하다, 주지 않다
2. (감정, 반응) 억누르다, 억제하다",https://quizlet.com/kr/1208395445/%EA%B1%B0%EB%A7%8C%EC%96%B4-100-day-30-flash-cards
d30-086,30,withstand,"저항하다, 버티다",https://quizlet.com/kr/1208395445/%EA%B1%B0%EB%A7%8C%EC%96%B4-100-day-30-flash-cards
d30-087,30,woe,"1. 비통, 고뇌
2. 역경, 어려움, 슬픔과 괴로움을 주는 것",https://quizlet.com/kr/1208395445/%EA%B1%B0%EB%A7%8C%EC%96%B4-100-day-30-flash-cards
d30-088,30,woo,"(관심, 사랑, 호의를) 얻으려고 노력하다
court, eek, try to cultivate",https://quizlet.com/kr/1208395445/%EA%B1%B0%EB%A7%8C%EC%96%B4-100-day-30-flash-cards
d30-089,30,workaday,"평범한, 일상적인",https://quizlet.com/kr/1208395445/%EA%B1%B0%EB%A7%8C%EC%96%B4-100-day-30-flash-cards
d30-090,30,wreck,"파괴하다, 망가뜨리다, 망치다",https://quizlet.com/kr/1208395445/%EA%B1%B0%EB%A7%8C%EC%96%B4-100-day-30-flash-cards
d30-091,30,wrest,"1. 빼내다, 자유롭게 풀어주다
2. 노력하여 얻다
3. (의미를) 비틀다",https://quizlet.com/kr/1208395445/%EA%B1%B0%EB%A7%8C%EC%96%B4-100-day-30-flash-cards
d30-092,30,wrought,"형체를 갖춘, (잘) 만들어진",https://quizlet.com/kr/1208395445/%EA%B1%B0%EB%A7%8C%EC%96%B4-100-day-30-flash-cards
d30-093,30,wry,"1. 비뚤어진, 구부러진
2. (역설성을 드러내며) 비꼬는, 풍자적인",https://quizlet.com/kr/1208395445/%EA%B1%B0%EB%A7%8C%EC%96%B4-100-day-30-flash-cards
d30-094,30,xenophobic,"외국인 혐오의, 외국인 공포의",https://quizlet.com/kr/1208395445/%EA%B1%B0%EB%A7%8C%EC%96%B4-100-day-30-flash-cards
d30-095,30,yielding,"유순한, 순종적인, 고분고분한",https://quizlet.com/kr/1208395445/%EA%B1%B0%EB%A7%8C%EC%96%B4-100-day-30-flash-cards
d30-096,30,zealous,"(정치, 종교 등에 대하여) 열심인, 열렬한
staunch",https://quizlet.com/kr/1208395445/%EA%B1%B0%EB%A7%8C%EC%96%B4-100-day-30-flash-cards
d30-097,30,zealot,"광신도, 열광자 extremist",https://quizlet.com/kr/1208395445/%EA%B1%B0%EB%A7%8C%EC%96%B4-100-day-30-flash-cards
d30-098,30,zenith,"정점, 절정, 천정점",https://quizlet.com/kr/1208395445/%EA%B1%B0%EB%A7%8C%EC%96%B4-100-day-30-flash-cards
d30-099,30,zest,"1. 기분좋은 자극, 풍미 piquancy, savor
2. 열정, 에너지 gusto, vigor",https://quizlet.com/kr/1208395445/%EA%B1%B0%EB%A7%8C%EC%96%B4-100-day-30-flash-cards
d30-100,30,zinger,"재치있는 말, 재미있는 말",https://quizlet.com/kr/1208395445/%EA%B1%B0%EB%A7%8C%EC%96%B4-100-day-30-flash-cards
